StartTime,StartDate,Animal,VO2,SD_VO2,VCO2,SD_VCO2,Deg_C,delta_O2,deltaCO2,deltaH2O,BP,H2O_WVP,CO2,SS4_FR,H2Oml,SD_H2Oml,H2Omg,SD_H2Omg
11:43:46,8/21/20,5.83E-02,0.6968822,0.0227299,0.6077978,3.03E-02,32.92967,3.93E-04,3.52E-04,2.50E-03,100.5809,0.9157782,8.50E-02,1740.981,4.346186,4.42E-02,3.607334,3.67E-02
11:51:46,8/21/20,5.83E-02,0.9377769,3.50E-02,0.7469733,4.32E-02,32.90162,5.19E-04,4.32E-04,2.71E-03,100.5758,0.9250604,0.0906909,1745.27,4.718128,0.0942745,3.916046,7.82E-02
12:27:46,8/21/20,5.83E-02,0.4652184,4.74E-02,0.4726063,5.00E-02,32.81172,2.69E-04,2.73E-04,2.53E-03,100.5529,0.8927934,7.31E-02,1749.231,4.409302,6.99E-02,3.65972,0.0580394
12:43:46,8/21/20,5.83E-02,0.1418782,2.07E-02,0.1366336,1.40E-02,32.88993,8.11E-05,7.87E-05,2.25E-03,100.5528,0.8645734,0.0539244,1750.871,3.933988,0.4107761,3.26521,0.3409441
13:23:46,8/21/20,5.83E-02,0.2451758,1.75E-02,0.2546691,8.35E-03,32.81229,1.42E-04,1.47E-04,2.11E-03,100.545,0.8467948,6.04E-02,1751.705,3.682056,3.35E-02,3.056107,2.78E-02
13:47:46,8/21/20,5.83E-02,0.2622288,1.64E-02,0.251636,9.12E-03,32.93137,1.50E-04,1.45E-04,2.04E-03,100.5657,0.8332055,6.04E-02,1753.268,3.572965,7.61E-02,2.96556,0.063164
14:11:46,8/21/20,5.83E-02,0.2756861,1.96E-02,0.2625059,8.82E-03,32.94682,1.57E-04,1.51E-04,1.96E-03,100.5949,0.8294631,6.09E-02,1757.481,3.445507,2.59E-02,2.859771,2.15E-02
14:43:46,8/21/20,5.83E-02,0.2822494,2.23E-02,0.262127,1.06E-02,32.91887,1.59E-04,1.50E-04,2.08E-03,100.6505,0.8518971,6.03E-02,1761.815,3.656168,0.0364792,3.034619,3.03E-02
15:13:47,8/21/20,5.83E-02,0.6968828,2.27E-02,0.6077978,3.03E-02,32.92967,3.93E-04,3.52E-04,2.50E-03,100.5809,0.9157782,8.50E-02,1740.981,4.346186,4.42E-02,3.607334,3.67E-02
15:21:47,8/21/20,5.83E-02,0.9377769,3.50E-02,0.7469732,4.32E-02,32.90162,5.19E-04,4.32E-04,2.71E-03,100.5758,0.9250604,0.0906909,1745.27,4.718128,0.0942745,3.916046,7.82E-02
15:57:47,8/21/20,5.83E-02,0.4652184,4.74E-02,0.4726063,5.00E-02,32.81172,2.69E-04,2.73E-04,2.53E-03,100.5529,0.8927934,7.31E-02,1749.231,4.409302,6.99E-02,3.65972,0.0580394
16:13:47,8/21/20,5.83E-02,0.1418782,2.07E-02,0.1366336,1.40E-02,32.88993,8.11E-05,7.87E-05,2.25E-03,100.5528,0.8645734,0.0539244,1750.871,3.933988,0.4107761,3.26521,0.3409441
16:53:47,8/21/20,5.83E-02,0.2451758,1.75E-02,0.2546691,8.35E-03,32.81229,1.42E-04,1.47E-04,2.11E-03,100.545,0.8467948,6.04E-02,1751.705,3.682056,3.35E-02,3.056107,2.78E-02
17:17:47,8/21/20,5.83E-02,0.2622288,1.64E-02,0.251636,9.12E-03,32.93137,1.50E-04,1.45E-04,2.04E-03,100.5657,0.8332055,6.04E-02,1753.268,3.572964,7.61E-02,2.96556,6.32E-02
17:41:47,8/21/20,5.83E-02,0.2756861,1.96E-02,0.2625059,8.82E-03,32.94682,1.57E-04,1.51E-04,1.96E-03,100.5949,0.8294631,6.09E-02,1757.481,3.445507,2.59E-02,2.859771,2.15E-02
18:13:47,8/21/20,5.83E-02,0.2716153,2.21E-02,0.2479752,1.04E-02,32.91887,1.53E-04,1.42E-04,2.06E-03,100.6505,0.8518971,6.03E-02,1761.815,3.621752,3.57E-02,3.006054,0.0296275
18:43:48,8/21/20,5.83E-02,0.416022,7.33E-02,0.3823682,8.25E-02,32.7982,2.34E-04,2.19E-04,2.04E-03,100.6848,0.8450579,6.76E-02,1761.562,3.588736,0.1566409,2.978651,0.1300119
18:51:48,8/21/20,5.83E-02,0.5990235,6.83E-02,0.5734376,5.67E-02,32.95562,3.40E-04,3.28E-04,2.21E-03,100.7364,0.8592793,7.83E-02,1763.195,3.886495,4.61E-02,3.225791,3.82E-02
19:27:48,8/21/20,5.83E-02,0.3115105,1.90E-02,0.2760888,8.41E-03,32.8085,1.74E-04,1.58E-04,2.29E-03,100.7502,0.8653148,6.19E-02,1764.371,4.023907,2.56E-02,3.339843,2.13E-02
19:43:48,8/21/20,5.83E-02,0.3540101,2.06E-02,0.3153973,1.17E-02,32.94963,1.98E-04,1.80E-04,2.13E-03,100.7547,0.8519264,6.45E-02,1763.045,3.73879,3.53E-02,3.103196,2.93E-02
20:23:48,8/21/20,5.83E-02,0.6374956,4.22E-02,0.5948507,4.41E-02,30.15092,3.59E-04,3.40E-04,2.14E-03,100.7508,0.8774452,8.15E-02,1765.84,3.779211,2.77E-02,3.136745,0.023021
20:47:48,8/21/20,5.83E-02,0.7337094,0.0290207,0.6546274,2.09E-02,25.9448,4.10E-04,3.74E-04,1.22E-03,100.7664,0.8930402,8.58E-02,1766.17,2.154111,0.0354904,1.787912,2.95E-02
21:11:48,8/21/20,5.83E-02,0.8238878,1.01E-02,0.6893877,1.58E-02,21.6752,4.54E-04,3.93E-04,5.15E-04,100.8056,0.8732554,8.80E-02,1767.182,0.9102671,1.43E-02,0.7555216,1.19E-02
21:43:48,8/21/20,5.83E-02,0.9151134,3.48E-02,0.7834812,2.28E-02,20.1422,5.07E-04,4.47E-04,7.43E-04,100.8068,0.8421125,9.41E-02,1765.467,1.310494,3.26E-02,1.08771,2.70E-02
22:13:49,8/21/20,5.83E-02,1.142712,1.97E-02,0.9824713,1.70E-02,21.6465,6.34E-04,5.61E-04,1.03E-03,100.8248,0.850903,0.1061801,1765.524,1.822862,2.49E-02,1.512975,2.07E-02
22:21:49,8/21/20,5.83E-02,1.115398,3.20E-02,0.9350662,2.49E-02,21.29387,6.16E-04,5.34E-04,1.14E-03,100.8354,0.8702033,0.1036879,1765.88,2.006301,2.59E-02,1.66523,2.15E-02
22:57:49,8/21/20,5.83E-02,1.170753,4.60E-02,1.017724,2.88E-02,21.26,6.52E-04,5.82E-04,1.34E-03,100.841,0.8846508,0.1075451,1763.04,2.35612,2.41E-02,1.955579,2.00E-02
23:13:49,8/21/20,5.83E-02,1.069242,5.55E-02,0.9586584,2.41E-02,21.85629,5.98E-04,5.48E-04,1.39E-03,100.8646,0.8958308,0.1037265,1764.724,2.445544,2.44E-02,2.029801,2.02E-02
23:53:49,8/21/20,5.83E-02,1.043,3.31E-02,0.9597594,2.94E-02,21.92902,5.86E-04,5.48E-04,1.46E-03,100.8819,0.9042964,0.1049902,1766.633,2.570786,2.71E-02,2.133752,2.25E-02
0:17:49,8/22/20,5.83E-02,0.9954237,7.02E-02,0.8217481,4.49E-02,22.006,5.49E-04,4.70E-04,1.48E-03,100.877,0.8983597,9.77E-02,1762.75,2.611254,5.25E-02,2.167341,4.36E-02
0:41:49,8/22/20,5.83E-02,0.8695629,4.44E-02,0.7224753,4.51E-02,22.15908,4.80E-04,4.14E-04,1.57E-03,100.8823,0.9111051,9.30E-02,1762.582,2.75479,1.75E-02,2.286475,1.45E-02
1:13:49,8/22/20,5.83E-02,0.8290482,2.52E-02,0.689604,2.29E-02,22.18125,4.58E-04,3.95E-04,1.54E-03,100.8812,0.9135951,9.14E-02,1763.398,2.718187,2.74E-02,2.256095,2.28E-02
1:43:50,8/22/20,5.83E-02,0.8654575,8.37E-02,0.7106831,4.69E-02,22.14268,4.77E-04,4.07E-04,1.55E-03,100.8868,0.9053494,9.33E-02,1760.616,2.732901,1.99E-02,2.268307,1.65E-02
1:51:50,8/22/20,5.83E-02,0.9683875,9.27E-02,0.753989,3.78E-02,22.20545,5.29E-04,4.32E-04,1.56E-03,100.8862,0.9079721,9.58E-02,1760.695,2.74119,9.07E-02,2.275188,7.53E-02
2:27:50,8/22/20,5.83E-02,0.8522618,4.08E-02,0.6605353,3.39E-02,22.15625,4.66E-04,3.79E-04,1.50E-03,100.9096,0.9010512,9.13E-02,1758.195,2.635494,3.93E-02,2.18746,3.27E-02
2:43:50,8/22/20,5.83E-02,0.9496306,4.66E-02,0.8056442,3.15E-02,22.19795,5.28E-04,4.62E-04,1.55E-03,100.899,0.9082291,9.94E-02,1757.969,2.724546,2.87E-02,2.261373,2.38E-02
3:23:50,8/22/20,5.83E-02,0.9730521,5.07E-02,0.7879847,3.48E-02,22.21562,5.37E-04,4.53E-04,1.57E-03,100.8848,0.906279,9.89E-02,1755.588,2.751103,4.53E-02,2.283415,3.76E-02
3:47:50,8/22/20,5.83E-02,0.9276178,5.72E-02,0.7846287,0.0378351,22.10369,5.15E-04,4.50E-04,1.53E-03,100.9018,0.8982751,9.87E-02,1758.664,2.683089,1.89E-02,2.226964,1.57E-02
4:11:50,8/22/20,5.83E-02,0.8672584,2.81E-02,0.7590057,2.67E-02,22.18362,4.85E-04,4.36E-04,1.52E-03,100.9002,0.901643,9.74E-02,1757.763,2.673817,3.07E-02,2.219268,2.55E-02
4:43:50,8/22/20,5.83E-02,0.983043,5.97E-02,0.8007451,5.13E-02,22.1259,5.42E-04,4.59E-04,1.50E-03,100.9428,0.9017477,0.1001193,1759.937,2.627711,4.30E-02,2.181,3.57E-02
5:13:51,8/22/20,5.83E-02,0.7628015,5.23E-02,0.6653396,3.64E-02,22.16158,4.26E-04,3.82E-04,1.50E-03,100.9407,0.8989449,9.21E-02,1756.997,2.623957,3.69E-02,2.177884,3.07E-02
5:21:51,8/22/20,5.83E-02,0.8817425,3.51E-02,0.7388396,0.0277055,22.13815,4.89E-04,4.24E-04,1.49E-03,100.9488,0.8988135,9.63E-02,1756.01,2.606741,2.20E-02,2.163595,1.83E-02
5:57:51,8/22/20,5.83E-02,0.7735842,2.61E-02,0.6740979,2.01E-02,22.17533,4.32E-04,3.87E-04,1.53E-03,100.9802,0.898045,9.22E-02,1756.262,2.683747,3.25E-02,2.22751,2.70E-02
6:13:51,8/22/20,5.83E-02,0.9827517,6.38E-02,0.7955998,5.56E-02,22.18845,5.41E-04,4.56E-04,1.56E-03,100.9887,0.9020323,9.86E-02,1760.012,2.737915,3.32E-02,2.272469,2.76E-02
6:53:51,8/22/20,5.83E-02,0.6716419,1.39E-02,0.5639491,1.40E-02,24.68294,3.72E-04,3.23E-04,1.75E-03,100.9994,0.93993,0.0844527,1761.594,3.080223,4.14E-02,2.556585,3.44E-02
7:17:51,8/22/20,5.83E-02,0.4350742,2.18E-02,0.3594036,1.69E-02,26.08228,2.40E-04,2.06E-04,1.86E-03,100.9861,0.953887,7.21E-02,1760.268,3.273871,3.52E-02,2.717313,2.92E-02
7:41:51,8/22/20,5.83E-02,0.3722119,0.0179981,0.3170128,9.61E-03,27.6666,2.07E-04,1.82E-04,2.02E-03,100.9949,0.9716226,6.96E-02,1761.049,3.542666,4.12E-02,2.940413,3.42E-02
8:13:51,8/22/20,5.83E-02,0.3306098,1.33E-02,0.2709722,1.25E-02,29.66343,1.83E-04,1.55E-04,2.37E-03,100.9933,0.9949448,6.60E-02,1760.119,4.161593,3.52E-02,3.454122,2.92E-02
8:43:52,8/22/20,5.83E-02,0.2271401,1.56E-02,0.2198239,7.54E-03,31.57413,1.29E-04,1.26E-04,2.73E-03,100.9897,1.007145,6.04E-02,1760.772,4.795816,0.0596655,3.980527,4.95E-02
8:51:52,8/22/20,5.83E-02,0.1990339,1.98E-02,0.1998373,8.47E-03,32.0567,1.15E-04,1.15E-04,2.81E-03,100.9903,1.005785,5.91E-02,1756.92,4.931441,4.41E-02,4.093096,3.66E-02
9:27:52,8/22/20,5.83E-02,0.2523119,1.64E-02,0.2440195,9.16E-03,32.96698,1.44E-04,1.40E-04,3.30E-03,101.0078,1.001922,6.10E-02,1758.628,5.784427,5.28E-02,4.801075,4.38E-02
9:43:52,8/22/20,5.83E-02,0.2239394,2.15E-02,0.2273087,7.40E-03,33.01928,1.29E-04,1.30E-04,3.21E-03,101.0075,0.9863465,5.96E-02,1760.309,5.638111,5.32E-02,4.679632,4.41E-02
10:23:52,8/22/20,5.83E-02,0.1748563,2.03E-02,0.1994735,7.22E-03,32.93713,1.03E-04,1.14E-04,2.95E-03,101.0506,0.9519046,5.78E-02,1765.572,5.192659,7.85E-02,4.309907,6.52E-02
10:47:52,8/22/20,5.83E-02,0.2524502,2.28E-02,0.2233376,1.85E-02,32.97049,1.41E-04,1.28E-04,2.78E-03,101.0748,0.9307297,5.93E-02,1765.718,4.887947,5.46E-02,4.056996,4.53E-02
11:11:52,8/22/20,5.83E-02,0.253627,0.0126569,0.2495482,1.13E-02,32.9957,1.44E-04,1.43E-04,2.80E-03,101.0925,0.9361925,6.08E-02,1767.255,4.935576,3.03E-02,4.096528,2.51E-02
11:43:52,8/22/20,5.83E-02,0.2544843,2.15E-02,0.2564313,1.06E-02,33.01187,1.46E-04,1.47E-04,2.65E-03,101.0761,0.9237862,6.05E-02,1764.557,4.667513,0.1202955,3.874036,9.98E-02
12:13:53,8/22/20,5.83E-02,0.2275984,2.32E-02,0.2205781,1.16E-02,32.92232,1.29E-04,1.26E-04,2.50E-03,101.0555,0.9062017,5.86E-02,1764.024,4.400591,0.0332648,3.652491,2.76E-02
12:21:53,8/22/20,5.83E-02,0.2508826,0.0522833,0.2652695,1.86E-02,32.92519,1.45E-04,1.51E-04,2.56E-03,101.0384,0.913655,6.12E-02,1769.035,4.52019,0.2689589,3.751757,0.2232359
12:57:53,8/22/20,5.83E-02,0.2714018,2.06E-02,0.2556645,8.91E-03,32.97039,1.53E-04,1.46E-04,2.46E-03,100.9814,0.9099702,6.10E-02,1768.826,4.337336,3.49E-02,3.599989,2.90E-02
13:13:53,8/22/20,5.83E-02,0.2072085,0.0128965,0.213638,9.31E-03,32.91292,1.19E-04,1.22E-04,2.48E-03,100.9668,0.9145108,5.83E-02,1764.429,4.362776,3.24E-02,3.621104,2.69E-02
13:53:53,8/22/20,5.83E-02,0.2427197,0.0136019,0.243827,9.36E-03,32.90205,1.39E-04,1.39E-04,2.38E-03,100.9465,0.9048824,6.08E-02,1766.23,4.187263,2.34E-02,3.475428,1.95E-02
14:17:53,8/22/20,5.83E-02,0.2547042,1.26E-02,0.252158,1.07E-02,32.89675,1.45E-04,1.44E-04,2.37E-03,100.9053,0.9011928,6.04E-02,1762.706,4.169134,0.0399122,3.460381,3.31E-02
14:41:53,8/22/20,5.83E-02,0.209924,2.94E-02,0.2288193,1.04E-02,32.84048,1.22E-04,1.31E-04,2.32E-03,100.8813,0.895058,5.93E-02,1764.122,4.076418,3.66E-02,3.383427,3.04E-02
15:13:53,8/22/20,5.83E-02,0.284812,1.57E-02,0.2685156,0.0121138,32.93579,1.61E-04,1.53E-04,2.30E-03,100.8823,0.8989003,6.16E-02,1765.454,4.044209,5.11E-02,3.356693,4.24E-02
15:43:54,8/22/20,5.83E-02,0.2820889,1.94E-02,0.28784,1.35E-02,32.81857,1.62E-04,1.65E-04,2.36E-03,100.8915,0.9047402,0.0628373,1763.582,4.151674,2.64E-02,3.445889,2.19E-02
15:51:54,8/22/20,5.83E-02,0.2490702,0.0224707,0.2487786,8.07E-03,32.9183,1.42E-04,1.42E-04,2.25E-03,100.8977,0.893199,6.06E-02,1763.786,3.95771,3.02E-02,3.284899,2.51E-02
16:27:54,8/22/20,5.83E-02,0.2378753,2.27E-02,0.2305303,8.94E-03,32.8928,1.35E-04,1.32E-04,2.14E-03,101.009,0.8666145,5.97E-02,1767.602,3.772199,0.1671658,3.130925,0.1387476
16:43:54,8/22/20,5.83E-02,0.3032593,1.48E-02,0.2963477,1.26E-02,32.96064,1.72E-04,1.69E-04,2.65E-03,101.02,0.9231768,6.33E-02,1770.096,4.681196,2.28E-02,3.885392,1.90E-02
17:23:54,8/22/20,5.83E-02,0.2311308,2.12E-02,0.2459882,0.0109588,32.93119,1.34E-04,1.40E-04,2.37E-03,101.0265,0.8904936,6.04E-02,1769.42,4.183396,3.52E-02,3.472219,2.92E-02
17:47:54,8/22/20,5.83E-02,0.2699521,2.25E-02,0.2372888,2.08E-02,32.84119,1.50E-04,1.35E-04,2.25E-03,101.0287,0.8705354,5.97E-02,1772.858,3.971941,0.1260557,3.29671,0.1046262
18:11:54,8/22/20,5.83E-02,0.2878466,1.69E-02,0.2685485,9.99E-03,32.82669,1.62E-04,1.53E-04,2.12E-03,101.039,0.8627607,6.15E-02,1769.817,3.742692,0.0334478,3.106434,2.78E-02
18:43:54,8/22/20,5.83E-02,0.2216607,1.21E-02,0.2282396,1.71E-02,32.82922,1.27E-04,1.30E-04,1.91E-03,101.0667,0.8363081,5.92E-02,1771.423,3.372508,3.62E-02,2.799181,3.00E-02
19:13:55,8/22/20,5.83E-02,0.2998004,1.68E-02,0.3040984,9.56E-03,32.87105,1.71E-04,1.73E-04,1.86E-03,101.1012,0.8298813,6.34E-02,1773.166,3.29253,4.40E-02,2.7328,3.65E-02
19:21:55,8/22/20,5.83E-02,0.2431449,0.0151225,0.2780143,0.014845,32.80524,1.42E-04,1.58E-04,0.0018204,101.1176,0.8284847,6.21E-02,1773.301,3.222197,3.46E-02,2.674424,2.87E-02
19:57:55,8/22/20,5.83E-02,0.3676338,0.0147714,0.3430157,9.60E-03,32.80524,2.06E-04,1.95E-04,1.94E-03,101.1489,0.8370834,6.64E-02,1775.386,3.444926,2.42E-02,2.859288,2.01E-02
20:13:55,8/22/20,5.83E-02,0.3309999,2.22E-02,0.3337713,3.50E-02,32.31027,1.88E-04,1.90E-04,1.91E-03,101.1558,0.84007,6.68E-02,1775.627,3.383684,5.99E-02,2.808458,4.97E-02
20:53:55,8/22/20,5.83E-02,0.8013916,2.35E-02,0.704136,2.69E-02,24.76277,4.43E-04,4.00E-04,8.38E-04,101.2,0.88532,8.88E-02,1777.128,1.488761,2.36E-02,1.235671,1.96E-02
21:17:55,8/22/20,5.83E-02,0.8782064,4.30E-02,0.773482,2.15E-02,21.72858,4.86E-04,4.39E-04,2.65E-04,101.2298,0.8718736,9.27E-02,1776.991,0.4705875,2.67E-02,0.3905876,2.22E-02
21:41:55,8/22/20,5.83E-02,0.9304439,4.12E-02,0.8306165,2.10E-02,20.80267,5.16E-04,4.71E-04,5.37E-04,101.2119,0.8517181,0.0963119,1776.966,0.9542232,2.42E-02,0.7920052,2.01E-02
22:13:55,8/22/20,5.83E-02,1.015836,0.0249265,0.8966435,1.88E-02,20.3188,5.62E-04,5.09E-04,8.27E-04,101.2456,0.8378477,0.100564,1776.646,1.468147,1.69E-02,1.218562,1.40E-02
22:43:56,8/22/20,5.83E-02,1.097484,2.61E-02,0.9631729,1.90E-02,21.45017,6.08E-04,5.47E-04,1.06E-03,101.2737,0.8730702,0.1046464,1775.009,1.884802,0.019881,1.564386,1.65E-02
22:51:56,8/22/20,5.83E-02,1.116515,0.0506117,0.9898171,0.0327517,21.18292,6.20E-04,5.63E-04,1.12E-03,101.277,0.8769748,0.1060355,1774.719,1.979574,3.09E-02,1.643046,2.56E-02
23:27:56,8/22/20,5.83E-02,1.184251,1.71E-02,1.021822,2.32E-02,21.77979,6.54E-04,5.81E-04,1.28E-03,101.2757,0.8847674,0.1084285,1773.064,2.262966,2.08E-02,1.878261,1.73E-02
23:43:56,8/22/20,5.83E-02,1.041912,3.77E-02,0.9343895,3.78E-02,21.66723,5.80E-04,5.32E-04,1.29E-03,101.2689,0.8876128,0.1038211,1773.36,2.277849,2.57E-02,1.890615,2.13E-02
0:23:56,8/23/20,5.83E-02,0.9778847,5.70E-02,0.8476565,3.21E-02,21.95597,5.41E-04,4.83E-04,1.36E-03,101.2715,0.8886927,9.96E-02,1771.383,2.410687,2.38E-02,2.00087,1.98E-02
0:47:56,8/23/20,5.83E-02,0.9971314,3.13E-02,0.8595478,2.15E-02,22.10814,5.52E-04,4.90E-04,1.46E-03,101.2739,0.8953453,0.1007994,1769.945,2.574378,2.66E-02,2.136734,2.21E-02
1:11:56,8/23/20,5.83E-02,0.8581647,3.74E-02,0.7549075,2.07E-02,22.10145,4.76E-04,4.30E-04,1.43E-03,101.2826,0.8981513,9.49E-02,1771.391,2.524625,1.60E-02,2.095439,1.33E-02
1:43:56,8/23/20,5.83E-02,0.9093371,5.76E-02,0.8004143,3.42E-02,22.13542,5.06E-04,4.56E-04,1.41E-03,101.292,0.8952906,9.70E-02,1769.103,2.48275,4.52E-02,2.060682,3.75E-02
2:13:57,8/23/20,5.83E-02,0.9501005,3.27E-02,0.8429732,2.27E-02,22.18945,5.29E-04,4.81E-04,1.47E-03,101.3168,0.9032079,0.1003466,1768.555,2.596551,0.022746,2.155137,1.89E-02
2:21:57,8/23/20,5.83E-02,0.9769714,1.58E-02,0.8401964,1.71E-02,22.13522,5.41E-04,4.79E-04,1.51E-03,101.3196,0.9049003,9.98E-02,1769.961,2.660448,3.16E-02,2.208171,2.63E-02
2:57:57,8/23/20,5.83E-02,0.9903613,3.36E-02,0.8269256,3.27E-02,22.11493,5.45E-04,4.71E-04,1.43E-03,101.3069,0.893145,9.91E-02,1770.98,2.534643,2.72E-02,2.103754,2.26E-02
3:13:57,8/23/20,5.83E-02,0.9263016,5.03E-02,0.8112465,3.60E-02,22.16233,5.15E-04,4.63E-04,1.47E-03,101.3068,0.8984317,9.89E-02,1768.539,2.590363,0.0240379,2.150001,2.00E-02
3:53:57,8/23/20,5.83E-02,0.9276733,3.95E-02,0.8190618,2.35E-02,22.13435,5.17E-04,4.68E-04,1.45E-03,101.3074,0.8963156,0.1002655,1765.02,2.555259,2.12E-02,2.120865,1.76E-02
4:17:57,8/23/20,5.83E-02,0.8919536,2.53E-02,0.7725517,2.63E-02,22.1395,4.95E-04,4.41E-04,1.48E-03,101.3359,0.9070805,9.83E-02,1768.27,2.619444,2.18E-02,2.174139,1.81E-02
4:41:57,8/23/20,5.83E-02,0.890301,2.49E-02,0.7764384,1.92E-02,22.12245,4.94E-04,4.43E-04,1.53E-03,101.3523,0.9070981,9.86E-02,1769.718,2.71141,3.15E-02,2.25047,2.61E-02
5:13:57,8/23/20,5.83E-02,0.8528778,9.09E-02,0.7662162,6.11E-02,22.14945,4.76E-04,4.37E-04,1.53E-03,101.3686,0.9088218,9.84E-02,1769.157,2.703777,3.45E-02,2.244135,2.87E-02
5:43:58,8/23/20,5.83E-02,0.8967046,3.11E-02,0.8067116,2.20E-02,22.10022,5.00E-04,4.60E-04,1.52E-03,101.3818,0.9048542,0.1002557,1770.268,2.684263,2.98E-02,2.227938,2.48E-02
5:51:58,8/23/20,5.83E-02,0.9250681,4.07E-02,0.8462776,1.92E-02,22.15217,5.18E-04,4.83E-04,1.56E-03,101.3864,0.9133639,0.1028303,1769.093,2.756704,3.62E-02,2.288064,3.00E-02
6:27:58,8/23/20,5.83E-02,0.8080275,1.52E-02,0.6884974,1.46E-02,23.25125,4.46E-04,3.92E-04,1.61E-03,101.4287,0.9156529,9.34E-02,1771.456,2.853594,2.20E-02,2.368483,1.83E-02
6:43:58,8/23/20,5.83E-02,0.6035439,2.17E-02,0.5153999,1.01E-02,24.0862,3.33E-04,2.94E-04,1.58E-03,101.4435,0.9243384,8.36E-02,1771.023,2.788099,3.34E-02,2.314122,2.77E-02
7:23:58,8/23/20,5.83E-02,0.5690144,3.60E-02,0.515025,2.29E-02,26.4947,3.18E-04,2.94E-04,1.80E-03,101.4749,0.9573174,8.24E-02,1771.051,3.177858,2.34E-02,2.637622,1.94E-02
7:47:58,8/23/20,5.83E-02,0.3234712,1.25E-02,0.314545,1.07E-02,28.02389,1.83E-04,1.79E-04,1.98E-03,101.4806,0.9645314,6.94E-02,1770.026,3.500081,3.13E-02,2.905067,0.0260131
8:11:58,8/23/20,5.83E-02,0.3620258,1.40E-02,0.3261911,1.20E-02,29.61,2.02E-04,1.86E-04,2.21E-03,101.4655,0.9798345,0.0695112,1767.869,3.890238,4.52E-02,3.228898,3.75E-02
8:43:58,8/23/20,5.83E-02,0.229851,1.37E-02,0.231257,8.76E-03,31.5831,1.31E-04,1.32E-04,2.57E-03,101.4563,0.9940255,6.33E-02,1767.881,4.535716,4.46E-02,3.764644,3.70E-02
9:13:59,8/23/20,5.83E-02,0.2056672,1.80E-02,0.2363698,1.03E-02,33.48407,1.21E-04,1.35E-04,3.10E-03,101.4561,1.008524,6.18E-02,1770.992,5.472732,0.0584625,4.542367,0.0485238
9:21:59,8/23/20,5.83E-02,0.3223641,3.05E-02,0.3650223,4.49E-02,33.46472,1.89E-04,2.08E-04,3.33E-03,101.4587,1.021955,0.0686722,1771.122,5.877255,2.91E-02,4.878121,2.41E-02
9:57:59,8/23/20,5.83E-02,0.2147094,1.16E-02,0.2541714,1.04E-02,32.97049,1.27E-04,1.45E-04,3.15E-03,101.4756,0.9916621,6.19E-02,1773.895,5.576536,6.23E-02,4.628525,5.17E-02
10:13:59,8/23/20,5.83E-02,0.1870132,1.41E-02,0.2361223,8.44E-03,32.84745,1.12E-04,1.34E-04,3.10E-03,101.4651,0.9863691,6.06E-02,1773.421,5.474598,0.0690126,4.543917,5.73E-02
10:53:59,8/23/20,5.83E-02,0.310057,0.0143054,0.3303629,1.13E-02,33.01752,1.79E-04,1.88E-04,2.91E-03,101.4631,0.9683936,0.0653368,1775.786,5.149571,9.26E-02,4.274144,7.68E-02
11:17:59,8/23/20,5.83E-02,0.4759205,1.46E-02,0.4437341,1.30E-02,33.02962,2.67E-04,2.52E-04,2.92E-03,101.458,0.9709057,7.23E-02,1774.57,5.162564,7.20E-02,4.284928,5.98E-02
11:41:59,8/23/20,5.83E-02,0.2380891,0.021593,0.2668975,2.56E-02,32.80895,1.39E-04,1.52E-04,2.88E-03,101.4243,0.9743032,6.18E-02,1775.382,5.094018,4.46E-02,4.228034,3.70E-02
12:13:59,8/23/20,5.83E-02,1.11E-03,6.20E-02,3.21E-02,0.0183785,32.91432,4.31E-06,1.83E-05,2.74E-03,101.3808,0.9658117,0.0481049,1773.034,4.838363,7.03E-02,4.015841,0.0583794
12:44:00,8/23/20,5.83E-02,0.2726545,5.65E-02,0.2678534,4.01E-02,32.81415,1.55E-04,1.52E-04,2.67E-03,101.3369,0.9716507,6.16E-02,1774.392,4.726085,5.77E-02,3.92265,4.79E-02
12:52:00,8/23/20,5.83E-02,0.2455598,0.0204684,0.2830342,2.43E-02,32.91373,1.44E-04,1.61E-04,2.63E-03,101.3322,0.9656485,0.0621812,1775.454,4.661283,3.03E-02,3.868865,2.52E-02
13:28:00,8/23/20,5.83E-02,0.2354675,1.20E-02,0.2394119,1.11E-02,32.96567,1.34E-04,1.36E-04,2.45E-03,101.3093,0.9506465,5.96E-02,1777.102,4.342145,3.09E-02,3.603981,2.57E-02
13:44:00,8/23/20,5.83E-02,0.2958584,2.55E-02,0.3307793,1.53E-02,32.88362,1.72E-04,1.88E-04,2.52E-03,101.2861,0.9691964,6.47E-02,1776.143,4.457501,2.78E-02,3.699726,2.31E-02
14:24:00,8/23/20,5.83E-02,0.3113087,3.81E-02,0.3254828,3.16E-02,32.88435,1.79E-04,1.85E-04,2.33E-03,101.2439,0.9509887,6.46E-02,1776.672,4.122139,3.93E-02,3.421376,3.27E-02
14:48:00,8/23/20,5.83E-02,0.4804191,3.68E-02,0.4638021,5.11E-02,32.88967,2.72E-04,2.64E-04,2.40E-03,101.197,0.9446263,7.23E-02,1772.15,4.236423,0.2319274,3.516231,0.1924997
15:12:00,8/23/20,5.83E-02,0.4697438,2.79E-02,0.4817232,1.41E-02,32.89878,2.68E-04,2.74E-04,2.44E-03,101.2507,0.9382159,7.33E-02,1777.176,4.333427,4.48E-02,3.596745,3.72E-02
15:44:00,8/23/20,5.83E-02,0.264051,2.69E-02,0.2660865,1.03E-02,32.72557,1.50E-04,1.51E-04,2.27E-03,101.2952,0.9288918,6.16E-02,1776.796,4.026273,2.72E-02,3.341807,2.26E-02
16:14:01,8/23/20,5.83E-02,0.3243049,1.54E-02,0.3316862,1.26E-02,32.77562,1.85E-04,1.89E-04,2.24E-03,101.2443,0.8957998,6.54E-02,1774.423,3.971598,3.04E-02,3.296427,2.52E-02
16:22:01,8/23/20,5.83E-02,0.2800702,2.18E-02,0.2974045,0.0205521,32.89444,1.61E-04,1.69E-04,2.23E-03,101.2601,0.8973172,6.36E-02,1777.143,3.949017,2.21E-02,3.277684,1.84E-02
16:58:01,8/23/20,5.83E-02,0.2255485,2.14E-02,0.2532553,7.39E-03,32.77007,1.31E-04,1.44E-04,2.06E-03,101.2819,0.8797027,6.14E-02,1776.056,3.648166,3.25E-02,3.027977,2.70E-02
17:14:01,8/23/20,5.83E-02,0.2414118,2.27E-02,0.2596915,1.11E-02,32.89885,1.39E-04,1.47E-04,2.05E-03,101.2673,0.8755161,6.19E-02,1776.718,3.63132,3.12E-02,3.013995,2.59E-02
17:54:01,8/23/20,5.83E-02,0.28257,1.83E-02,0.314008,1.32E-02,32.76205,1.64E-04,1.79E-04,2.00E-03,101.2586,0.8722214,6.52E-02,1773.28,3.535749,5.44E-02,2.934672,0.045134
18:18:01,8/23/20,5.83E-02,0.3317557,2.35E-02,0.3563237,2.30E-02,32.88497,1.91E-04,2.02E-04,2.16E-03,101.2605,0.8856133,6.74E-02,1775.896,3.823123,2.60E-02,3.173192,2.16E-02
18:42:01,8/23/20,5.83E-02,0.4400841,3.14E-02,0.4597513,0.0306427,32.78505,2.52E-04,2.61E-04,2.45E-03,101.2798,0.9371173,7.46E-02,1775.732,4.346661,2.56E-02,3.607729,2.13E-02
19:14:01,8/23/20,5.83E-02,0.2654453,1.41E-02,0.3079299,8.00E-03,32.84247,1.55E-04,1.75E-04,2.44E-03,101.3143,0.9231725,6.47E-02,1780.884,4.342923,2.30E-02,3.604626,1.91E-02
19:44:02,8/23/20,5.83E-02,0.3181971,1.35E-02,0.3250516,1.11E-02,32.80548,1.81E-04,1.84E-04,2.50E-03,101.3158,0.9190789,6.62E-02,1780.627,4.44201,3.47E-02,3.686868,2.88E-02
19:52:02,8/23/20,5.83E-02,0.2831577,2.40E-02,0.3210962,9.49E-03,32.83017,1.65E-04,1.82E-04,2.54E-03,101.3159,0.9240208,6.61E-02,1778.823,4.505937,4.00E-02,3.739927,3.32E-02
20:28:02,8/23/20,5.83E-02,0.6841806,5.12E-02,0.7073757,0.0254833,29.3342,3.91E-04,4.01E-04,2.41E-03,101.346,0.9505352,8.95E-02,1779.771,4.280404,3.62E-02,3.552735,3.01E-02
20:44:02,8/23/20,5.83E-02,0.7689933,2.56E-02,0.7333056,1.85E-02,26.6517,4.32E-04,4.16E-04,1.72E-03,101.357,0.9620486,9.15E-02,1778.311,3.04518,2.24E-02,2.527499,1.86E-02
21:24:02,8/23/20,5.83E-02,0.8774327,3.61E-02,0.8209617,3.24E-02,21.97653,4.91E-04,4.66E-04,7.48E-04,101.3637,0.936731,9.73E-02,1778.67,1.328716,6.23E-02,1.102834,5.17E-02
21:48:02,8/23/20,5.83E-02,0.9550184,1.23E-02,0.8763822,2.03E-02,21.2249,5.33E-04,4.97E-04,9.93E-04,101.3702,0.9108517,0.100943,1777.5,1.762748,0.0277697,1.463081,2.30E-02
22:12:02,8/23/20,5.83E-02,0.8921258,3.36E-02,0.8145236,1.32E-02,20.92048,4.97E-04,4.62E-04,1.18E-03,101.3749,0.8986776,9.77E-02,1777.458,2.088932,3.36E-02,1.733813,2.79E-02
22:44:02,8/23/20,5.83E-02,1.049317,2.85E-02,0.9634206,2.49E-02,21.6161,5.86E-04,5.47E-04,1.38E-03,101.3629,0.9060593,0.1058121,1776.365,2.450375,4.06E-02,2.033811,0.0337081
23:14:03,8/23/20,5.83E-02,1.177925,6.20E-02,1.054961,4.74E-02,21.3098,6.54E-04,5.99E-04,1.54E-03,101.3268,0.9300759,0.1108048,1777.104,2.73767,4.07E-02,2.272266,3.38E-02
23:22:03,8/23/20,5.83E-02,1.052938,5.72E-02,0.9836698,2.69E-02,21.29122,5.91E-04,5.60E-04,1.57E-03,101.3182,0.9354172,0.1067286,1774.356,2.774582,2.67E-02,2.302903,2.22E-02
23:58:03,8/23/20,5.83E-02,1.081381,2.45E-02,0.9587758,2.43E-02,21.68762,6.01E-04,5.46E-04,1.73E-03,101.2935,0.9487514,0.1049839,1773.889,3.054679,3.74E-02,2.535384,3.10E-02
0:14:03,8/24/20,5.83E-02,1.118711,1.89E-02,0.9924519,2.31E-02,21.7866,6.23E-04,5.66E-04,1.76E-03,101.2779,0.9571598,0.1069565,1770.472,3.103112,0.0214486,2.575583,1.78E-02
0:54:03,8/24/20,5.83E-02,0.9015468,2.39E-02,0.7820426,2.79E-02,22.09572,4.99E-04,4.46E-04,1.82E-03,101.2837,0.9643283,9.49E-02,1771.669,3.211049,3.29E-02,2.665171,2.73E-02
1:18:03,8/24/20,5.83E-02,0.9183307,3.07E-02,0.7860417,0.0214506,22.16003,5.07E-04,4.48E-04,1.88E-03,101.2716,0.964429,9.63E-02,1773.16,3.328193,4.05E-02,2.762401,3.36E-02
1:42:03,8/24/20,5.83E-02,0.9357326,5.95E-02,0.7718779,3.12E-02,22.07747,5.14E-04,4.40E-04,1.89E-03,101.274,0.9662477,9.61E-02,1771.236,3.333253,7.48E-02,2.7666,6.21E-02
2:14:03,8/24/20,5.83E-02,0.8496764,2.38E-02,0.7504863,0.028296,22.10884,4.74E-04,4.29E-04,1.90E-03,101.2435,0.9669845,9.51E-02,1766.329,3.356161,2.19E-02,2.785613,1.81E-02
2:44:04,8/24/20,5.83E-02,0.716021,2.33E-02,0.608226,1.59E-02,22.1234,3.95E-04,3.47E-04,1.78E-03,101.2443,0.9528579,8.75E-02,1771.228,3.140707,2.63E-02,2.606787,2.18E-02
2:52:04,8/24/20,5.83E-02,0.5658992,0.0223552,0.4777312,1.27E-02,22.06142,3.12E-04,2.72E-04,1.72E-03,101.2406,0.9472743,8.10E-02,1771.231,3.048286,0.0235092,2.530077,0.0195126
3:28:04,8/24/20,5.83E-02,0.909986,4.14E-02,0.7760962,0.0306884,22.15079,5.03E-04,4.43E-04,1.83E-03,101.267,0.9553497,9.74E-02,1768.578,3.237258,7.82E-02,2.686924,6.49E-02
3:44:04,8/24/20,5.83E-02,0.9059688,3.82E-02,0.7987812,0.0356857,22.1042,5.04E-04,4.55E-04,1.82E-03,101.2623,0.9560618,9.86E-02,1771.017,3.212188,3.63E-02,2.666116,3.02E-02
4:24:04,8/24/20,5.83E-02,0.8516763,4.18E-02,0.7693644,3.06E-02,22.14997,4.76E-04,4.39E-04,1.81E-03,101.2598,0.94984,9.80E-02,1769.065,3.204654,2.73E-02,2.659863,2.27E-02
4:48:04,8/24/20,5.83E-02,0.8761364,4.17E-02,0.746795,2.52E-02,22.07903,4.85E-04,4.26E-04,1.88E-03,101.2766,0.9518885,0.0973749,1768.368,3.317659,2.71E-02,2.753657,2.25E-02
5:12:04,8/24/20,5.83E-02,0.9201593,2.03E-02,0.8005999,2.66E-02,22.1488,5.11E-04,4.57E-04,1.87E-03,101.2717,0.9496739,0.1002683,1767.634,3.291182,4.05E-02,2.731681,3.36E-02
5:44:04,8/24/20,5.83E-02,0.8664461,0.0203091,0.7961371,1.42E-02,22.11394,4.87E-04,4.55E-04,1.97E-03,101.2775,0.9628379,0.1008396,1767.03,3.479578,3.44E-02,2.88805,2.86E-02
6:14:05,8/24/20,5.83E-02,0.8641491,5.84E-02,0.7757819,4.74E-02,22.18187,4.83E-04,4.43E-04,1.98E-03,101.3034,0.9644036,0.0982509,1768.403,3.495197,2.47E-02,2.901013,2.05E-02
6:22:05,8/24/20,5.83E-02,0.9372658,3.98E-02,0.8219832,2.29E-02,22.85559,5.21E-04,4.69E-04,1.95E-03,101.3012,0.9657867,0.1007963,1768.896,3.439979,3.62E-02,2.855182,3.01E-02
6:58:05,8/24/20,5.83E-02,0.4531219,1.97E-02,0.3921675,1.18E-02,24.87178,2.51E-04,2.24E-04,1.93E-03,101.2962,0.9701359,7.56E-02,1768.49,3.411048,4.56E-02,2.83117,3.78E-02
7:14:05,8/24/20,5.83E-02,0.3589403,7.75E-03,0.342567,1.65E-02,25.94047,2.03E-04,1.96E-04,1.97E-03,101.2804,0.9872047,7.24E-02,1765.226,3.478768,2.99E-02,2.887377,2.48E-02
7:54:05,8/24/20,5.83E-02,0.328626,1.12E-02,0.3062738,9.00E-03,28.46679,1.86E-04,1.76E-04,2.40E-03,101.283,1.02764,6.92E-02,1762.674,4.212517,6.00E-02,3.496389,4.98E-02
8:18:05,8/24/20,5.83E-02,0.2310218,1.55E-02,0.2370379,1.10E-02,30.05317,1.33E-04,1.36E-04,2.62E-03,101.2784,1.034009,6.42E-02,1767.512,4.620358,0.5151482,3.834898,0.427573
8:42:05,8/24/20,5.83E-02,0.1974672,0.0150482,0.2127359,9.54E-03,31.53033,1.15E-04,1.22E-04,2.93E-03,101.2531,1.055764,6.21E-02,1766.742,5.1532,6.74E-02,4.277156,5.59E-02
9:14:05,8/24/20,5.83E-02,0.2902926,9.36E-02,0.3342954,9.69E-02,33.39865,1.71E-04,1.91E-04,3.52E-03,101.2561,1.075925,6.81E-02,1769.337,6.208272,0.7240102,5.152866,0.6009284
9:44:06,8/24/20,5.83E-02,0.2535073,1.45E-02,0.2753484,0.0114819,32.99507,1.47E-04,1.57E-04,3.64E-03,101.2573,1.068633,6.42E-02,1768.59,6.410138,8.32E-02,5.320414,6.91E-02
9:52:06,8/24/20,5.83E-02,0.2876393,1.85E-02,0.3032869,7.86E-03,33.03522,1.66E-04,1.73E-04,3.60E-03,101.2449,1.06515,6.55E-02,1768.591,6.341942,0.1228018,5.263812,0.1019255
10:28:06,8/24/20,5.83E-02,0.2146133,2.70E-02,0.2063537,1.14E-02,32.91035,1.22E-04,1.18E-04,3.37E-03,101.2262,1.04494,5.96E-02,1768.448,5.937457,0.043014,4.928089,3.57E-02
10:44:06,8/24/20,5.83E-02,0.2357396,1.85E-02,0.2646606,1.24E-02,32.96367,1.38E-04,1.51E-04,3.24E-03,101.2203,1.046142,6.26E-02,1769.995,5.708776,5.88E-02,4.738284,4.88E-02
11:24:06,8/24/20,5.83E-02,0.308968,0.0192701,0.2948343,0.0169078,32.95293,1.75E-04,1.68E-04,3.23E-03,101.2146,1.06333,6.44E-02,1768.861,5.69874,5.22E-02,4.729955,0.0433091
11:48:06,8/24/20,5.83E-02,0.1938378,0.012426,0.1919366,8.03E-03,32.8706,1.10E-04,1.10E-04,3.09E-03,101.1885,1.044866,0.0583368,1770.614,5.456246,4.51E-02,4.528684,0.0374398
12:12:06,8/24/20,5.83E-02,0.2822229,2.11E-02,0.2705649,9.69E-03,32.91523,1.60E-04,1.54E-04,2.74E-03,101.169,1.041055,6.71E-02,1770.194,4.838878,5.69E-02,4.016269,4.73E-02
12:44:06,8/24/20,5.83E-02,0.1853037,2.25E-02,0.188786,1.40E-02,32.779,1.06E-04,1.08E-04,2.88E-03,101.1433,1.033792,5.76E-02,1768.487,5.084217,0.2558035,4.2199,0.2123169
13:14:07,8/24/20,5.83E-02,0.15155,1.76E-02,0.1732884,9.23E-03,32.85757,8.91E-05,9.89E-05,2.72E-03,101.0958,0.9588155,5.64E-02,1769.546,4.797569,5.08E-02,3.981982,4.22E-02
13:22:07,8/24/20,5.83E-02,0.1851881,0.016645,0.1977949,7.38E-03,32.77238,1.07E-04,1.13E-04,2.60E-03,101.0851,0.9299994,5.77E-02,1766.962,4.5736,4.77E-02,3.796088,0.0396197
13:58:07,8/24/20,5.83E-02,0.1831336,7.07E-03,0.1985792,1.02E-02,32.8874,1.07E-04,1.14E-04,2.50E-03,101.0168,0.9006709,5.78E-02,1763.451,4.391541,4.60E-02,3.644978,0.0381602
14:14:07,8/24/20,5.83E-02,0.3404946,7.36E-02,0.343138,8.23E-02,32.87352,1.95E-04,1.96E-04,2.49E-03,101.0027,0.9100369,6.62E-02,1762.121,4.376714,9.35E-02,3.632673,7.76E-02
14:54:07,8/24/20,5.83E-02,0.1494244,2.14E-02,0.1818648,1.09E-02,32.87854,8.95E-05,1.04E-04,2.47E-03,100.9399,0.8943079,5.67E-02,1760.512,4.337746,3.44E-02,3.600329,2.85E-02
15:18:07,8/24/20,5.83E-02,0.2224343,1.68E-02,0.2398688,1.03E-02,32.86547,1.30E-04,1.38E-04,2.36E-03,100.9054,0.8770625,6.01E-02,1757.569,4.136158,4.22E-02,3.433011,0.0350538
15:42:07,8/24/20,5.83E-02,0.1936576,1.32E-02,0.212258,1.10E-02,32.8624,1.13E-04,1.22E-04,2.53E-03,100.8894,0.9361994,5.90E-02,1759.905,4.439808,0.047268,3.68504,3.92E-02
16:14:07,8/24/20,5.83E-02,0.2399524,2.07E-02,0.2513223,7.79E-03,32.81437,1.39E-04,1.44E-04,2.54E-03,100.8778,0.9372504,6.16E-02,1757.091,4.459033,2.48E-02,3.700997,2.06E-02
16:44:08,8/24/20,5.83E-02,0.2521475,1.89E-02,0.2623222,1.09E-02,32.9431,1.46E-04,1.50E-04,2.52E-03,100.9251,0.9375305,6.25E-02,1762.306,4.431584,3.83E-02,3.678215,3.18E-02
16:52:08,8/24/20,5.83E-02,0.5573454,1.94E-02,0.5605177,3.13E-02,32.75853,3.20E-04,3.22E-04,2.63E-03,100.9278,0.9485011,7.98E-02,1759.629,4.617451,0.0493395,3.832484,0.0409518
17:28:08,8/24/20,5.83E-02,0.2053519,1.24E-02,0.2148904,9.78E-03,32.81142,1.19E-04,1.23E-04,2.44E-03,100.9052,0.9267094,6.01E-02,1758.671,4.273721,0.0302476,3.547188,0.0251055
17:44:08,8/24/20,5.83E-02,0.2058534,5.55E-02,0.249588,0.0352839,32.83519,1.23E-04,1.43E-04,2.39E-03,100.9153,0.90306,6.12E-02,1759.557,4.202208,4.28E-02,3.487833,3.55E-02
18:24:08,8/24/20,5.83E-02,0.4510219,3.92E-02,0.4545728,1.70E-02,32.7537,2.60E-04,2.61E-04,2.39E-03,100.8754,0.8932557,7.26E-02,1754.646,4.177145,2.70E-02,3.46703,2.24E-02
18:48:08,8/24/20,5.83E-02,0.1056647,2.35E-02,0.116522,1.03E-02,32.83194,6.20E-05,6.69E-05,2.30E-03,100.897,0.8726574,5.35E-02,1755.855,4.027592,0.1877085,3.342901,0.155798
19:12:08,8/24/20,5.83E-02,0.4272468,1.46E-02,0.4453644,0.0181432,32.81627,2.47E-04,2.56E-04,2.32E-03,100.8834,0.870524,0.0726469,1757.702,4.068481,3.05E-02,3.376839,2.53E-02
19:44:08,8/24/20,5.83E-02,0.3167893,1.86E-02,0.3279132,1.29E-02,32.76448,1.83E-04,1.88E-04,2.10E-03,100.8412,0.8489076,6.65E-02,1759.154,3.694975,5.01E-02,3.066829,4.16E-02
11:39:46,8/21/20,1.05,0.6869398,4.27E-02,0.6375049,1.87E-02,32.84485,4.05E-04,3.81E-04,0.0033772,100.5925,1.009697,9.25E-02,1687.948,5.681128,0.1768395,4.715336,0.1467767
12:07:46,8/21/20,1.05,0.6291953,2.06E-02,0.5603474,2.41E-02,32.89802,3.68E-04,3.36E-04,3.29E-03,100.57,0.9744172,7.98E-02,1685.811,5.525797,1.46E-02,4.586411,1.21E-02
12:15:46,8/21/20,1.05,0.4673763,2.42E-02,0.3896028,6.43E-03,32.94422,2.70E-04,2.33E-04,3.04E-03,100.5672,0.9458483,6.95E-02,1685.646,5.109953,4.20E-02,4.241261,3.49E-02
12:51:46,8/21/20,1.05,0.3122012,1.36E-02,0.2843164,9.72E-03,32.86692,1.83E-04,1.70E-04,2.57E-03,100.542,0.8915538,6.30E-02,1685.572,4.319908,0.0297135,3.585524,2.47E-02
13:27:46,8/21/20,1.05,0.2735735,0.0209018,0.2730184,6.62E-03,32.87557,1.64E-04,1.63E-04,2.25E-03,100.5498,0.8602625,6.21E-02,1685.197,3.785258,3.34E-02,3.141764,2.77E-02
13:51:46,8/21/20,1.05,0.3093984,2.50E-02,0.296744,1.07E-02,32.9313,1.84E-04,1.78E-04,2.15E-03,100.5652,0.8455355,6.35E-02,1685.775,3.610272,0.0293255,2.996526,2.43E-02
14:23:46,8/21/20,1.05,0.4062079,2.33E-02,0.3686944,1.07E-02,32.90507,2.38E-04,2.20E-04,2.15E-03,100.6183,0.8598423,6.80E-02,1686.858,3.622817,3.37E-02,3.006938,2.80E-02
15:09:47,8/21/20,1.05,0.6869398,4.27E-02,0.637505,1.87E-02,32.84485,4.05E-04,3.81E-04,0.0033772,100.5925,1.009697,9.25E-02,1687.948,5.681128,0.1768395,4.715336,0.1467767
15:37:47,8/21/20,1.05,0.6291953,2.06E-02,0.5603474,2.41E-02,32.89802,3.68E-04,3.36E-04,3.29E-03,100.57,0.9744172,7.98E-02,1685.811,5.525797,1.46E-02,4.586411,1.21E-02
15:45:47,8/21/20,1.05,0.4673763,2.42E-02,0.3896028,6.43E-03,32.94422,2.70E-04,2.33E-04,3.04E-03,100.5672,0.9458483,6.95E-02,1685.646,5.109953,4.20E-02,4.241261,3.49E-02
16:21:47,8/21/20,1.05,0.3122012,1.36E-02,0.2843164,9.72E-03,32.86692,1.83E-04,1.70E-04,2.57E-03,100.542,0.8915538,6.30E-02,1685.572,4.319908,0.0297135,3.585524,2.47E-02
16:57:47,8/21/20,1.05,0.2735735,2.09E-02,0.2730184,6.62E-03,32.87557,1.64E-04,1.63E-04,2.25E-03,100.5498,0.8602625,6.21E-02,1685.197,3.785258,3.34E-02,3.141764,2.77E-02
17:21:47,8/21/20,1.05,0.3093984,2.50E-02,0.296744,1.07E-02,32.9313,1.84E-04,1.78E-04,2.15E-03,100.5652,0.8455355,6.35E-02,1685.775,3.610272,0.0293255,2.996526,2.43E-02
17:53:47,8/21/20,1.05,0.4062079,2.33E-02,0.3686944,1.07E-02,32.90507,2.38E-04,2.20E-04,2.15E-03,100.6183,0.8598423,6.80E-02,1686.858,3.622817,3.37E-02,3.006938,2.80E-02
18:39:48,8/21/20,1.05,0.3407065,1.86E-02,0.2936559,1.14E-02,32.82902,1.98E-04,1.76E-04,2.34E-03,100.6792,0.8753453,6.34E-02,1686.399,3.929465,5.27E-02,3.261456,4.38E-02
19:07:48,8/21/20,1.05,0.3382322,0.022182,0.323078,1.13E-02,32.85403,2.00E-04,1.93E-04,2.11E-03,100.7448,0.8496095,6.51E-02,1686.339,3.543227,2.44E-02,2.940878,2.03E-02
19:15:48,8/21/20,1.05,0.323845,1.80E-02,0.299466,5.97E-03,32.89732,1.91E-04,1.79E-04,2.07E-03,100.7082,0.8421713,6.38E-02,1685.834,3.476055,0.0243143,2.885126,2.02E-02
19:51:48,8/21/20,1.05,0.4502002,0.0169749,0.4084755,1.06E-02,32.7841,2.64E-04,2.44E-04,2.04E-03,100.753,0.8389865,7.10E-02,1686.725,3.428458,3.16E-02,2.84562,2.63E-02
20:27:48,8/21/20,1.05,0.9257436,5.59E-02,0.7759401,4.21E-02,29.38568,5.35E-04,4.64E-04,2.26E-03,100.7465,0.9120973,9.39E-02,1686.865,3.81205,0.0798206,3.164001,6.63E-02
20:51:48,8/21/20,1.05,1.039142,4.87E-02,0.9029589,2.56E-02,24.66283,6.05E-04,5.40E-04,1.18E-03,100.767,0.9027051,0.1021391,1686.847,1.988275,9.43E-02,1.650268,7.83E-02
21:23:48,8/21/20,1.05,1.159532,5.79E-02,0.9852988,0.0448429,20.7977,6.69E-04,5.87E-04,2.37E-04,100.8122,0.8382708,0.1071858,1692.049,0.4012267,0.0212175,0.3330181,1.76E-02
22:09:49,8/21/20,1.05,1.331936,2.05E-02,1.176165,2.77E-02,21.71215,7.72E-04,6.99E-04,6.65E-04,100.8211,0.8080444,0.1198735,1696.603,1.127591,3.13E-02,0.9359007,2.60E-02
22:37:49,8/21/20,1.05,1.288673,0.0445585,1.162818,3.29E-02,21.10765,7.51E-04,6.91E-04,7.86E-04,100.8278,0.8355411,0.1188428,1695.684,1.332378,3.74E-02,1.105874,3.10E-02
22:45:49,8/21/20,1.05,1.264909,7.14E-02,1.157118,6.27E-02,21.15365,7.38E-04,6.87E-04,8.80E-04,100.8242,0.8390563,0.1181728,1697.243,1.491727,6.98E-02,1.238134,0.0578985
23:21:49,8/21/20,1.05,1.229215,5.39E-02,1.178468,4.35E-02,21.62358,7.25E-04,7.01E-04,1.05E-03,100.8712,0.855043,0.1195674,1696.217,1.776975,3.95E-02,1.474889,3.28E-02
23:57:49,8/21/20,1.05,1.215395,5.50E-02,1.089943,3.73E-02,22.03597,7.06E-04,6.47E-04,1.08E-03,100.8795,0.8644882,0.1148198,1698.875,1.830726,2.32E-02,1.519503,1.92E-02
0:21:49,8/22/20,1.05,1.181829,2.82E-02,1.061363,2.33E-02,22.07488,6.89E-04,6.33E-04,1.12E-03,100.878,0.8647817,0.1141517,1692.458,1.894179,2.68E-02,1.572168,2.22E-02
0:53:49,8/22/20,1.05,1.15964,2.85E-02,1.024411,2.18E-02,22.16843,6.73E-04,6.09E-04,1.08E-03,100.8807,0.8632846,0.1125246,1696.419,1.823823,3.48E-02,1.513773,2.89E-02
1:39:50,8/22/20,1.05,1.331822,4.38E-02,1.189246,3.21E-02,22.13833,7.75E-04,7.08E-04,1.28E-03,100.8854,0.8786194,0.1230111,1694.536,2.171745,3.78E-02,1.802548,3.14E-02
2:07:50,8/22/20,1.05,1.30565,5.52E-02,1.178068,4.58E-02,22.12914,7.61E-04,7.01E-04,1.37E-03,100.9082,0.8869302,0.1229958,1695.19,2.31635,0.0210672,1.92257,1.75E-02
2:15:50,8/22/20,1.05,1.32968,2.75E-02,1.11249,0.0212608,22.11982,7.64E-04,6.62E-04,1.30E-03,100.9138,0.875388,0.1195204,1694.737,2.206775,1.77E-02,1.831623,0.0147291
2:51:50,8/22/20,1.05,1.332081,5.29E-02,1.215719,4.38E-02,22.1432,7.80E-04,7.25E-04,1.39E-03,100.9011,0.8917788,0.1258915,1691.637,2.350852,3.91E-02,1.951207,3.25E-02
3:27:50,8/22/20,1.05,1.230665,3.71E-02,1.080772,3.32E-02,22.13185,7.15E-04,6.44E-04,1.35E-03,100.8869,0.8863423,0.1180491,1692.664,2.289482,2.36E-02,1.90027,0.0196039
3:51:50,8/22/20,1.05,1.371317,0.0341904,1.235476,2.93E-02,22.1324,7.99E-04,7.35E-04,1.42E-03,100.903,0.8923606,0.1270705,1695.842,2.407348,2.31E-02,1.998099,1.92E-02
4:23:50,8/22/20,1.05,1.224018,1.72E-02,1.04809,8.95E-03,22.09588,7.07E-04,6.24E-04,1.39E-03,100.9097,0.8870287,0.1164767,1693.254,2.350434,2.68E-02,1.95086,2.22E-02
5:09:51,8/22/20,1.05,1.183992,5.75E-02,1.139355,4.27E-02,22.12085,7.01E-04,6.80E-04,1.38E-03,100.9302,0.8872192,0.1215371,1691.004,2.3241,2.46E-02,1.929003,2.04E-02
5:37:51,8/22/20,1.05,1.249286,2.93E-02,1.198871,3.73E-02,22.11502,7.39E-04,7.15E-04,1.66E-03,100.961,0.9153586,0.1248182,1691.651,2.799601,3.67E-02,2.323668,3.05E-02
5:45:51,8/22/20,1.05,1.211185,0.104405,1.174296,6.55E-02,22.15572,7.17E-04,7.00E-04,1.75E-03,100.9757,0.9222598,0.1233686,1692.726,2.953149,2.84E-02,2.451114,2.36E-02
6:21:51,8/22/20,1.05,1.260369,2.52E-02,1.159876,1.71E-02,22.91355,7.39E-04,6.92E-04,1.69E-03,100.9913,0.9215725,0.1221254,1691.909,2.847053,2.52E-02,2.363054,2.10E-02
6:57:51,8/22/20,1.05,1.221615,4.10E-02,1.122657,3.04E-02,24.78013,7.16E-04,6.70E-04,1.91E-03,100.9959,0.9586233,0.1188257,1692.308,3.229248,4.27E-02,2.680276,3.54E-02
7:21:51,8/22/20,1.05,0.9500192,4.97E-02,0.8744316,4.16E-02,26.44172,5.58E-04,5.22E-04,2.11E-03,100.9861,0.9799203,0.1033204,1690.964,3.552338,4.63E-02,2.94844,3.84E-02
7:53:51,8/22/20,1.05,0.5745384,2.74E-02,0.5172337,1.67E-02,28.39478,3.36E-04,3.09E-04,2.42E-03,100.9899,1.007902,8.19E-02,1693.135,4.085163,3.63E-02,3.390685,3.02E-02
8:39:52,8/22/20,1.05,0.3696872,1.74E-02,0.3919985,1.25E-02,31.35892,2.24E-04,2.34E-04,2.87E-03,100.9949,1.02865,7.15E-02,1689.126,4.8362,7.87E-02,4.014046,6.53E-02
9:07:52,8/22/20,1.05,0.316605,1.63E-02,0.3199201,1.24E-02,32.98174,1.90E-04,1.91E-04,3.17E-03,101.0062,1.018258,0.0661528,1688.963,5.329787,5.71E-02,4.423723,4.74E-02
9:15:52,8/22/20,1.05,0.3711497,1.26E-02,0.3704811,1.14E-02,33.5127,2.22E-04,2.22E-04,3.39E-03,101.003,1.027372,6.91E-02,1689.157,5.698709,7.22E-02,4.729928,5.99E-02
9:51:52,8/22/20,1.05,0.2947528,1.50E-02,0.2835375,8.52E-03,32.9509,1.75E-04,1.70E-04,3.22E-03,101.0269,0.9898881,6.35E-02,1688.358,5.416241,2.78E-02,4.49548,2.31E-02
10:27:52,8/22/20,1.05,0.5591773,9.28E-02,0.425158,8.39E-02,32.98632,3.17E-04,2.54E-04,2.83E-03,101.0508,0.9423947,7.17E-02,1690.372,4.777216,0.1587073,3.965089,0.1317271
10:51:52,8/22/20,1.05,0.2466831,1.12E-02,0.2454288,8.78E-03,32.89624,1.47E-04,1.47E-04,2.68E-03,101.0838,0.923333,6.12E-02,1690.561,4.51768,2.58E-02,3.749674,2.14E-02
11:23:52,8/22/20,1.05,0.2572986,2.87E-02,0.3024721,1.15E-02,32.94884,1.59E-04,1.81E-04,2.46E-03,101.0477,0.9034348,6.43E-02,1690.456,4.149366,0.0366064,3.443974,3.04E-02
12:09:53,8/22/20,1.05,0.343405,2.27E-02,0.3345692,1.36E-02,32.90948,2.04E-04,2.00E-04,2.27E-03,101.0605,0.8840552,6.60E-02,1691.077,3.831911,3.74E-02,3.180486,3.10E-02
12:37:53,8/22/20,1.05,0.2652762,7.52E-02,0.332647,5.32E-02,32.82178,1.67E-04,1.99E-04,2.18E-03,101.0099,0.8764217,6.59E-02,1688.335,3.671984,0.2086212,3.047747,0.1731556
12:45:53,8/22/20,1.05,0.2995636,0.0136709,0.2793608,1.41E-02,32.92918,1.77E-04,1.67E-04,2.07E-03,100.9899,0.8619126,6.28E-02,1686.835,3.481093,1.80E-02,2.889307,1.49E-02
13:21:53,8/22/20,1.05,0.2541216,2.40E-02,0.2324964,1.43E-02,32.95898,1.49E-04,1.39E-04,2.15E-03,100.9687,0.8766404,6.01E-02,1688.312,3.617317,3.50E-02,3.002373,2.90E-02
13:57:53,8/22/20,1.05,0.1951421,2.27E-02,0.1892076,1.98E-02,32.95779,1.16E-04,1.13E-04,1.86E-03,100.9441,0.8507205,5.79E-02,1686.779,3.138101,3.08E-02,2.604623,2.56E-02
14:21:53,8/22/20,1.05,0.2879371,1.51E-02,0.2569596,8.82E-03,32.99474,1.68E-04,1.54E-04,1.76E-03,100.8982,0.8424348,6.14E-02,1686.42,2.959951,5.13E-02,2.456759,4.26E-02
14:53:53,8/22/20,1.05,0.6682093,3.01E-02,0.5986872,0.019367,32.92847,3.91E-04,3.58E-04,2.35E-03,100.882,0.9063436,8.19E-02,1686.243,3.955437,1.22E-02,3.283012,1.02E-02
15:39:54,8/22/20,1.05,0.2772359,1.34E-02,0.2718509,9.00E-03,32.84902,1.65E-04,1.63E-04,1.83E-03,100.8907,0.8518211,6.25E-02,1685.662,3.08301,0.015061,2.558898,0.0125006
16:07:54,8/22/20,1.05,0.2783432,1.93E-02,0.2769383,1.03E-02,32.91847,1.66E-04,1.65E-04,1.73E-03,100.9902,0.8314685,6.29E-02,1687.427,2.906141,4.62E-02,2.412097,3.83E-02
16:15:54,8/22/20,1.05,0.2866186,1.72E-02,0.2768116,8.47E-03,32.78524,1.70E-04,1.66E-04,1.74E-03,101.0188,0.8254681,0.0631398,1686.223,2.922185,1.81E-02,2.425414,1.51E-02
16:51:54,8/22/20,1.05,0.2780772,1.33E-02,0.2552268,8.73E-03,32.72502,1.63E-04,1.53E-04,1.64E-03,101.0276,0.8117122,0.0617696,1686.324,2.753966,3.08E-02,2.285792,2.56E-02
17:27:54,8/22/20,1.05,0.3739079,2.11E-02,0.3453796,8.25E-03,32.86932,2.20E-04,2.06E-04,1.56E-03,101.0242,0.8086798,6.71E-02,1687.234,2.621088,1.16E-02,2.175503,9.62E-03
17:51:54,8/22/20,1.05,0.3035632,1.41E-02,0.2911283,1.17E-02,32.84628,1.80E-04,1.74E-04,1.50E-03,101.0224,0.7990755,6.38E-02,1686.525,2.532377,1.91E-02,2.101873,1.59E-02
18:23:54,8/22/20,1.05,0.412015,1.45E-02,0.387275,9.84E-03,32.92642,2.43E-04,2.31E-04,1.59E-03,101.0581,0.8071029,6.90E-02,1687.414,2.672659,2.65E-02,2.218307,2.20E-02
19:09:55,8/22/20,1.05,0.3201409,1.58E-02,0.2858818,8.54E-03,32.89328,1.87E-04,1.71E-04,1.48E-03,101.1014,0.7942278,6.32E-02,1688.254,2.498819,2.93E-02,2.07402,2.43E-02
19:37:55,8/22/20,1.05,0.4041156,1.80E-02,0.4038094,9.74E-03,32.86327,2.41E-04,2.41E-04,1.52E-03,101.1177,0.7971268,7.07E-02,1688.259,2.563623,3.71E-02,2.127807,3.08E-02
19:45:55,8/22/20,1.05,0.6950182,3.57E-02,0.6619951,2.45E-02,32.794,4.11E-04,3.96E-04,1.84E-03,101.1185,0.8251477,8.60E-02,1687.336,3.098867,6.28E-02,2.57206,5.22E-02
20:21:55,8/22/20,1.05,0.5377777,1.86E-02,0.4723498,1.21E-02,30.39877,3.12E-04,2.82E-04,1.81E-03,101.1635,0.8354756,7.61E-02,1691.467,3.051948,0.0285085,2.533117,2.37E-02
20:57:55,8/22/20,1.05,0.9140773,3.10E-02,0.8475943,1.55E-02,23.896,5.37E-04,5.05E-04,1.15E-03,101.2077,0.9258901,9.91E-02,1692.496,1.937858,0.0447362,1.608423,3.71E-02
21:21:55,8/22/20,1.05,1.235038,0.0626778,1.106242,6.28E-02,21.55212,7.20E-04,6.60E-04,1.04E-03,101.2243,0.9502608,0.1145664,1692.883,1.762852,4.07E-02,1.463167,3.38E-02
21:53:55,8/22/20,1.05,1.289716,2.57E-02,1.209866,2.98E-02,20.77688,7.58E-04,7.21E-04,8.81E-04,101.2309,0.8643347,0.1215088,1693.422,1.490777,2.50E-02,1.237345,2.08E-02
22:39:56,8/22/20,1.05,1.274489,7.51E-02,1.176154,4.99E-02,21.50899,7.41E-04,6.95E-04,9.99E-04,101.2529,0.8669678,0.1193344,1706.574,1.703944,2.18E-02,1.414273,1.81E-02
23:07:56,8/22/20,1.05,1.378539,2.38E-02,1.296874,3.38E-02,21.21625,8.07E-04,7.69E-04,1.09E-03,101.289,0.8727175,0.1270942,1701.32,1.850736,5.62E-02,1.536111,4.67E-02
23:15:56,8/22/20,1.05,1.464614,0.1049384,1.30957,8.32E-02,21.41432,8.46E-04,7.73E-04,1.11E-03,101.2883,0.8638899,0.1275332,1708.006,1.892218,4.97E-02,1.570541,4.13E-02
23:51:56,8/22/20,1.05,1.122455,5.52E-02,1.075155,5.43E-02,21.76033,6.58E-04,6.36E-04,1.23E-03,101.2677,0.8749704,0.1144771,1705.541,2.096843,5.18E-02,1.74038,0.0429857
0:27:56,8/23/20,1.05,1.291846,0.0703112,1.183172,6.95E-02,21.9491,7.49E-04,6.99E-04,1.23E-03,101.2686,0.875975,0.1211809,1708.127,2.095874,5.65E-02,1.739575,4.69E-02
0:51:56,8/23/20,1.05,1.177566,6.41E-02,1.089849,3.39E-02,22.11938,6.84E-04,6.43E-04,1.15E-03,101.274,0.8682225,0.1162277,1708.789,1.956525,0.0292207,1.623915,2.43E-02
1:23:56,8/23/20,1.05,1.329386,5.60E-02,1.243723,3.56E-02,22.15823,7.75E-04,7.35E-04,1.26E-03,101.2886,0.881242,0.1246211,1707.066,2.143597,3.64E-02,1.779185,0.0302363
2:09:57,8/23/20,1.05,1.257664,5.96E-02,1.191098,5.29E-02,22.15647,7.33E-04,7.02E-04,1.28E-03,101.3115,0.8829225,0.1223613,1711.092,2.189114,0.1025549,1.816965,8.51E-02
2:37:57,8/23/20,1.05,1.260983,4.47E-02,1.199365,2.73E-02,22.13597,7.37E-04,7.08E-04,1.36E-03,101.3105,0.8889345,0.1223741,1708.416,2.324657,3.03E-02,1.929466,2.51E-02
2:45:57,8/23/20,1.05,1.230856,4.75E-02,1.168155,2.37E-02,22.0424,7.19E-04,6.90E-04,1.36E-03,101.3108,0.8843378,0.1208357,1709.068,2.317664,3.08E-02,1.923661,2.56E-02
3:21:57,8/23/20,1.05,0.5974869,2.39E-02,0.5428995,2.64E-02,22.0706,3.46E-04,3.21E-04,9.78E-04,101.3074,0.8479225,8.54E-02,1707.057,1.667294,2.08E-02,1.383854,1.73E-02
3:57:57,8/23/20,1.05,1.305764,5.87E-02,1.268577,5.72E-02,22.14408,7.67E-04,7.49E-04,1.39E-03,101.3078,0.8897525,0.1281988,1708.21,2.36952,3.21E-02,1.966702,2.66E-02
4:21:57,8/23/20,1.05,1.24124,6.86E-02,1.169508,6.04E-02,22.08382,7.25E-04,6.91E-04,1.39E-03,101.3386,0.8950072,0.1230221,1707.401,2.36659,3.95E-02,1.96427,3.28E-02
4:53:57,8/23/20,1.05,1.36691,4.57E-02,1.310741,4.78E-02,22.1885,8.01E-04,7.75E-04,1.41E-03,101.3523,0.8987036,0.1314872,1707.283,2.408789,3.25E-02,1.999295,0.026972
5:39:58,8/23/20,1.05,1.109696,0.0583331,1.108297,4.94E-02,22.05165,6.57E-04,6.56E-04,1.37E-03,101.3802,0.8916013,0.1196897,1704.413,2.335309,7.36E-02,1.938306,6.11E-02
6:07:58,8/23/20,1.05,0.7911652,4.93E-02,0.8078334,6.14E-02,22.11602,4.71E-04,4.79E-04,1.32E-03,101.4218,0.8875764,0.1023544,1700.649,2.237079,2.58E-02,1.856775,2.14E-02
6:15:58,8/23/20,1.05,1.406488,3.90E-02,1.31044,4.14E-02,22.32919,8.20E-04,7.75E-04,1.55E-03,101.4271,0.9094599,0.1314461,1706.843,2.638757,4.40E-02,2.190168,3.65E-02
6:51:58,8/23/20,1.05,1.303949,2.41E-02,1.18462,3.66E-02,24.50975,7.56E-04,7.01E-04,1.80E-03,101.4612,0.9453858,0.1237167,1706.549,3.064838,5.79E-02,2.543816,4.81E-02
7:27:58,8/23/20,1.05,1.066206,3.93E-02,1.017749,4.36E-02,26.77442,6.30E-04,6.07E-04,2.28E-03,101.4665,1.009541,0.1132356,1693.494,3.859031,7.03E-02,3.202996,5.83E-02
7:51:58,8/23/20,1.05,0.5083745,4.40E-02,0.5169274,4.24E-02,28.18109,3.04E-04,3.08E-04,2.34E-03,101.4758,0.9964812,8.21E-02,1692.426,3.944622,0.1725657,3.274036,0.1432295
8:23:58,8/23/20,1.05,0.4669267,2.48E-02,0.4415628,0.0103787,30.36035,2.76E-04,2.64E-04,2.70E-03,101.475,1.021091,7.70E-02,1690.335,4.554372,4.64E-02,3.780129,3.85E-02
9:09:59,8/23/20,1.05,0.3544858,2.18E-02,0.3738552,1.02E-02,33.2273,2.14E-04,2.24E-04,3.45E-03,101.4524,1.050659,7.07E-02,1689.563,5.806134,7.34E-02,4.819091,6.09E-02
9:37:59,8/23/20,1.05,0.6677656,3.15E-02,0.6466073,1.45E-02,33.05754,3.97E-04,3.87E-04,3.90E-03,101.4617,1.068064,0.0860414,1688.903,6.568861,3.49E-02,5.452155,2.89E-02
9:45:59,8/23/20,1.05,0.3368948,1.49E-02,0.3598657,9.30E-03,32.93982,2.05E-04,2.15E-04,3.73E-03,101.4682,1.047588,6.89E-02,1687.595,6.273349,3.79E-02,5.206879,3.14E-02
10:21:59,8/23/20,1.05,0.2879278,2.65E-02,0.3338138,8.27E-03,33.01275,1.78E-04,2.00E-04,3.18E-03,101.4639,0.992966,6.70E-02,1688.564,5.344917,8.43E-02,4.436281,7.00E-02
10:57:59,8/23/20,1.05,0.3326578,1.62E-02,0.351092,1.01E-02,32.97822,2.01E-04,2.10E-04,2.93E-03,101.4664,0.971962,6.77E-02,1687.269,4.932575,3.26E-02,4.094037,2.70E-02
11:21:59,8/23/20,1.05,0.3155771,1.85E-02,0.3035998,1.42E-02,32.84587,1.87E-04,1.82E-04,2.67E-03,101.4498,0.9490106,0.0652505,1686.87,4.489828,6.68E-02,3.726557,5.55E-02
11:53:59,8/23/20,1.05,0.3048531,1.34E-02,0.3148577,0.0124127,32.88395,1.84E-04,1.88E-04,2.32E-03,101.4084,0.921935,6.55E-02,1685.966,3.89922,1.56E-02,3.236353,1.29E-02
12:40:00,8/23/20,1.05,0.3004409,1.92E-02,0.2990168,8.50E-03,32.99923,1.80E-04,1.79E-04,2.05E-03,101.3395,0.9080915,6.42E-02,1685.492,3.448631,3.85E-02,2.862364,3.19E-02
13:08:00,8/23/20,1.05,0.5902187,6.09E-02,0.6065858,9.88E-02,32.88615,3.55E-04,3.63E-04,2.17E-03,101.3175,0.9128627,8.23E-02,1685.819,3.645603,4.70E-02,3.025851,3.90E-02
13:16:00,8/23/20,1.05,0.2779647,2.44E-02,0.2600153,1.09E-02,32.97575,1.64E-04,1.56E-04,2.11E-03,101.3148,0.9043732,6.17E-02,1685.573,3.55663,2.35E-02,2.952003,1.95E-02
13:52:00,8/23/20,1.05,0.2795509,1.09E-02,0.2604666,8.86E-03,32.8106,1.65E-04,1.56E-04,1.80E-03,101.2689,0.8936453,6.17E-02,1685.408,3.02544,2.49E-02,2.511115,2.07E-02
14:28:00,8/23/20,1.05,0.2683212,9.10E-03,0.2442787,8.42E-03,32.83443,1.58E-04,1.46E-04,1.68E-03,101.2378,0.8843452,6.08E-02,1685.234,2.834276,1.87E-02,2.352449,1.55E-02
14:52:00,8/23/20,1.05,0.2846878,2.03E-02,0.3170061,0.0233679,32.93317,1.74E-04,1.90E-04,1.65E-03,101.2116,0.8727515,6.49E-02,1685.454,2.771312,0.0443546,2.300189,3.68E-02
15:24:00,8/23/20,1.05,0.3018481,1.69E-02,0.3172286,1.05E-02,32.88319,1.83E-04,1.90E-04,1.61E-03,101.2644,0.8567954,6.51E-02,1685.153,2.713148,0.0165899,2.251913,1.38E-02
16:10:01,8/23/20,1.05,0.2829445,1.04E-02,0.2849184,8.87E-03,32.84427,1.70E-04,1.71E-04,1.84E-03,101.2429,0.8535627,6.36E-02,1685.264,3.094997,2.92E-02,2.568847,2.43E-02
16:38:01,8/23/20,1.05,0.2929712,1.42E-02,0.2919078,9.21E-03,32.92944,1.75E-04,1.75E-04,1.54E-03,101.2401,0.8281878,6.43E-02,1685.25,2.591835,2.43E-02,2.151223,2.02E-02
16:46:01,8/23/20,1.05,0.2859358,1.51E-02,0.2811109,7.98E-03,32.82875,1.70E-04,1.68E-04,1.55E-03,101.2464,0.8232818,6.38E-02,1685.471,2.605484,2.56E-02,2.162552,2.12E-02
17:22:01,8/23/20,1.05,0.401327,1.60E-02,0.3798994,1.01E-02,32.78934,2.37E-04,2.27E-04,1.51E-03,101.2607,0.8126304,7.00E-02,1685.147,2.535037,3.21E-02,2.10408,2.66E-02
17:58:01,8/23/20,1.05,0.2820414,2.30E-02,0.2873504,1.14E-02,32.97205,1.69E-04,1.72E-04,1.42E-03,101.2547,0.8149955,6.44E-02,1685.206,2.388143,1.86E-02,1.982159,1.55E-02
18:22:01,8/23/20,1.05,0.3351395,2.00E-02,0.3554729,1.19E-02,32.82852,2.03E-04,2.13E-04,1.41E-03,101.2663,0.8136503,6.83E-02,1685.454,2.371295,0.0258746,1.968175,2.15E-02
18:54:01,8/23/20,1.05,0.8106449,2.58E-02,0.7882739,2.15E-02,32.79425,4.82E-04,4.72E-04,2.48E-03,101.3236,0.930234,9.44E-02,1686.678,4.169797,0.0533196,3.460932,4.43E-02
19:40:02,8/23/20,1.05,0.3517808,1.94E-02,0.3279277,1.05E-02,32.71918,2.07E-04,1.96E-04,1.99E-03,101.3074,0.8716992,6.74E-02,1686.704,3.354311,3.62E-02,2.784078,3.01E-02
20:08:02,8/23/20,1.05,0.8587733,3.38E-02,0.8425134,3.46E-02,32.87199,5.12E-04,5.04E-04,2.51E-03,101.3321,0.9218994,9.86E-02,1686.172,4.215683,7.86E-02,3.499017,6.53E-02
20:16:02,8/23/20,1.05,0.709363,3.93E-02,0.6910926,6.37E-02,31.62553,4.22E-04,4.14E-04,2.65E-03,101.3242,0.9299471,9.02E-02,1685.504,4.44972,8.78E-02,3.693268,7.29E-02
20:52:02,8/23/20,1.05,0.9753873,4.28E-02,0.9301433,3.04E-02,25.22455,5.75E-04,5.53E-04,1.36E-03,101.3651,0.9445429,0.1056007,1696.395,2.296258,0.0646305,1.905894,5.36E-02
21:28:02,8/23/20,1.05,1.234637,4.38E-02,1.158178,4.93E-02,21.87887,7.23E-04,6.87E-04,6.96E-04,101.367,0.9144495,0.1193849,1700.317,1.182597,9.58E-02,0.9815556,7.95E-02
21:52:02,8/23/20,1.05,1.1382,4.20E-02,1.078933,4.56E-02,21.20522,6.70E-04,6.42E-04,8.68E-04,101.3682,0.8934687,0.1151567,1695.894,1.471259,1.90E-02,1.221145,1.58E-02
22:24:02,8/23/20,1.05,1.267678,0.0329325,1.224818,2.33E-02,20.5625,7.47E-04,7.27E-04,1.01E-03,101.366,0.8761915,0.1236376,1699.208,1.712444,2.11E-02,1.421328,1.75E-02
23:10:03,8/23/20,1.05,1.220735,3.90E-02,1.181407,4.23E-02,21.28403,7.20E-04,7.01E-04,1.02E-03,101.3248,0.8781797,0.1211137,1699.308,1.738705,3.04E-02,1.443125,2.52E-02
23:38:03,8/23/20,1.05,1.354451,5.34E-02,1.310919,4.57E-02,21.43484,8.01E-04,7.81E-04,1.20E-03,101.2986,0.8971141,0.1284989,1694.061,2.03492,3.38E-02,1.688984,2.80E-02
23:46:03,8/23/20,1.05,1.283862,3.05E-02,1.229511,2.71E-02,21.88197,7.57E-04,7.31E-04,1.16E-03,101.2977,0.8882571,0.1234566,1696.826,1.966821,3.57E-02,1.632461,2.97E-02
0:22:03,8/24/20,1.05,0.9358167,3.33E-02,0.8685427,1.99E-02,21.83635,5.49E-04,5.17E-04,1.06E-03,101.2714,0.8785202,0.1021573,1693.239,1.797192,1.74E-02,1.491669,1.45E-02
0:58:03,8/24/20,1.05,1.341344,6.17E-02,1.264216,6.05E-02,22.15924,7.89E-04,7.53E-04,1.24E-03,101.2788,0.9063953,0.1256627,1694.864,2.10173,2.82E-02,1.744436,2.34E-02
1:22:03,8/24/20,1.05,1.205369,7.60E-02,1.131576,5.93E-02,22.15784,7.10E-04,6.75E-04,1.28E-03,101.2633,0.9088122,0.1192693,1692.228,2.166797,0.0394228,1.798442,3.27E-02
1:54:03,8/24/20,1.05,1.230776,4.78E-02,1.136786,5.98E-02,22.06032,7.23E-04,6.79E-04,1.25E-03,101.259,0.9024771,0.1202931,1690.327,2.115502,3.04E-02,1.755867,2.52E-02
2:40:04,8/24/20,1.05,0.9151065,2.46E-02,0.8178954,1.76E-02,22.12438,5.33E-04,4.87E-04,9.40E-04,101.243,0.8682685,0.1013261,1692.164,1.589002,2.27E-02,1.318872,1.88E-02
3:08:04,8/24/20,1.05,1.307971,9.85E-02,1.116148,6.84E-02,22.23305,7.55E-04,6.65E-04,1.20E-03,101.2665,0.8936343,0.1207426,1693.882,2.034492,1.30E-02,1.688628,1.08E-02
3:16:04,8/24/20,1.05,1.452985,7.17E-02,1.271891,0.0670712,22.14754,8.44E-04,7.58E-04,1.28E-03,101.2726,0.8990733,0.1295233,1692.168,2.158298,4.92E-02,1.791387,4.08E-02
3:52:04,8/24/20,1.05,1.094709,9.25E-02,0.9767175,8.15E-02,22.09297,6.37E-04,5.82E-04,1.27E-03,101.2626,0.894917,0.1113489,1694.154,2.153849,3.59E-02,1.787695,2.98E-02
4:28:04,8/24/20,1.05,1.440676,5.11E-02,1.38882,3.81E-02,22.12458,8.51E-04,8.27E-04,1.43E-03,101.2645,0.9124618,0.1367542,1694.719,2.424256,0.0189806,2.012132,0.0157539
4:52:04,8/24/20,1.05,1.100484,8.89E-02,1.078537,7.46E-02,22.10872,6.53E-04,6.43E-04,1.36E-03,101.2712,0.9011536,0.1188649,1692.098,2.3021,2.28E-02,1.910743,1.89E-02
5:24:04,8/24/20,1.05,1.285008,0.081383,1.250378,7.09E-02,22.15782,7.64E-04,7.47E-04,1.47E-03,101.2755,0.9096937,0.1294336,1688.417,2.4703,2.61E-02,2.050349,2.17E-02
6:10:05,8/24/20,1.05,1.330609,0.0611334,1.301389,5.15E-02,22.08102,7.92E-04,7.79E-04,1.57E-03,101.2934,0.923471,0.1316804,1686.94,2.644887,0.0290556,2.195256,2.41E-02
6:38:05,8/24/20,1.05,1.246433,2.98E-02,1.176341,2.75E-02,23.7382,7.38E-04,7.05E-04,1.75E-03,101.2954,0.9505913,0.1239688,1685.416,2.940996,4.78E-02,2.441026,3.97E-02
6:46:05,8/24/20,1.05,1.240243,4.04E-02,1.170936,2.49E-02,24.20215,7.34E-04,7.01E-04,1.87E-03,101.3053,0.9617419,0.1234011,1685.539,3.152544,0.0376532,2.616612,3.13E-02
7:22:05,8/24/20,1.05,1.129711,3.66E-02,1.039711,1.85E-02,26.40947,6.66E-04,6.23E-04,2.31E-03,101.2775,1.016887,0.114439,1685.489,3.881604,6.77E-02,3.221731,5.62E-02
7:58:05,8/24/20,1.05,0.6444058,2.03E-02,0.6490521,1.32E-02,28.57869,3.87E-04,3.89E-04,2.41E-03,101.2759,1.028531,9.02E-02,1685.293,4.051616,3.84E-02,3.362841,3.19E-02
8:22:05,8/24/20,1.05,0.4119212,2.43E-02,0.4088082,1.13E-02,30.21822,2.47E-04,2.45E-04,2.64E-03,101.2757,1.039231,7.50E-02,1685.168,4.434187,2.98E-02,3.680375,2.47E-02
8:54:05,8/24/20,1.05,0.3132042,1.46E-02,0.3478849,1.09E-02,32.26014,1.92E-04,2.09E-04,2.97E-03,101.2486,1.046248,7.02E-02,1685.227,4.995114,5.90E-02,4.145945,4.89E-02
9:40:06,8/24/20,1.05,0.3377765,2.19E-02,0.3570307,2.16E-02,33.0069,2.05E-04,2.14E-04,3.18E-03,101.2571,1.023371,6.98E-02,1685.157,5.343765,0.1429948,4.435325,0.1186856
10:08:06,8/24/20,1.05,0.2869444,2.00E-02,0.2992307,1.35E-02,33.11652,1.74E-04,1.79E-04,2.88E-03,101.2432,0.9960796,6.60E-02,1685.189,4.838088,5.64E-02,4.015613,4.68E-02
10:16:06,8/24/20,1.05,0.2923343,1.80E-02,0.2990101,9.34E-03,32.9051,1.76E-04,1.79E-04,2.85E-03,101.2368,0.9881313,6.59E-02,1685.176,4.795043,0.0341859,3.979885,2.84E-02
10:52:06,8/24/20,1.05,0.3032283,1.35E-02,0.295036,1.09E-02,32.98465,1.81E-04,1.77E-04,2.42E-03,101.2152,0.9624818,6.52E-02,1685.168,4.073528,3.60E-02,3.381028,2.99E-02
11:28:06,8/24/20,1.05,0.611789,4.69E-02,0.6133847,4.44E-02,32.90302,3.67E-04,3.68E-04,2.34E-03,101.2123,0.9730399,8.42E-02,1685.117,3.933318,3.51E-02,3.264654,2.91E-02
11:52:06,8/24/20,1.05,0.2904978,1.27E-02,0.2816624,9.03E-03,32.91307,1.73E-04,1.69E-04,2.08E-03,101.175,0.9409642,6.44E-02,1685.171,3.489621,3.68E-02,2.896385,3.05E-02
12:24:06,8/24/20,1.05,0.3345993,1.47E-02,0.3110048,1.11E-02,32.7779,1.97E-04,1.86E-04,1.91E-03,101.1639,0.9414935,0.0667775,1685.133,3.207047,3.31E-02,2.661849,2.75E-02
13:10:07,8/24/20,1.05,0.2787702,2.13E-02,0.2948,1.25E-02,32.76884,1.69E-04,1.76E-04,1.85E-03,101.0959,0.8795958,6.43E-02,1685.172,3.116425,3.46E-02,2.586632,2.87E-02
13:38:07,8/24/20,1.05,0.3633234,2.11E-02,0.3451729,1.92E-02,32.86628,2.15E-04,2.06E-04,1.80E-03,101.062,0.8320588,6.72E-02,1686.015,3.023845,5.13E-02,2.509792,4.26E-02
13:46:07,8/24/20,1.05,0.3070574,2.23E-02,0.2822875,0.0138618,32.8148,1.79E-04,1.67E-04,1.78E-03,101.0302,0.8259423,6.33E-02,1699.739,3.01556,3.32E-02,2.502915,0.0275151
14:22:07,8/24/20,1.05,0.2686514,1.53E-02,0.2584332,8.27E-03,32.7941,1.59E-04,1.54E-04,1.62E-03,100.9849,0.8190758,6.17E-02,1687.123,2.735113,2.58E-02,2.270144,2.14E-02
14:58:07,8/24/20,1.05,0.7849185,0.149397,0.7207119,0.1082249,32.80355,4.61E-04,4.31E-04,1.79E-03,100.9296,0.825492,8.93E-02,1685.553,3.012054,0.0823222,2.500005,6.83E-02
15:22:07,8/24/20,1.05,0.2828058,1.40E-02,0.2700209,9.35E-03,32.84077,1.68E-04,1.62E-04,1.61E-03,100.8984,0.80378,6.23E-02,1685.275,2.710522,3.57E-02,2.249733,2.97E-02
15:54:07,8/24/20,1.05,0.1620579,1.79E-02,0.1755885,1.47E-02,32.90657,9.87E-05,1.05E-04,1.51E-03,100.8703,0.8351536,5.79E-02,1685.165,2.534398,3.25E-02,2.103551,2.70E-02
16:40:08,8/24/20,1.05,0.2736229,1.72E-02,0.2650809,9.02E-03,32.79517,1.63E-04,1.59E-04,1.38E-03,100.9178,0.8200501,6.33E-02,1685.902,2.323098,2.43E-02,1.928171,2.02E-02
17:08:08,8/24/20,1.05,0.2837099,2.15E-02,0.2790489,1.05E-02,32.83562,1.69E-04,1.67E-04,1.27E-03,100.9026,0.8173919,6.46E-02,1685.896,2.141529,3.72E-02,1.777469,3.08E-02
17:16:08,8/24/20,1.05,0.2954383,1.26E-02,0.2726718,1.07E-02,32.80413,1.74E-04,1.63E-04,1.30E-03,100.8953,0.8132122,6.42E-02,1685.699,2.185555,2.50E-02,1.81401,2.07E-02
17:52:08,8/24/20,1.05,0.2774097,2.77E-02,0.264176,1.05E-02,32.71652,1.64E-04,1.58E-04,1.28E-03,100.9151,0.782466,6.27E-02,1685.214,2.155839,2.75E-02,1.789346,2.28E-02
18:28:08,8/24/20,1.05,0.2733167,1.56E-02,0.2666174,8.14E-03,32.82362,1.63E-04,1.59E-04,1.22E-03,100.8728,0.7747828,6.27E-02,1685.171,2.051377,2.41E-02,1.702643,2.00E-02
18:52:08,8/24/20,1.05,0.3046551,2.08E-02,0.3051009,1.29E-02,32.86865,1.82E-04,1.82E-04,1.17E-03,100.8988,0.761143,6.48E-02,1685.108,1.977439,2.98E-02,1.641274,2.47E-02
19:24:08,8/24/20,1.05,0.3918748,1.78E-02,0.3560375,9.08E-03,32.8184,2.30E-04,2.13E-04,1.22E-03,100.8414,0.7565519,6.87E-02,1685.139,2.050368,2.55E-02,1.701805,2.12E-02
11:23:46,8/21/20,2.041667,0.7715442,9.61E-02,0.756711,0.0630594,32.79985,4.45E-04,4.38E-04,2.87E-03,100.6137,0.9640467,0.0943088,1744.936,4.987712,3.10E-02,4.139801,2.58E-02
11:55:46,8/21/20,2.041667,0.2069221,1.58E-02,0.2157819,8.55E-03,32.82212,1.19E-04,1.23E-04,2.84E-03,100.5741,0.9324657,5.94E-02,1765.357,4.997464,0.081683,4.147894,6.78E-02
13:07:46,8/21/20,2.041667,0.2635792,2.42E-02,0.2933505,0.014816,32.82577,1.54E-04,1.67E-04,3.09E-03,100.5467,0.9475785,6.24E-02,1771.936,5.451107,0.1270675,4.524419,0.105466
13:15:46,8/21/20,2.041667,0.2791478,2.71E-02,0.279827,3.60E-02,32.92308,1.59E-04,1.59E-04,3.04E-03,100.5499,0.9407169,0.0617526,1772.155,5.371675,0.2147216,4.45849,0.1782188
13:55:46,8/21/20,2.041667,0.3319748,5.65E-02,0.3380148,6.89E-02,32.89022,1.90E-04,1.92E-04,2.86E-03,100.5667,0.9184156,6.49E-02,1772.911,5.05343,0.1780518,4.194347,0.147783
14:31:46,8/21/20,2.041667,0.2593753,2.19E-02,0.2616061,1.06E-02,32.91114,1.48E-04,1.49E-04,2.93E-03,100.6284,0.9400998,6.10E-02,1773.16,5.180369,2.71E-02,4.299706,2.25E-02
14:53:47,8/21/20,2.041667,0.7712011,9.62E-02,0.7567107,6.31E-02,32.79985,4.44E-04,4.38E-04,2.87E-03,100.6137,0.9640467,0.0943088,1744.936,4.987712,3.10E-02,4.139801,2.58E-02
15:25:47,8/21/20,2.041667,0.2069221,1.58E-02,0.2157819,8.55E-03,32.82212,1.19E-04,1.23E-04,2.84E-03,100.5741,0.9324657,5.94E-02,1765.357,4.997464,0.081683,4.147894,6.78E-02
16:37:47,8/21/20,2.041667,0.2635792,2.42E-02,0.2933505,0.014816,32.82577,1.54E-04,1.67E-04,3.09E-03,100.5467,0.9475785,6.24E-02,1771.936,5.451107,0.1270675,4.524419,0.105466
16:45:47,8/21/20,2.041667,0.2791478,2.71E-02,0.279827,3.60E-02,32.92308,1.59E-04,1.59E-04,3.04E-03,100.5499,0.9407169,0.0617526,1772.155,5.371675,0.2147216,4.45849,0.1782188
17:25:47,8/21/20,2.041667,0.3319748,5.65E-02,0.3380148,6.89E-02,32.89022,1.90E-04,1.92E-04,2.86E-03,100.5667,0.9184156,6.49E-02,1772.911,5.05343,0.1780518,4.194347,0.147783
18:01:47,8/21/20,2.041667,0.2593753,2.19E-02,0.2616061,1.06E-02,32.91114,1.48E-04,1.49E-04,2.93E-03,100.6284,0.9400998,6.10E-02,1773.16,5.180369,2.71E-02,4.299706,2.25E-02
18:23:48,8/21/20,2.041667,0.2624417,1.55E-02,0.2837078,1.10E-02,32.9481,1.52E-04,1.61E-04,2.87E-03,100.6586,0.9342602,0.0619667,1773.617,5.083082,4.70E-02,4.218958,3.90E-02
18:55:48,8/21/20,2.041667,0.3420634,1.29E-02,0.3507158,1.26E-02,32.94277,1.96E-04,1.99E-04,2.80E-03,100.7369,0.9182827,6.56E-02,1774.172,4.958755,4.47E-02,4.115767,3.71E-02
20:07:48,8/21/20,2.041667,0.8638222,0.1006912,0.7349447,0.1040996,32.76799,4.76E-04,4.18E-04,2.85E-03,100.7515,0.924636,0.0886892,1774.213,5.047107,5.62E-02,4.189099,4.66E-02
20:15:48,8/21/20,2.041667,0.5292365,2.89E-02,0.5364829,3.02E-02,31.82888,3.02E-04,3.05E-04,2.91E-03,100.7489,0.92659,7.80E-02,1774.412,5.140835,3.05E-02,4.266893,2.53E-02
20:55:48,8/21/20,2.041667,0.7602494,2.64E-02,0.6809152,1.62E-02,24.05103,4.23E-04,3.87E-04,1.49E-03,100.7784,0.9424071,8.72E-02,1774.417,2.646163,3.46E-02,2.196316,2.87E-02
21:31:48,8/21/20,2.041667,0.8532054,3.71E-02,0.7554988,2.91E-02,20.65063,4.73E-04,4.29E-04,9.72E-04,100.8106,0.8856649,9.21E-02,1774.964,1.7227,4.31E-02,1.429841,3.57E-02
21:53:49,8/21/20,2.041667,0.859328,3.16E-02,0.7265047,1.86E-02,19.87652,4.73E-04,4.13E-04,1.01E-03,100.8159,0.8500932,9.09E-02,1774.669,1.79578,1.88E-02,1.490497,1.56E-02
22:25:49,8/21/20,2.041667,0.5058216,1.74E-02,0.4455811,9.05E-03,21.3125,2.80E-04,2.53E-04,8.35E-04,100.8283,0.8412225,7.56E-02,1774.22,1.480946,2.38E-02,1.229185,1.98E-02
23:37:49,8/21/20,2.041667,0.847923,5.92E-02,0.7524524,0.0615794,21.61114,4.71E-04,4.28E-04,1.13E-03,100.8855,0.8688115,0.0930237,1774.25,2.009015,4.07E-02,1.667482,3.38E-02
23:45:49,8/21/20,2.041667,0.9938961,0.038666,0.8092269,2.50E-02,21.89113,5.43E-04,4.60E-04,1.25E-03,100.8842,0.8745152,0.0963942,1774.988,2.213709,2.35E-02,1.837379,0.0195451
0:25:49,8/22/20,2.041667,0.703931,1.67E-02,0.5990494,1.44E-02,22.05645,3.88E-04,3.40E-04,1.18E-03,100.8806,0.8718131,8.53E-02,1775.186,2.085276,1.08E-02,1.730779,8.98E-03
1:01:49,8/22/20,2.041667,0.5350441,2.20E-02,0.4785483,1.09E-02,22.1457,2.97E-04,2.72E-04,1.06E-03,100.8863,0.8605629,7.90E-02,1775.523,1.878042,2.61E-02,1.558774,2.17E-02
1:23:50,8/22/20,2.041667,1.105552,2.07E-02,0.9705877,1.76E-02,22.11178,6.12E-04,5.51E-04,1.39E-03,100.8779,0.8916361,0.1071456,1775.512,2.45589,3.25E-02,2.038389,2.70E-02
1:55:50,8/22/20,2.041667,0.6421607,1.71E-02,0.5488932,1.36E-02,22.25172,3.54E-04,3.12E-04,1.32E-03,100.8909,0.8847847,8.40E-02,1775.006,2.332184,1.59E-02,1.935712,1.32E-02
3:07:50,8/22/20,2.041667,0.8195324,0.29162,0.8624722,0.2395399,22.11685,4.71E-04,4.90E-04,1.71E-03,100.893,0.92642,0.1026393,1775.36,3.03901,0.1280175,2.522378,0.1062545
3:15:50,8/22/20,2.041667,0.9051114,4.41E-02,0.7675421,0.0193871,22.14272,4.98E-04,4.36E-04,1.74E-03,100.8875,0.9255052,9.73E-02,1775.089,3.078205,2.44E-02,2.55491,2.02E-02
3:55:50,8/22/20,2.041667,0.8844507,3.30E-02,0.7579834,1.81E-02,22.14135,4.88E-04,4.31E-04,1.70E-03,100.9022,0.9216812,9.69E-02,1774.959,3.004283,4.87E-02,2.493555,4.04E-02
4:31:50,8/22/20,2.041667,0.7893736,2.07E-02,0.7037659,1.64E-02,22.20215,4.39E-04,4.00E-04,1.46E-03,100.9195,0.8954002,9.43E-02,1774.702,2.593719,3.05E-02,2.152786,2.53E-02
4:53:51,8/22/20,2.041667,0.5650464,1.91E-02,0.4547455,0.0117601,22.14362,3.08E-04,2.58E-04,1.27E-03,100.9404,0.8765057,7.99E-02,1774.553,2.253273,2.98E-02,1.870217,2.47E-02
5:25:51,8/22/20,2.041667,0.9220038,0.0314017,0.8202732,2.40E-02,22.1263,5.12E-04,4.66E-04,1.31E-03,100.9477,0.8800915,0.1003434,1775.421,2.316131,3.92E-02,1.922389,3.25E-02
6:37:51,8/22/20,2.041667,0.5292608,1.96E-02,0.4439223,9.39E-03,23.67155,2.91E-04,2.52E-04,1.27E-03,101.0005,0.8860738,7.78E-02,1775.584,2.259775,0.0247721,1.875613,2.06E-02
6:45:51,8/22/20,2.041667,0.4967065,1.89E-02,0.4491421,8.87E-03,24.19464,2.77E-04,2.55E-04,1.33E-03,100.9939,0.8899894,7.80E-02,1775.696,2.357265,3.65E-02,1.95653,3.03E-02
7:25:51,8/22/20,2.041667,0.4552236,2.25E-02,0.3936632,8.40E-03,26.59045,2.51E-04,2.24E-04,1.64E-03,100.9884,0.9375499,0.0738309,1775.449,2.910707,0.0354749,2.415887,2.94E-02
8:01:51,8/22/20,2.041667,0.3071522,1.78E-02,0.3114625,8.32E-03,28.89914,1.75E-04,1.77E-04,2.07E-03,100.9865,0.9679264,0.0685875,1775.415,3.675059,3.57E-02,3.050299,0.0296069
8:23:52,8/22/20,2.041667,0.2817167,1.93E-02,0.3253985,9.88E-03,30.45822,1.65E-04,1.85E-04,2.41E-03,100.9933,0.9938652,6.80E-02,1775.599,4.264927,4.46E-02,3.53989,3.70E-02
8:55:52,8/22/20,2.041667,0.2209629,1.72E-02,0.2722518,8.23E-03,32.32019,1.32E-04,1.55E-04,2.94E-03,100.9921,1.011131,6.30E-02,1775.557,5.203217,0.1166949,4.31867,9.69E-02
10:07:52,8/22/20,2.041667,0.2543261,2.36E-02,0.2792487,2.78E-02,32.94235,1.47E-04,1.59E-04,3.18E-03,101.0396,0.9810232,6.23E-02,1777.126,5.638768,0.6430137,4.680178,0.5337013
10:15:52,8/22/20,2.041667,0.2762521,2.88E-02,0.3093589,3.00E-02,33.01329,1.61E-04,1.76E-04,3.26E-03,101.0507,0.986325,0.063811,1776.293,5.766657,0.0306784,4.786325,2.55E-02
10:55:52,8/22/20,2.041667,0.251578,7.80E-02,0.2724987,6.88E-02,33.03564,1.45E-04,1.55E-04,3.18E-03,101.088,0.9738785,6.20E-02,1776.45,5.625567,5.33E-02,4.669221,4.42E-02
11:31:52,8/22/20,2.041667,0.3286919,2.39E-02,0.350107,3.00E-02,32.9419,1.89E-04,1.99E-04,2.94E-03,101.0434,0.9538411,6.61E-02,1776.078,5.205909,0.1839606,4.320904,0.1526872
11:53:53,8/22/20,2.041667,0.2964225,0.0216074,0.3097655,1.55E-02,32.9264,1.70E-04,1.76E-04,2.86E-03,101.0622,0.9424635,6.35E-02,1776.028,5.066517,3.64E-02,4.205209,3.02E-02
12:25:53,8/22/20,2.041667,0.2478589,2.43E-02,0.2714415,2.59E-02,32.94595,1.44E-04,1.54E-04,2.67E-03,101.0221,0.9237372,6.16E-02,1776.324,4.73118,0.2082598,3.926879,0.1728556
13:37:53,8/22/20,2.041667,0.2073191,0.0209888,0.2379542,1.39E-02,32.94024,1.21E-04,1.35E-04,2.58E-03,100.9568,0.9286206,5.95E-02,1776.307,4.572094,2.93E-02,3.794838,2.44E-02
13:45:53,8/22/20,2.041667,0.2324337,1.62E-02,0.2338073,9.67E-03,32.80262,1.32E-04,1.33E-04,2.55E-03,100.9569,0.9249595,6.05E-02,1776.151,4.511255,2.75E-02,3.744341,2.28E-02
14:25:53,8/22/20,2.041667,0.4357381,2.86E-02,0.4431342,0.0379046,32.88725,2.48E-04,2.52E-04,2.50E-03,100.8873,0.9189988,7.10E-02,1776.05,4.431287,2.01E-02,3.677968,1.67E-02
15:01:53,8/22/20,2.041667,0.360452,0.022696,0.3643768,1.90E-02,32.9317,2.05E-04,2.07E-04,2.44E-03,100.8874,0.9134803,6.67E-02,1775.68,4.32591,4.23E-02,3.590505,3.51E-02
15:23:54,8/22/20,2.041667,0.2306489,1.63E-02,0.2498897,1.14E-02,32.85062,1.33E-04,1.42E-04,2.27E-03,100.8781,0.8987886,6.03E-02,1775.813,4.02727,4.60E-02,3.342634,3.82E-02
15:55:54,8/22/20,2.041667,0.2626322,7.35E-02,0.2800583,0.0648523,32.87502,1.51E-04,1.59E-04,2.39E-03,100.9244,0.9061,6.23E-02,1776.171,4.234057,0.2853424,3.514268,0.2368342
17:07:54,8/22/20,2.041667,0.1610056,2.69E-02,0.1869524,1.09E-02,32.8557,9.45E-05,1.06E-04,2.48E-03,101.0318,0.8992634,0.0569563,1776.369,4.399984,0.1315837,3.651987,0.1092145
17:15:54,8/22/20,2.041667,0.3196341,1.57E-02,0.3262265,0.0146023,32.93784,1.82E-04,1.85E-04,2.56E-03,101.0214,0.9030474,6.46E-02,1776.664,4.532184,2.18E-02,3.761712,1.81E-02
17:55:54,8/22/20,2.041667,0.3165298,5.38E-02,0.3499102,5.72E-02,32.79113,1.84E-04,1.99E-04,2.44E-03,101.0244,0.8946781,0.0661015,1776.55,4.321187,0.2685433,3.586585,0.2228909
18:31:54,8/22/20,2.041667,0.1994662,0.010793,0.2026293,9.32E-03,32.83268,1.14E-04,1.15E-04,2.13E-03,101.0733,0.8630037,5.77E-02,1776.609,3.772635,4.09E-02,3.131287,3.39E-02
18:53:55,8/22/20,2.041667,0.3114647,3.77E-02,0.315514,3.01E-02,32.94955,1.77E-04,1.79E-04,2.22E-03,101.0714,0.8676685,6.42E-02,1776.971,3.93443,3.39E-02,3.265577,2.82E-02
19:25:55,8/22/20,2.041667,0.314849,2.15E-02,0.2955547,1.39E-02,32.8845,1.76E-04,1.68E-04,2.08E-03,101.0967,0.8545142,6.32E-02,1777,3.695147,2.98E-02,3.066972,2.48E-02
20:37:55,8/22/20,2.041667,0.7515382,0.2359292,0.7817583,0.2238703,27.84114,4.30E-04,4.44E-04,1.80E-03,101.1985,0.9347012,9.31E-02,1777.143,3.188515,9.91E-02,2.646467,8.23E-02
20:45:55,8/22/20,2.041667,0.8016581,0.1358878,0.7371431,0.1088796,26.34742,4.48E-04,4.19E-04,1.52E-03,101.1974,0.9265487,9.06E-02,1776.96,2.7005,7.59E-02,2.241415,6.30E-02
21:25:55,8/22/20,2.041667,0.540749,2.35E-02,0.4891725,1.87E-02,21.43848,3.01E-04,2.78E-04,3.74E-04,101.2144,0.8697496,7.69E-02,1777.128,0.6648317,2.65E-02,0.5518103,2.20E-02
22:01:55,8/22/20,2.041667,0.7542431,5.24E-02,0.7202692,3.49E-02,20.41272,4.24E-04,4.09E-04,8.34E-04,101.2315,0.8536134,9.06E-02,1777.382,1.48119,2.37E-02,1.229388,1.97E-02
22:23:56,8/22/20,2.041667,0.7419929,4.19E-02,0.6766837,1.40E-02,21.56835,4.13E-04,3.84E-04,9.56E-04,101.2498,0.8477994,8.83E-02,1777.237,1.697053,1.97E-02,1.408554,1.64E-02
22:55:56,8/22/20,2.041667,0.699613,4.50E-02,0.6331286,2.93E-02,21.14869,3.89E-04,3.59E-04,8.44E-04,101.2789,0.8506142,8.58E-02,1777.184,1.499524,2.10E-02,1.244605,0.0174273
0:07:56,8/23/20,2.041667,0.681555,4.50E-02,0.6529346,3.83E-02,21.8753,3.84E-04,3.71E-04,1.06E-03,101.2697,0.8616278,8.85E-02,1776.458,1.87674,2.36E-02,1.557694,1.96E-02
0:15:56,8/23/20,2.041667,0.869259,5.27E-02,0.8046896,6.06E-02,21.94755,4.86E-04,4.57E-04,1.26E-03,101.2721,0.8760685,9.72E-02,1776.85,2.244686,3.17E-02,1.863089,2.63E-02
0:55:56,8/23/20,2.041667,0.6305568,0.0272014,0.6060008,1.68E-02,22.1253,3.55E-04,3.44E-04,1.30E-03,101.2696,0.8858296,8.67E-02,1776.627,2.312953,2.62E-02,1.919751,2.17E-02
1:31:56,8/23/20,2.041667,0.6232219,2.62E-02,0.6208592,3.66E-02,22.0757,3.54E-04,3.52E-04,1.21E-03,101.2958,0.8781295,8.68E-02,1776.975,2.149951,1.93E-02,1.784459,1.60E-02
1:53:57,8/23/20,2.041667,0.8817812,3.71E-02,0.8809825,0.0147644,22.16238,5.01E-04,5.00E-04,1.38E-03,101.3086,0.8913681,0.1017338,1776.909,2.454021,2.01E-02,2.036838,1.67E-02
2:25:57,8/23/20,2.041667,0.6125802,1.97E-02,0.5812896,0.0162908,22.13793,3.44E-04,3.30E-04,1.40E-03,101.3182,0.8967823,8.49E-02,1776.701,2.487996,3.42E-02,2.065037,2.84E-02
3:37:57,8/23/20,2.041667,1.051808,1.53E-02,1.003495,3.13E-02,22.13585,5.91E-04,5.70E-04,1.50E-03,101.3169,0.9030071,0.1106414,1776.968,2.659099,3.92E-02,2.207052,3.25E-02
3:45:57,8/23/20,2.041667,0.9375508,7.28E-02,0.8877288,5.20E-02,22.07822,5.27E-04,5.04E-04,1.70E-03,101.3125,0.9197379,0.104079,1776.683,3.010977,4.62E-02,2.499111,3.83E-02
4:25:57,8/23/20,2.041667,0.7264739,5.22E-02,0.6923549,0.0289772,22.08515,4.09E-04,3.93E-04,1.64E-03,101.3445,0.9182681,9.36E-02,1776.985,2.914951,2.18E-02,2.419409,1.81E-02
5:01:57,8/23/20,2.041667,0.733981,3.14E-02,0.7129189,2.83E-02,22.03024,4.14E-04,4.05E-04,1.67E-03,101.3577,0.9248779,0.0946978,1777.581,2.972187,1.93E-02,2.466915,1.61E-02
5:23:58,8/23/20,2.041667,0.6944717,0.0149267,0.6715279,1.95E-02,22.0915,3.92E-04,3.81E-04,1.63E-03,101.3708,0.9139409,9.25E-02,1777.04,2.887716,2.54E-02,2.396805,2.11E-02
5:55:58,8/23/20,2.041667,0.7054914,2.66E-02,0.7007944,1.70E-02,22.16353,4.00E-04,3.98E-04,1.63E-03,101.3968,0.9186251,9.43E-02,1777.464,2.887856,3.03E-02,2.396921,2.51E-02
7:07:58,8/23/20,2.041667,0.4144182,2.53E-02,0.4223233,1.17E-02,25.47908,2.36E-04,2.40E-04,1.76E-03,101.466,0.949223,7.72E-02,1777.273,3.130024,3.93E-02,2.59792,3.26E-02
7:15:58,8/23/20,2.041667,0.4103278,2.34E-02,0.399088,1.05E-02,26.04237,2.32E-04,2.27E-04,1.84E-03,101.4597,0.9578028,7.60E-02,1777.451,3.269815,0.0357521,2.713947,2.97E-02
7:55:58,8/23/20,2.041667,0.3282168,2.10E-02,0.343302,1.06E-02,28.50805,1.88E-04,1.95E-04,2.25E-03,101.4705,0.9794172,7.07E-02,1776.908,3.988412,0.0822762,3.310382,6.83E-02
8:31:58,8/23/20,2.041667,0.2625703,2.06E-02,0.294822,0.0140932,30.80293,1.53E-04,1.68E-04,2.85E-03,101.465,1.031126,6.74E-02,1776.887,5.054565,6.72E-02,4.19529,5.57E-02
8:53:59,8/23/20,2.041667,0.2418122,0.0198541,0.2479523,9.93E-03,32.18035,1.38E-04,1.41E-04,3.29E-03,101.456,1.053871,6.37E-02,1777.013,5.82362,7.39E-02,4.833605,6.13E-02
9:25:59,8/23/20,2.041667,0.2315916,2.36E-02,0.2405437,9.81E-03,32.94963,1.33E-04,1.37E-04,3.84E-03,101.458,1.070238,6.16E-02,1776.546,6.788091,5.30E-02,5.634115,0.0439834
10:37:59,8/23/20,2.041667,3.16E-02,3.19E-02,8.09E-02,2.28E-02,32.97309,2.38E-05,4.60E-05,3.59E-03,101.4634,1.031319,5.13E-02,1776.877,6.356222,0.0504245,5.275664,4.19E-02
10:45:59,8/23/20,2.041667,0.3544677,2.82E-02,0.3617622,1.77E-02,32.87733,2.02E-04,2.06E-04,3.67E-03,101.4623,1.03769,6.68E-02,1777.234,6.49315,5.44E-02,5.389315,0.0451512
11:25:59,8/23/20,2.041667,0.3030402,0.0356926,0.3191775,3.00E-02,32.9363,1.74E-04,1.81E-04,3.27E-03,101.4402,1.012138,6.52E-02,1778.173,5.795979,0.6534926,4.810662,0.5423988
12:01:59,8/23/20,2.041667,0.2743715,3.51E-02,0.2696043,3.81E-02,32.99239,1.55E-04,1.53E-04,2.90E-03,101.4014,0.9818561,6.18E-02,1778.744,5.133661,0.565361,4.260939,0.4692496
12:24:00,8/23/20,2.041667,0.2190874,2.22E-02,0.210982,1.47E-02,32.9177,1.23E-04,1.20E-04,2.86E-03,101.356,0.9813253,5.81E-02,1778.089,5.065924,0.2940629,4.204717,0.2440722
12:56:00,8/23/20,2.041667,0.3632647,3.58E-02,0.3525657,0.0238021,32.95417,2.05E-04,2.00E-04,0.0029998,101.3274,1.001767,0.0661973,1776.941,5.314345,0.2661511,4.410906,0.2209055
14:08:00,8/23/20,2.041667,0.1934795,1.89E-02,0.2179914,1.19E-02,32.82409,1.13E-04,1.24E-04,2.71E-03,101.2491,0.9956104,5.84E-02,1776.707,4.793684,0.0562411,3.978757,4.67E-02
14:16:00,8/23/20,2.041667,0.2139223,1.70E-02,0.22829,1.00E-02,32.92887,1.23E-04,1.30E-04,2.71E-03,101.2404,0.990114,5.90E-02,1777.039,4.807675,7.78E-02,3.990371,6.46E-02
14:56:00,8/23/20,2.041667,8.91E-02,2.30E-02,0.1098008,1.11E-02,32.77327,5.31E-05,6.24E-05,2.63E-03,101.2129,0.9716802,5.21E-02,1776.698,4.662816,0.1269731,3.870137,0.1053877
15:32:00,8/23/20,2.041667,0.1508392,1.91E-02,0.1515152,7.30E-03,32.78664,8.57E-05,8.60E-05,2.50E-03,101.2898,0.9573581,5.48E-02,1777.743,4.428464,0.3283038,3.675625,0.2724921
15:54:01,8/23/20,2.041667,0.3805688,5.29E-02,0.3922574,3.45E-02,32.8887,2.17E-04,2.23E-04,2.51E-03,101.3591,0.9416277,6.86E-02,1777.96,4.444237,5.63E-02,3.688716,4.68E-02
16:26:01,8/23/20,2.041667,0.1998592,1.73E-02,0.2133504,8.77E-03,32.84472,1.15E-04,1.21E-04,2.38E-03,101.2733,0.9141705,5.89E-02,1776.966,4.222114,3.00E-02,3.504354,2.49E-02
17:38:01,8/23/20,2.041667,0.2885782,2.12E-02,0.2983691,1.56E-02,32.91833,1.65E-04,1.69E-04,2.52E-03,101.2454,0.9248025,6.42E-02,1776.894,4.464,5.31E-02,3.70512,4.41E-02
17:46:01,8/23/20,2.041667,0.2001313,1.71E-02,0.2368945,1.65E-02,32.862,1.18E-04,1.35E-04,2.47E-03,101.2506,0.9132367,6.06E-02,1777.149,4.371218,4.71E-02,3.628111,3.91E-02
18:26:01,8/23/20,2.041667,0.2291693,2.56E-02,0.2527854,0.0073203,32.80457,1.33E-04,1.44E-04,2.36E-03,101.272,0.9116786,6.13E-02,1776.949,4.182683,5.16E-02,3.471627,4.28E-02
19:02:01,8/23/20,2.041667,9.07E-02,2.79E-02,0.1345044,8.49E-03,32.84567,5.68E-05,7.64E-05,3.07E-03,101.3247,0.9904579,5.51E-02,1777.175,5.435345,0.2193453,4.511336,0.1820566
19:24:02,8/23/20,2.041667,0.2536733,1.77E-02,0.3000536,8.82E-03,32.88103,1.50E-04,1.70E-04,2.89E-03,101.2931,0.9681746,6.43E-02,1777.161,5.129541,5.11E-02,4.257519,4.24E-02
19:56:02,8/23/20,2.041667,0.2954495,8.27E-02,0.3898669,0.1137935,32.83517,1.79E-04,2.21E-04,2.81E-03,101.3195,0.9511731,7.00E-02,1777.638,4.983106,0.5210097,4.135978,0.432438
21:08:02,8/23/20,2.041667,0.5001149,0.0180185,0.4565595,0.0187824,23.17655,2.79E-04,2.59E-04,1.02E-03,101.3573,0.9552966,7.65E-02,1777.688,1.820156,3.33E-02,1.51073,0.0276652
21:16:02,8/23/20,2.041667,0.6034277,1.78E-02,0.5857066,1.24E-02,22.47189,3.41E-04,3.33E-04,8.54E-04,101.3644,0.9540327,8.43E-02,1777.982,1.517427,3.51E-02,1.259464,0.0291734
21:56:02,8/23/20,2.041667,0.7615988,1.28E-02,0.771965,1.20E-02,21.1886,4.33E-04,4.38E-04,1.06E-03,101.3627,0.9066979,9.51E-02,1777.904,1.879766,3.37E-02,1.560206,2.80E-02
22:32:02,8/23/20,2.041667,0.8829232,2.25E-02,0.8777534,2.82E-02,20.60498,5.01E-04,4.98E-04,1.37E-03,101.3729,0.909296,0.1008203,1777.736,2.428373,2.45E-02,2.01555,2.03E-02
22:54:03,8/23/20,2.041667,0.6902585,3.06E-02,0.6687995,2.54E-02,21.4969,3.89E-04,3.80E-04,1.29E-03,101.3509,0.904193,8.93E-02,1777.541,2.285762,1.94E-02,1.897183,1.61E-02
23:26:03,8/23/20,2.041667,0.6331562,1.80E-02,0.6424201,1.49E-02,21.23362,3.61E-04,3.65E-04,1.35E-03,101.3289,0.9144295,8.75E-02,1777.148,2.397226,1.89E-02,1.989697,1.57E-02
0:38:03,8/24/20,2.041667,0.7563189,2.97E-02,0.7892245,2.27E-02,22.07255,4.34E-04,4.49E-04,1.59E-03,101.2641,0.9391288,9.50E-02,1775.946,2.817153,2.42E-02,2.338237,2.01E-02
0:46:03,8/24/20,2.041667,0.6345455,2.15E-02,0.6250445,1.12E-02,22.06449,3.59E-04,3.55E-04,1.54E-03,101.271,0.9299043,8.57E-02,1776.08,2.739183,3.47E-02,2.273522,2.88E-02
1:26:03,8/24/20,2.041667,0.6623166,3.30E-02,0.637244,2.43E-02,22.13643,3.73E-04,3.62E-04,1.55E-03,101.2668,0.935144,8.85E-02,1776.025,2.753394,3.35E-02,2.285317,2.78E-02
2:02:03,8/24/20,2.041667,0.812323,1.25E-02,0.843959,1.92E-02,22.13067,4.65E-04,4.80E-04,1.50E-03,101.2538,0.9314402,0.1003202,1775.732,2.667762,2.15E-02,2.214242,1.78E-02
2:24:04,8/24/20,2.041667,0.6622907,2.10E-02,0.6772562,1.26E-02,22.09357,3.78E-04,3.85E-04,1.60E-03,101.2387,0.9377526,9.07E-02,1775.62,2.841748,2.03E-02,2.358651,1.68E-02
2:56:04,8/24/20,2.041667,0.8035152,7.24E-02,0.8851669,2.97E-02,22.13863,4.67E-04,0.0005033,1.72E-03,101.2423,0.9490435,0.1039649,1775.44,3.047794,2.89E-02,2.529669,2.40E-02
4:08:04,8/24/20,2.041667,0.9899172,1.85E-02,0.9535795,2.02E-02,22.11929,5.59E-04,5.42E-04,1.84E-03,101.2582,0.9567961,0.1075164,1775.531,3.25698,2.60E-02,2.703293,2.15E-02
4:16:04,8/24/20,2.041667,0.9220156,0.1229119,0.8460511,8.33E-02,22.10495,5.15E-04,4.81E-04,1.96E-03,101.2593,0.9615999,0.1018307,1775.79,3.465564,2.92E-02,2.876418,2.42E-02
4:56:04,8/24/20,2.041667,0.7096589,7.11E-02,0.733457,8.12E-02,22.09515,4.06E-04,4.17E-04,1.92E-03,101.2707,0.9580907,9.63E-02,1775.478,3.406132,2.42E-02,2.827089,2.01E-02
5:32:04,8/24/20,2.041667,0.6809608,3.10E-02,0.6784859,1.62E-02,22.13754,3.87E-04,3.86E-04,1.74E-03,101.2807,0.9387772,9.36E-02,1775.346,3.085682,2.90E-02,2.561116,2.41E-02
5:54:05,8/24/20,2.041667,0.5416834,1.73E-02,0.5312743,0.0124817,22.22087,3.07E-04,3.02E-04,1.65E-03,101.2952,0.9299234,8.54E-02,1775.315,2.926423,3.20E-02,2.428931,2.66E-02
6:26:05,8/24/20,2.041667,0.3407189,1.60E-02,0.3443139,7.24E-03,23.18692,1.94E-04,1.96E-04,1.60E-03,101.2982,0.9303778,0.0735493,1775.223,2.828548,1.71E-02,2.347695,1.42E-02
7:38:05,8/24/20,2.041667,0.3739844,1.62E-02,0.3535265,1.81E-02,27.56049,2.10E-04,2.01E-04,2.10E-03,101.2743,0.999068,7.21E-02,1775.411,3.72328,2.36E-02,3.090323,1.96E-02
7:46:05,8/24/20,2.041667,0.3926574,1.96E-02,0.3622284,2.16E-02,27.97932,2.20E-04,2.06E-04,2.21E-03,101.2827,1.00737,7.27E-02,1774.891,3.917326,0.0517795,3.25138,4.30E-02
8:26:05,8/24/20,2.041667,0.2651303,1.61E-02,0.2829999,1.33E-02,30.41417,1.53E-04,1.61E-04,2.72E-03,101.2731,1.04682,0.066421,1774.226,4.818872,7.36E-02,3.999664,6.11E-02
9:02:05,8/24/20,2.041667,0.2556779,1.36E-02,0.2602997,1.03E-02,32.88908,1.46E-04,1.48E-04,3.39E-03,101.2489,1.079404,6.41E-02,1774.571,5.999117,5.17E-02,4.979267,4.29E-02
9:24:06,8/24/20,2.041667,0.1668186,1.52E-02,0.235542,7.86E-03,32.9878,1.03E-04,1.34E-04,3.75E-03,101.2574,1.082388,6.21E-02,1774.738,6.632895,0.0607587,5.505303,5.04E-02
9:56:06,8/24/20,2.041667,0.2531,1.74E-02,0.2960331,1.43E-02,32.90655,1.49E-04,1.69E-04,3.67E-03,101.2427,1.076806,6.49E-02,1774.977,6.496973,5.80E-02,5.392487,4.81E-02
11:08:06,8/24/20,2.041667,0.2326076,2.31E-02,0.2433576,3.07E-02,33.04547,1.34E-04,1.39E-04,3.37E-03,101.2169,1.06478,6.14E-02,1775.299,5.970211,1.75E-02,4.955275,0.0145417
11:16:06,8/24/20,2.041667,7.83E-02,2.27E-02,6.64E-02,9.74E-03,32.91969,4.32E-05,3.78E-05,3.22E-03,101.2168,1.054563,5.16E-02,1775.875,5.704432,9.06E-02,4.734678,7.52E-02
11:56:06,8/24/20,2.041667,0.2135753,1.91E-02,0.2164067,1.19E-02,32.95908,1.22E-04,1.23E-04,2.97E-03,101.1742,1.032854,5.94E-02,1775.891,5.253462,0.3109791,4.360373,0.2581126
12:32:06,8/24/20,2.041667,0.1580608,4.61E-02,0.2026287,4.15E-02,32.88972,9.52E-05,1.15E-04,2.92E-03,101.157,1.039515,5.88E-02,1776.19,5.167639,0.1871934,4.28914,0.1553706
12:54:07,8/24/20,2.041667,0.2101268,5.43E-02,0.2320437,4.61E-02,32.81884,1.22E-04,1.32E-04,2.73E-03,101.1273,1.013636,5.98E-02,1775.941,4.839178,0.511082,4.016518,0.424198
13:26:07,8/24/20,2.041667,0.1626671,1.56E-02,0.1792418,9.09E-03,32.72723,9.44E-05,1.02E-04,2.63E-03,101.0831,0.9267069,5.67E-02,1775.396,4.654935,0.3341771,3.863596,0.277367
14:38:07,8/24/20,2.041667,0.2070028,0.0190001,0.2121506,9.75E-03,32.81815,1.18E-04,1.21E-04,2.47E-03,100.9609,0.9013898,5.84E-02,1774.412,4.375875,0.1589734,3.631976,0.1319479
14:46:07,8/24/20,2.041667,0.2186351,0.1188148,0.266865,7.84E-02,32.8503,1.30E-04,1.52E-04,2.49E-03,100.9498,0.9004814,6.16E-02,1774.805,4.407752,0.4686798,3.658434,0.3890043
15:26:07,8/24/20,2.041667,0.2010522,1.48E-02,0.2122501,8.89E-03,32.9216,1.16E-04,1.21E-04,2.48E-03,100.904,0.8923257,5.83E-02,1773.615,4.389013,5.03E-02,3.64288,4.18E-02
16:02:07,8/24/20,2.041667,0.1695369,1.61E-02,0.1781183,7.76E-03,32.74199,9.75E-05,1.01E-04,2.52E-03,100.874,0.9403973,5.73E-02,1773.105,4.463987,3.28E-02,3.70511,0.0271843
16:24:08,8/24/20,2.041667,0.1622449,2.08E-02,0.1639774,8.97E-03,32.8586,9.25E-05,9.33E-05,2.51E-03,100.8923,0.9346555,5.68E-02,1773.483,4.44552,4.02E-02,3.689782,3.34E-02
16:56:08,8/24/20,2.041667,7.33E-02,1.90E-02,7.34E-02,1.97E-02,32.85812,4.17E-05,4.17E-05,2.50E-03,100.929,0.935807,5.21E-02,1773.651,4.414167,0.160597,3.663759,0.1332956
18:08:08,8/24/20,2.041667,0.3504385,0.0200173,0.370399,1.25E-02,32.7892,2.02E-04,2.11E-04,2.27E-03,100.8997,0.8882028,6.75E-02,1773.473,4.009687,1.92E-02,3.32804,1.60E-02
18:16:08,8/24/20,2.041667,0.2982616,1.83E-02,0.3192224,1.42E-02,32.83455,1.72E-04,1.82E-04,2.30E-03,100.8911,0.8857985,6.47E-02,1774.106,4.069304,3.10E-02,3.377522,2.57E-02
18:56:08,8/24/20,2.041667,0.2309248,2.37E-02,0.2438294,8.81E-03,32.76042,1.33E-04,1.39E-04,2.09E-03,100.9014,0.8527639,0.0606682,1773.758,3.702651,3.32E-02,3.0732,2.76E-02
19:32:08,8/24/20,2.041667,0.4383558,5.57E-02,0.4298676,0.0610338,32.75784,2.48E-04,2.44E-04,2.15E-03,100.835,0.8538845,7.19E-02,1773.198,3.798795,5.98E-02,3.153,4.96E-02
11:31:46,8/21/20,3.033333,1.335682,5.13E-02,1.21433,3.36E-02,32.88727,7.54E-04,6.99E-04,2.44E-03,100.6008,0.914803,0.1166071,1754.021,4.269644,5.63E-02,3.543805,4.67E-02
12:11:46,8/21/20,3.033333,0.7289796,2.12E-02,0.611156,1.26E-02,32.76152,4.06E-04,3.52E-04,2.01E-03,100.5698,0.844454,8.15E-02,1750.935,3.515296,0.0202679,2.917696,1.68E-02
12:23:46,8/21/20,3.033333,0.4127836,1.57E-02,0.3762403,9.49E-03,32.90549,2.33E-04,2.16E-04,1.73E-03,100.5595,0.8168173,6.76E-02,1755.452,3.039645,3.12E-02,2.522906,2.59E-02
12:47:46,8/21/20,3.033333,0.3785094,2.02E-02,0.3413761,7.77E-03,32.90515,2.13E-04,1.96E-04,1.46E-03,100.5422,0.7809348,6.56E-02,1754.693,2.560513,3.00E-02,2.125225,2.49E-02
13:11:46,8/21/20,3.033333,0.3917452,1.86E-02,0.3595934,9.63E-03,32.92487,2.21E-04,2.06E-04,1.26E-03,100.5458,0.7619699,6.66E-02,1755.218,2.206342,2.07E-02,1.831264,0.0171814
13:43:46,8/21/20,3.033333,0.3868649,1.94E-02,0.3673135,7.59E-03,32.81915,2.20E-04,2.11E-04,1.08E-03,100.5653,0.7380342,6.69E-02,1754.837,1.900926,2.24E-02,1.577769,1.86E-02
14:15:46,8/21/20,3.033333,0.9356003,2.40E-02,0.895825,2.06E-02,32.87589,5.32E-04,5.14E-04,1.21E-03,100.6153,0.7549562,9.73E-02,1754.934,2.124237,3.40E-02,1.763117,2.82E-02
14:35:46,8/21/20,3.033333,0.4688387,2.04E-02,0.4509972,1.02E-02,32.89434,2.67E-04,2.59E-04,1.15E-03,100.6403,0.7574624,7.19E-02,1754.613,2.006839,2.02E-02,1.665676,1.67E-02
15:01:47,8/21/20,3.033333,1.335681,5.13E-02,1.21433,3.36E-02,32.88727,7.54E-04,6.99E-04,2.44E-03,100.6008,0.914803,0.1166071,1754.021,4.269644,5.63E-02,3.543804,4.67E-02
15:41:47,8/21/20,3.033333,0.7289796,2.12E-02,0.611156,1.26E-02,32.76152,4.06E-04,3.52E-04,2.01E-03,100.5698,0.844454,8.15E-02,1750.935,3.515296,2.03E-02,2.917696,1.68E-02
15:53:47,8/21/20,3.033333,0.4127836,1.57E-02,0.3762403,9.49E-03,32.90549,2.33E-04,2.16E-04,1.73E-03,100.5595,0.8168173,6.76E-02,1755.452,3.039645,3.12E-02,2.522906,2.59E-02
16:17:47,8/21/20,3.033333,0.3785094,2.02E-02,0.3413761,7.77E-03,32.90515,2.13E-04,1.96E-04,1.46E-03,100.5422,0.7809348,6.56E-02,1754.693,2.560513,3.00E-02,2.125225,2.49E-02
16:41:47,8/21/20,3.033333,0.3917452,1.86E-02,0.3595935,9.63E-03,32.92487,2.21E-04,2.06E-04,1.26E-03,100.5458,0.7619699,6.66E-02,1755.218,2.206342,2.07E-02,1.831264,1.72E-02
17:13:47,8/21/20,3.033333,0.3868649,1.94E-02,0.3673135,7.59E-03,32.81915,2.20E-04,2.11E-04,1.08E-03,100.5653,0.7380342,6.69E-02,1754.837,1.900926,2.24E-02,1.577769,1.86E-02
17:45:47,8/21/20,3.033333,0.9356002,2.40E-02,0.8958251,2.06E-02,32.87589,5.32E-04,5.14E-04,1.21E-03,100.6153,0.7549562,9.73E-02,1754.934,2.124238,3.40E-02,1.763117,2.82E-02
18:05:47,8/21/20,3.033333,0.4688343,2.04E-02,0.4509972,1.02E-02,32.89434,2.67E-04,2.59E-04,1.15E-03,100.6403,0.7574624,7.19E-02,1754.613,2.006839,2.02E-02,1.665676,1.67E-02
18:31:48,8/21/20,3.033333,0.5396248,0.0262588,0.4997952,2.07E-02,32.93212,3.05E-04,2.87E-04,9.66E-04,100.6729,0.7375799,0.074462,1755.223,1.694257,2.72E-02,1.406233,0.0226119
19:11:48,8/21/20,3.033333,0.3764516,1.42E-02,0.3411306,1.13E-02,32.87892,2.12E-04,1.96E-04,7.19E-04,100.7255,0.7068122,6.55E-02,1755.233,1.26135,2.32E-02,1.04692,0.0192501
19:23:48,8/21/20,3.033333,0.3839904,2.70E-02,0.3448587,1.39E-02,32.92797,2.16E-04,1.98E-04,6.18E-04,100.7342,0.6982553,0.0658628,1755.44,1.083812,1.90E-02,0.8995643,1.57E-02
19:47:48,8/21/20,3.033333,0.8505974,4.82E-02,0.7729719,0.050095,32.80792,4.79E-04,4.43E-04,7.63E-04,100.7496,0.7111911,9.07E-02,1755.483,1.337959,1.27E-02,1.110506,0.0105304
20:11:48,8/21/20,3.033333,0.7419643,3.13E-02,0.7360426,3.96E-02,32.77985,4.25E-04,4.22E-04,9.71E-04,100.7568,0.7322831,8.95E-02,1755.925,1.70345,1.83E-02,1.413864,1.52E-02
20:43:48,8/21/20,3.033333,0.9544979,0.132471,0.8404891,7.58E-02,26.57385,5.34E-04,4.82E-04,-3.60E-04,100.76,0.7229642,9.66E-02,1755.727,-0.6318712,5.98E-02,-0.524453,4.96E-02
21:15:48,8/21/20,3.033333,1.091251,2.57E-02,0.8456231,2.12E-02,21.3907,5.96E-04,4.84E-04,-1.60E-03,100.808,0.6621485,0.0973703,1756.706,-2.806535,2.62E-02,-2.329424,2.17E-02
21:35:48,8/21/20,3.033333,1.419661,3.13E-02,1.188143,1.58E-02,20.51357,7.85E-04,6.81E-04,-1.48E-03,100.8069,0.6245244,0.117398,1756.729,-2.608701,2.69E-02,-2.165222,2.23E-02
22:01:49,8/21/20,3.033333,1.461855,4.44E-02,1.258078,2.59E-02,20.66087,8.12E-04,7.20E-04,-1.30E-03,100.8227,0.600373,0.1223831,1757.47,-2.292352,3.58E-02,-1.902653,2.97E-02
22:41:49,8/21/20,3.033333,1.46727,3.98E-02,1.289756,5.21E-02,21.13515,8.19E-04,7.39E-04,-1.05E-03,100.8275,0.6444705,0.1236027,1757.263,-1.853584,3.01E-02,-1.538475,0.024953
22:53:49,8/21/20,3.033333,1.559115,5.04E-02,1.333542,2.96E-02,21.29762,8.66E-04,7.64E-04,-9.11E-04,100.8325,0.6592049,0.1260043,1757.018,-1.60124,3.23E-02,-1.329029,2.68E-02
23:17:49,8/21/20,3.033333,1.288807,0.1410631,1.155509,0.1317019,21.63915,7.22E-04,6.62E-04,-6.25E-04,100.8635,0.6879775,0.1155514,1757.619,-1.098687,3.48E-02,-0.9119099,2.89E-02
23:41:49,8/21/20,3.033333,1.627275,3.67E-02,1.39884,2.72E-02,21.66499,9.05E-04,8.01E-04,-5.69E-04,100.8858,0.6913505,0.1303766,1757.828,-1.000119,2.45E-02,-0.8300986,2.03E-02
0:13:49,8/22/20,3.033333,1.168928,3.84E-02,0.9883116,3.32E-02,22.01248,6.48E-04,5.66E-04,-3.27E-04,100.8792,0.7137936,0.1072828,1757.618,-0.57483,2.86E-02,-0.4771089,2.37E-02
0:45:49,8/22/20,3.033333,0.81423,1.11E-02,0.62659,1.11E-02,22.14099,4.44E-04,3.59E-04,-4.30E-04,100.8821,0.7072459,0.0877845,1757.747,-0.7566789,1.61E-02,-0.6280435,0.0133223
1:05:49,8/22/20,3.033333,0.7833821,0.0128509,0.6104807,1.06E-02,22.18592,4.28E-04,3.50E-04,-4.95E-04,100.8887,0.7018611,8.70E-02,1757.537,-0.8704271,1.45E-02,-0.7224545,1.21E-02
1:31:50,8/22/20,3.033333,0.8330719,1.16E-02,0.6544071,1.22E-02,22.15348,4.56E-04,3.75E-04,-4.90E-04,100.8847,0.697973,0.0899249,1757.744,-0.8613303,1.47E-02,-0.7149041,1.22E-02
2:11:50,8/22/20,3.033333,1.584574,3.00E-02,1.333456,1.72E-02,22.1349,8.78E-04,7.64E-04,-1.61E-04,100.9074,0.7287583,0.1297977,1758.469,-0.2825721,1.74E-02,-0.2345348,1.45E-02
2:23:50,8/22/20,3.033333,1.404684,2.57E-02,1.134084,2.29E-02,22.19378,7.72E-04,6.50E-04,-1.73E-04,100.9142,0.7319997,0.1185724,1758.33,-0.3045512,2.17E-02,-0.2527775,1.80E-02
2:47:50,8/22/20,3.033333,1.468827,3.15E-02,1.177707,2.80E-02,22.19248,8.07E-04,6.75E-04,-9.32E-05,100.9014,0.7402873,0.1209305,1758.393,-0.1639796,1.92E-02,-0.1361031,1.60E-02
3:11:50,8/22/20,3.033333,1.200551,2.85E-02,0.9339275,1.62E-02,22.1397,6.56E-04,5.35E-04,-4.55E-05,100.8864,0.7466575,0.1073803,1758.027,-8.00E-02,1.22E-02,-6.64E-02,1.01E-02
3:43:50,8/22/20,3.033333,1.018448,2.87E-02,0.8348781,2.22E-02,22.13237,5.61E-04,4.78E-04,-1.73E-04,100.8961,0.7260091,0.1017512,1758.443,-0.303724,2.30E-02,-0.2520909,0.0190583
4:15:50,8/22/20,3.033333,1.432171,3.40E-02,1.207842,2.82E-02,22.15907,7.94E-04,6.92E-04,7.30E-05,100.9127,0.7535507,0.1231635,1758.334,0.1283966,8.79E-03,0.1065692,7.30E-03
4:35:50,8/22/20,3.033333,1.499398,3.85E-02,1.233191,0.0314144,22.13214,8.27E-04,7.07E-04,1.31E-04,100.917,0.7599229,0.1249237,1758.294,0.2305346,1.32E-02,0.1913437,1.09E-02
5:01:51,8/22/20,3.033333,1.44393,4.17E-02,1.196495,0.0315189,22.11332,7.98E-04,6.86E-04,2.20E-04,100.9375,0.7663179,0.1224498,1758.223,0.3866046,1.78E-02,0.3208818,1.48E-02
5:41:51,8/22/20,3.033333,1.058177,2.68E-02,0.9697133,1.14E-02,22.09437,5.96E-04,5.56E-04,2.00E-04,100.9668,0.7659654,0.1090339,1758.415,0.3515044,1.64E-02,0.2917486,1.36E-02
5:53:51,8/22/20,3.033333,0.9599991,0.0211057,0.851741,1.95E-02,22.13033,5.37E-04,4.88E-04,1.71E-04,100.9758,0.7606895,0.1022178,1758.774,0.3011068,0.0127169,0.2499186,1.06E-02
6:17:51,8/22/20,3.033333,0.77607,1.90E-02,0.6453,1.53E-02,22.44363,4.29E-04,3.70E-04,1.55E-04,100.9828,0.7613594,9.03E-02,1758.543,0.2729237,0.0166423,0.2265267,1.38E-02
6:41:51,8/22/20,3.033333,0.6830966,2.30E-02,0.5541092,8.64E-03,24.04743,3.76E-04,3.17E-04,1.76E-04,101.0032,0.7739788,8.42E-02,1758.673,0.3102193,1.75E-02,0.257482,1.45E-02
7:13:51,8/22/20,3.033333,0.6021966,3.02E-02,0.5172415,1.88E-02,25.91142,3.35E-04,2.97E-04,5.03E-04,100.9884,0.8177549,8.12E-02,1758.25,0.8842947,2.87E-02,0.7339646,2.38E-02
7:45:51,8/22/20,3.033333,0.5320312,1.23E-02,0.4894041,1.44E-02,27.99347,3.00E-04,2.81E-04,9.40E-04,100.9993,0.8597392,7.95E-02,1758.761,1.651552,2.48E-02,1.370788,2.06E-02
8:05:51,8/22/20,3.033333,0.4745042,1.21E-02,0.4354849,1.50E-02,29.28235,2.68E-04,2.50E-04,1.21E-03,100.9842,0.8779324,7.57E-02,1757.662,2.118508,2.76E-02,1.758362,2.29E-02
8:31:52,8/22/20,3.033333,0.3333642,1.88E-02,0.3273841,1.01E-02,30.8775,1.91E-04,1.88E-04,1.58E-03,100.9889,0.8978084,6.75E-02,1758.148,2.770293,4.38E-02,2.299343,3.64E-02
9:11:52,8/22/20,3.033333,0.3190381,1.53E-02,0.3243756,1.29E-02,33.2687,1.84E-04,1.86E-04,2.20E-03,101.0026,0.9150961,6.57E-02,1757.705,3.860298,3.71E-02,3.204047,3.08E-02
9:23:52,8/22/20,3.033333,0.3025209,2.22E-02,0.2990581,9.98E-03,33.44347,1.73E-04,1.72E-04,2.37E-03,101.0055,0.9110894,6.41E-02,1758.001,4.148636,3.69E-02,3.443368,3.06E-02
9:47:52,8/22/20,3.033333,0.3544138,1.73E-02,0.3840674,1.00E-02,33.04433,2.07E-04,2.20E-04,2.26E-03,101.0107,0.8891211,0.068464,1757.598,3.956116,0.0359599,3.283576,0.0298467
10:11:52,8/22/20,3.033333,0.3794076,1.81E-02,0.3850654,1.05E-02,32.85107,2.18E-04,2.21E-04,2.09E-03,101.0467,0.8689483,6.86E-02,1758.077,3.667156,3.89E-02,3.04374,3.23E-02
10:43:52,8/22/20,3.033333,0.3304202,0.019802,0.303621,1.12E-02,32.92912,1.86E-04,1.74E-04,1.77E-03,101.0757,0.8302139,6.40E-02,1758.255,3.115161,2.44E-02,2.585583,2.02E-02
11:15:52,8/22/20,3.033333,0.2964522,1.81E-02,0.2878619,9.12E-03,32.91742,1.69E-04,1.65E-04,1.47E-03,101.087,0.8017443,0.0630676,1757.417,2.574803,2.38E-02,2.137087,1.98E-02
11:35:52,8/22/20,3.033333,0.3121563,1.48E-02,0.3046461,8.64E-03,32.91785,1.78E-04,1.75E-04,1.30E-03,101.0476,0.7854602,0.0636644,1757.636,2.27585,0.036805,1.888955,3.05E-02
12:01:53,8/22/20,3.033333,0.289497,2.34E-02,0.2862564,1.01E-02,32.89468,1.66E-04,1.64E-04,1.13E-03,101.0604,0.7622981,6.25E-02,1757.424,1.979689,2.05E-02,1.643142,1.70E-02
12:41:53,8/22/20,3.033333,0.390254,1.98E-02,0.357107,1.27E-02,32.86269,2.20E-04,2.05E-04,8.65E-04,100.996,0.738719,6.66E-02,1757.714,1.519182,2.48E-02,1.260921,2.06E-02
12:53:53,8/22/20,3.033333,0.3651485,1.41E-02,0.3161353,1.05E-02,32.96797,2.03E-04,1.81E-04,7.57E-04,100.9853,0.7319955,0.0645406,1757.567,1.329948,2.10E-02,1.103857,1.74E-02
13:17:53,8/22/20,3.033333,0.3114674,1.81E-02,0.2784461,1.14E-02,33.00552,1.75E-04,1.60E-04,5.91E-04,100.9711,0.720928,0.0622741,1757.026,1.038603,2.92E-02,0.8620408,2.42E-02
13:41:53,8/22/20,3.033333,0.3044528,2.90E-02,0.2788603,0.0123626,32.9753,1.71E-04,1.60E-04,4.25E-04,100.9497,0.7104217,6.26E-02,1757.784,0.7475687,0.0217453,0.620482,1.80E-02
14:13:53,8/22/20,3.033333,0.2992685,1.58E-02,0.257321,8.05E-03,32.83937,1.66E-04,1.47E-04,3.59E-04,100.9149,0.6960141,6.09E-02,1756.811,0.6308089,1.32E-02,0.5235714,0.0109701
14:45:53,8/22/20,3.033333,0.3209226,1.32E-02,0.2669874,6.61E-03,32.9533,1.77E-04,1.53E-04,2.49E-04,100.8802,0.6853436,6.17E-02,1757.161,0.4371582,1.65E-02,0.3628413,1.37E-02
15:05:53,8/22/20,3.033333,0.3106815,1.59E-02,0.2833103,1.13E-02,32.9033,1.75E-04,1.62E-04,1.72E-04,100.8793,0.6803947,0.0624586,1756.617,0.3016593,0.0195999,0.2503772,1.63E-02
15:31:54,8/22/20,3.033333,0.3371868,2.58E-02,0.2694066,9.59E-03,32.87522,1.85E-04,1.54E-04,1.02E-04,100.886,0.6724932,6.20E-02,1757.328,0.1786084,2.63E-02,0.148245,2.18E-02
16:11:54,8/22/20,3.033333,0.1546966,1.70E-02,0.1191615,1.08E-02,32.99194,8.43E-05,6.82E-05,2.04E-04,101.0197,0.672395,5.36E-02,1757.805,0.3587694,2.26E-02,0.2977786,1.88E-02
16:23:54,8/22/20,3.033333,0.3151875,2.70E-02,0.2436981,1.40E-02,32.93324,1.72E-04,1.40E-04,1.78E-04,101.0044,0.6696654,6.06E-02,1758.259,0.3130839,1.62E-02,0.2598597,1.35E-02
16:47:54,8/22/20,3.033333,0.2399729,2.00E-02,0.1992825,1.06E-02,32.84848,1.33E-04,1.14E-04,2.21E-04,101.0186,0.6718726,5.80E-02,1757.412,0.3891179,1.47E-02,0.3229678,1.22E-02
17:11:54,8/22/20,3.033333,0.6598144,2.41E-02,0.5745486,1.07E-02,32.85638,3.68E-04,3.29E-04,3.78E-04,101.0295,0.684644,7.89E-02,1757.729,0.6640848,2.76E-02,0.5511904,2.29E-02
17:43:54,8/22/20,3.033333,0.3868331,2.10E-02,0.3573831,1.20E-02,32.9158,2.18E-04,2.05E-04,2.56E-04,101.0342,0.6681923,6.68E-02,1757.198,0.449529,0.0133953,0.3731091,0.0111181
18:15:54,8/22/20,3.033333,0.4071412,0.0220644,0.3418775,1.85E-02,32.88763,2.25E-04,1.96E-04,9.01E-05,101.0446,0.655866,6.58E-02,1757.796,0.1583616,2.38E-02,0.1314401,1.97E-02
18:35:54,8/22/20,3.033333,0.3574824,1.22E-02,0.311361,1.18E-02,32.89247,1.99E-04,1.78E-04,5.76E-05,101.064,0.6491533,6.41E-02,1757.419,0.1012121,1.78E-02,8.40E-02,1.47E-02
19:01:55,8/22/20,3.033333,0.3467094,3.14E-02,0.3103513,1.25E-02,32.83507,1.94E-04,1.78E-04,-7.06E-07,101.0865,0.6382281,6.40E-02,1758.308,-1.24E-03,1.68E-02,-1.03E-03,1.39E-02
19:41:55,8/22/20,3.033333,0.3875371,2.83E-02,0.3876321,1.30E-02,32.85168,2.22E-04,2.22E-04,-6.58E-05,101.1164,0.6329543,6.89E-02,1758.163,-0.1156847,0.016612,-9.60E-02,1.38E-02
19:53:55,8/22/20,3.033333,0.469432,1.24E-02,0.4399892,1.47E-02,32.94665,2.65E-04,2.52E-04,-2.40E-05,101.137,0.6390339,7.23E-02,1758.401,-4.22E-02,1.26E-02,-3.50E-02,1.04E-02
20:17:55,8/22/20,3.033333,0.8027592,4.55E-02,0.7663478,0.0293039,31.02173,4.55E-04,4.39E-04,2.13E-04,101.1568,0.6648712,9.18E-02,1758.418,0.3736763,3.21E-02,0.3101513,2.66E-02
20:41:55,8/22/20,3.033333,0.9290458,1.65E-02,0.7787097,1.44E-02,27.22779,5.14E-04,4.46E-04,-9.60E-04,101.2017,0.6654603,9.37E-02,1758.312,-1.688961,3.33E-02,-1.401838,2.77E-02
21:13:55,8/22/20,3.033333,1.307725,5.64E-02,1.165671,4.12E-02,22.17297,7.31E-04,6.67E-04,-2.09E-03,101.2225,0.6247089,0.1155857,1759.02,-3.690959,3.91E-02,-3.063496,3.24E-02
21:45:55,8/22/20,3.033333,1.357523,3.19E-02,1.130408,2.53E-02,20.76112,7.49E-04,6.46E-04,-1.72E-03,101.2091,0.6159866,0.1140118,1759.331,-3.03514,2.66E-02,-2.519166,2.21E-02
22:05:55,8/22/20,3.033333,1.096383,9.52E-02,0.9454061,6.43E-02,20.2997,6.09E-04,5.41E-04,-1.52E-03,101.234,0.6075421,0.1040848,1759.034,-2.675543,3.29E-02,-2.2207,2.73E-02
22:31:56,8/22/20,3.033333,1.06721,2.30E-02,0.9463795,1.23E-02,21.74664,5.96E-04,5.41E-04,-1.34E-03,101.2559,0.6134106,0.1042776,1759.683,-2.366059,3.06E-02,-1.963829,0.0254321
23:11:56,8/22/20,3.033333,1.053967,2.35E-02,0.9272186,2.28E-02,21.2833,5.88E-04,5.30E-04,-1.03E-03,101.2905,0.6500518,0.1036518,1759.455,-1.819733,1.72E-02,-1.510378,1.42E-02
23:23:56,8/22/20,3.033333,0.937466,3.14E-02,0.8071911,0.0200534,21.68335,5.21E-04,4.62E-04,-9.90E-04,101.2808,0.6526701,9.67E-02,1759.479,-1.744131,2.21E-02,-1.447629,1.83E-02
23:47:56,8/22/20,3.033333,0.9062161,8.57E-02,0.7700915,2.04E-02,21.68972,5.02E-04,4.41E-04,-9.23E-04,101.2669,0.6592432,9.52E-02,1759.076,-1.625878,7.20E-02,-1.349479,0.059787
0:11:56,8/23/20,3.033333,0.7576426,2.76E-02,0.6780294,2.05E-02,21.9489,4.24E-04,3.88E-04,-8.76E-04,101.2758,0.6605783,9.05E-02,1759.242,-1.542712,1.94E-02,-1.280451,1.61E-02
0:43:56,8/23/20,3.033333,1.738566,3.05E-02,1.57708,2.04E-02,22.04352,9.75E-04,9.02E-04,-6.06E-04,101.2734,0.6840929,0.1418963,1759.804,-1.067667,1.85E-02,-0.8861633,1.53E-02
1:15:56,8/23/20,3.033333,1.544482,2.66E-02,1.280538,2.68E-02,22.10923,8.52E-04,7.33E-04,-3.25E-04,101.2863,0.7202514,0.1251788,1759.579,-0.5720412,2.34E-02,-0.4747942,1.95E-02
1:35:56,8/23/20,3.033333,1.465097,1.96E-02,1.194642,2.72E-02,22.0801,8.06E-04,6.84E-04,-2.73E-04,101.3005,0.7220288,0.120024,1759.13,-0.4796497,1.27E-02,-0.3981093,1.05E-02
2:01:57,8/23/20,3.033333,0.8189475,1.04E-02,0.698706,1.58E-02,22.22997,4.54E-04,4.00E-04,-3.13E-04,101.3135,0.7136228,9.21E-02,1759.33,-0.5513155,1.21E-02,-0.4575919,1.00E-02
2:41:57,8/23/20,3.033333,1.001549,2.96E-02,0.8975812,1.96E-02,22.10157,5.61E-04,5.14E-04,-3.65E-04,101.3129,0.7108026,0.1034359,1759.533,-0.6424776,1.77E-02,-0.5332564,1.47E-02
2:53:57,8/23/20,3.033333,1.505432,1.95E-02,1.39083,2.76E-02,22.18837,8.48E-04,7.96E-04,-1.78E-04,101.3043,0.7291066,0.1315467,1759.604,-0.3129698,2.11E-02,-0.2597649,1.75E-02
3:17:57,8/23/20,3.033333,1.628013,1.83E-02,1.420934,1.99E-02,22.185,9.07E-04,8.13E-04,-5.91E-05,101.3067,0.7428514,0.1340069,1759.496,-0.1040749,0.0245374,-0.0863822,2.04E-02
3:41:57,8/23/20,3.033333,1.564306,0.0256114,1.308331,2.80E-02,22.09522,8.65E-04,7.49E-04,3.44E-05,101.3131,0.7515377,0.128644,1759.377,6.04E-02,2.68E-02,5.02E-02,2.23E-02
4:13:57,8/23/20,3.033333,1.618444,2.68E-02,1.410477,1.62E-02,22.12883,9.02E-04,8.08E-04,2.03E-05,101.3283,0.7609135,0.1348386,1758.918,3.57E-02,1.38E-02,0.0296465,1.15E-02
4:45:57,8/23/20,3.033333,1.72732,7.62E-02,1.462845,6.16E-02,22.12704,9.58E-04,8.38E-04,1.76E-04,101.3525,0.7695753,0.1379523,1759.257,0.3103187,2.87E-02,0.2575645,0.0238289
5:05:57,8/23/20,3.033333,1.455728,2.83E-02,1.261108,0.0171134,22.05383,8.10E-04,7.22E-04,1.67E-04,101.3592,0.7688046,0.1263962,1759.494,0.2934304,1.75E-02,0.2435473,1.45E-02
5:31:58,8/23/20,3.033333,1.508909,4.86E-02,1.25208,3.32E-02,22.12595,8.33E-04,7.17E-04,1.93E-04,101.3733,0.7677289,0.1259526,1759.611,0.3392667,1.67E-02,0.2815914,1.39E-02
6:11:58,8/23/20,3.033333,0.5545681,1.66E-02,0.4579785,0.0100382,22.11428,3.06E-04,2.62E-04,-1.16E-05,101.4279,0.7506166,8.09E-02,1759.481,-2.05E-02,1.50E-02,-1.70E-02,1.24E-02
6:23:58,8/23/20,3.033333,0.5383245,0.0157393,0.4470935,1.20E-02,22.97947,2.97E-04,2.56E-04,-2.84E-05,101.4284,0.7495933,8.02E-02,1759.606,-4.99E-02,1.14E-02,-4.14E-02,9.42E-03
6:47:58,8/23/20,3.033333,0.5977328,2.09E-02,0.4765587,1.12E-02,24.2562,3.28E-04,2.73E-04,5.73E-05,101.4512,0.7681124,8.16E-02,1759.477,0.100793,1.50E-02,0.0836582,1.25E-02
7:11:58,8/23/20,3.033333,0.5794426,3.09E-02,0.4963857,3.34E-02,25.7151,3.22E-04,2.84E-04,2.21E-04,101.464,0.7912691,8.18E-02,1759.881,0.3891531,1.96E-02,0.3229971,0.0162604
7:43:58,8/23/20,3.033333,0.437009,1.61E-02,0.3764904,9.12E-03,27.82797,2.43E-04,2.16E-04,6.12E-04,101.4832,0.8312973,7.34E-02,1759.54,1.075801,3.62E-02,0.8929145,3.01E-02
8:15:58,8/23/20,3.033333,0.4162732,2.58E-02,0.3699094,1.01E-02,29.81824,2.33E-04,2.12E-04,1.30E-03,101.464,0.8831255,7.21E-02,1759.207,2.28055,3.59E-02,1.892857,2.98E-02
8:35:58,8/23/20,3.033333,0.3405799,1.80E-02,0.3090099,1.03E-02,31.1004,1.92E-04,1.77E-04,1.68E-03,101.4607,0.9074329,6.81E-02,1759.216,2.956392,4.50E-02,2.453805,3.73E-02
9:01:59,8/23/20,3.033333,0.3240055,2.55E-02,0.314088,9.18E-03,32.66367,1.85E-04,1.80E-04,2.16E-03,101.4469,0.9288176,6.71E-02,1759.081,3.794331,4.64E-02,3.149295,3.85E-02
9:41:59,8/23/20,3.033333,0.2921226,5.61E-02,0.2774801,1.10E-02,33.04533,1.66E-04,1.59E-04,2.40E-03,101.4616,0.914234,6.37E-02,1759.295,4.213291,0.2081513,3.497032,0.1727656
9:53:59,8/23/20,3.033333,0.3497007,2.12E-02,0.3073652,1.48E-02,32.99184,1.96E-04,1.76E-04,2.42E-03,101.4764,0.9155226,6.52E-02,1758.6,4.244339,4.37E-02,3.522801,3.63E-02
10:17:59,8/23/20,3.033333,0.267165,2.16E-02,0.2781698,1.17E-02,32.9319,1.55E-04,1.60E-04,2.11E-03,101.4607,0.8843312,6.31E-02,1758.757,3.695419,2.07E-02,3.067198,1.72E-02
10:41:59,8/23/20,3.033333,0.2856568,2.12E-02,0.2438014,8.83E-03,32.99274,1.59E-04,1.40E-04,1.80E-03,101.4609,0.848182,6.04E-02,1759.096,3.169137,2.34E-02,2.630383,1.94E-02
11:13:59,8/23/20,3.033333,0.3485699,1.86E-02,0.280499,1.08E-02,32.99507,1.92E-04,1.61E-04,1.20E-03,101.4617,0.7980878,6.36E-02,1759.102,2.113105,2.38E-02,1.753877,1.98E-02
11:45:59,8/23/20,3.033333,0.3305998,1.80E-02,0.2778247,7.72E-03,32.91618,1.83E-04,1.59E-04,8.40E-04,101.4198,0.7677397,6.27E-02,1758.698,1.475237,2.01E-02,1.224447,1.67E-02
12:05:59,8/23/20,3.033333,0.8580131,0.021902,0.7743675,3.08E-02,33.02057,4.82E-04,4.44E-04,1.09E-03,101.3959,0.7923424,9.06E-02,1759.075,1.906792,1.61E-02,1.582637,1.34E-02
12:32:00,8/23/20,3.033333,0.3390976,1.46E-02,0.2732145,7.33E-03,32.88,1.86E-04,1.57E-04,7.23E-04,101.3484,0.7653652,6.19E-02,1758.464,1.27073,2.68E-02,1.054706,0.0222434
13:12:00,8/23/20,3.033333,0.3073955,1.47E-02,0.2655961,8.19E-03,32.81122,1.71E-04,1.52E-04,4.44E-04,101.3133,0.7352009,6.14E-02,1757.857,0.7797143,1.57E-02,0.6471629,1.31E-02
13:24:00,8/23/20,3.033333,0.3150694,1.24E-02,0.2658532,9.87E-03,32.94024,1.75E-04,1.52E-04,3.36E-04,101.3155,0.7290189,6.13E-02,1757.893,0.5900774,1.55E-02,0.4897642,1.28E-02
13:48:00,8/23/20,3.033333,0.3344605,2.42E-02,0.2766375,7.96E-03,32.88012,1.85E-04,1.58E-04,9.47E-05,101.2806,0.7215544,6.20E-02,1757.793,0.166427,1.68E-02,0.1381344,1.40E-02
14:12:00,8/23/20,3.033333,0.3008136,2.63E-02,0.2515762,1.09E-02,32.9116,1.66E-04,1.44E-04,-3.55E-05,101.2457,0.7140467,6.06E-02,1758.038,-6.24E-02,0.0270394,-5.18E-02,2.24E-02
14:44:00,8/23/20,3.033333,0.3149563,1.82E-02,0.2709033,1.32E-02,32.87474,1.75E-04,1.55E-04,-2.93E-05,101.214,0.7000446,6.15E-02,1757.232,-5.14E-02,2.01E-02,-0.0426681,1.67E-02
15:16:00,8/23/20,3.033333,0.3589088,1.46E-02,0.3061536,1.21E-02,32.84034,1.99E-04,1.75E-04,1.27E-05,101.2615,0.6880462,6.39E-02,1757.817,2.24E-02,1.81E-02,1.86E-02,1.50E-02
15:36:00,8/23/20,3.033333,0.2811724,2.29E-02,0.2422282,9.84E-03,32.82665,1.56E-04,1.39E-04,-1.41E-04,101.2994,0.6857752,6.02E-02,1758.07,-0.2484042,1.86E-02,-0.2061755,1.54E-02
16:02:01,8/23/20,3.033333,0.2990287,1.16E-02,0.239538,7.60E-03,32.81902,1.64E-04,1.37E-04,1.87E-04,101.318,0.6855816,0.060251,1758.3,0.3292771,1.75E-02,0.2733,1.45E-02
16:42:01,8/23/20,3.033333,0.4245275,2.32E-02,0.3697234,1.18E-02,32.84175,2.37E-04,2.12E-04,1.37E-04,101.2431,0.681186,6.82E-02,1757.24,0.2412993,1.28E-02,0.2002784,1.06E-02
16:54:01,8/23/20,3.033333,0.7966247,6.43E-02,0.6875032,3.54E-02,32.86428,4.43E-04,3.94E-04,2.92E-04,101.2831,0.7008938,8.64E-02,1758.014,0.5129215,4.47E-02,0.4257248,3.71E-02
17:18:01,8/23/20,3.033333,0.3292973,1.26E-02,0.282664,7.11E-03,32.77062,1.83E-04,1.62E-04,1.49E-04,101.2596,0.6777967,6.35E-02,1757.5,0.2626016,1.80E-02,0.2179593,1.50E-02
17:42:01,8/23/20,3.033333,0.3026794,1.81E-02,0.2762263,6.86E-03,32.84399,1.70E-04,1.58E-04,1.45E-05,101.2567,0.6656917,6.31E-02,1757.431,2.54E-02,2.08E-02,0.0211131,1.73E-02
18:14:01,8/23/20,3.033333,0.329035,2.28E-02,0.2962641,1.01E-02,32.8871,1.84E-04,1.70E-04,-1.32E-04,101.2622,0.653213,6.42E-02,1757.686,-0.2329024,1.48E-02,-0.193309,1.23E-02
18:46:01,8/23/20,3.033333,0.4180258,2.04E-02,0.3521855,1.24E-02,32.79455,2.32E-04,2.02E-04,6.28E-04,101.2925,0.7450366,6.84E-02,1757.733,1.103464,3.12E-02,0.9158756,2.59E-02
19:06:01,8/23/20,3.033333,0.3045755,1.38E-02,0.2771107,8.74E-03,32.86044,1.71E-04,1.59E-04,6.86E-04,101.3256,0.7452334,6.33E-02,1757.783,1.205512,2.35E-02,1.000575,1.95E-02
19:32:02,8/23/20,3.033333,0.3630063,1.55E-02,0.3132875,7.56E-03,32.78294,2.02E-04,1.80E-04,5.69E-04,101.2912,0.7238188,6.57E-02,1757.638,0.9997458,1.26E-02,0.829789,1.05E-02
20:12:02,8/23/20,3.033333,0.5529098,1.98E-02,0.4932112,1.05E-02,32.67863,3.10E-04,2.83E-04,7.10E-04,101.3286,0.7360151,7.71E-02,1758.447,1.247422,0.0304731,1.03536,2.53E-02
20:24:02,8/23/20,3.033333,0.7650224,2.01E-02,0.6842436,1.18E-02,30.17357,4.29E-04,3.92E-04,4.50E-04,101.3502,0.732238,8.87E-02,1758.361,0.7906041,1.26E-02,0.6562013,1.05E-02
20:48:02,8/23/20,3.033333,1.223384,3.91E-02,1.01385,4.27E-02,25.72032,6.76E-04,5.81E-04,-6.91E-04,101.3556,0.7256055,0.1082768,1758.315,-1.216708,1.68E-02,-1.009868,1.39E-02
21:12:02,8/23/20,3.033333,0.8707653,3.15E-02,0.6938568,1.48E-02,22.7689,4.77E-04,3.97E-04,-1.36E-03,101.3572,0.7224576,9.07E-02,1759.035,-2.40344,4.48E-02,-1.994855,3.72E-02
21:44:02,8/23/20,3.033333,1.426087,0.1762559,1.28434,0.1115142,21.254,7.99E-04,7.35E-04,-1.26E-03,101.3652,0.6864929,0.1245995,1758.739,-2.227094,0.0347755,-1.848488,2.89E-02
22:16:02,8/23/20,3.033333,1.25267,6.70E-02,1.048177,6.33E-02,20.93307,6.92E-04,6.00E-04,-9.83E-04,101.3763,0.6765254,0.1117034,1759.388,-1.731523,4.07E-02,-1.437164,3.37E-02
22:36:02,8/23/20,3.033333,1.565256,2.84E-02,1.442077,2.51E-02,20.58364,8.81E-04,8.25E-04,-8.88E-04,101.3704,0.6728683,0.1337458,1759.343,-1.563114,3.29E-02,-1.297385,0.0272916
23:02:03,8/23/20,3.033333,1.546147,3.51E-02,1.35252,3.35E-02,21.3044,8.62E-04,7.74E-04,-7.45E-04,101.3439,0.6945954,0.1287711,1759.216,-1.311951,1.60E-02,-1.088919,1.33E-02
23:42:03,8/23/20,3.033333,0.7944605,2.83E-02,0.7030989,1.42E-02,21.7138,4.44E-04,4.03E-04,-6.38E-04,101.2851,0.7077733,0.0911689,1758.491,-1.122581,1.03E-02,-0.9317419,8.53E-03
23:54:03,8/23/20,3.033333,0.7737293,2.16E-02,0.692931,0.0102712,21.74913,4.33E-04,3.97E-04,-6.64E-04,101.298,0.7078151,0.0903926,1758.728,-1.168324,1.37E-02,-0.9697089,1.14E-02
0:18:03,8/24/20,3.033333,0.7946816,1.17E-02,0.7006941,1.27E-02,21.72237,4.44E-04,4.01E-04,-6.83E-04,101.278,0.7060744,9.09E-02,1759.035,-1.201953,2.16E-02,-0.9976212,1.80E-02
0:42:03,8/24/20,3.033333,0.7663169,2.24E-02,0.7070836,1.43E-02,22.13914,4.32E-04,4.05E-04,-6.79E-04,101.2711,0.7059337,9.09E-02,1758.811,-1.195653,1.72E-02,-0.9923918,1.42E-02
1:14:03,8/24/20,3.033333,0.7280212,9.44E-03,0.7040191,1.06E-02,22.21354,4.14E-04,4.03E-04,-6.58E-04,101.2682,0.706043,9.19E-02,1759.002,-1.15883,1.68E-02,-0.9618288,1.39E-02
1:46:03,8/24/20,3.033333,0.7916085,0.0189786,0.762759,1.47E-02,22.17647,4.50E-04,4.37E-04,-6.02E-04,101.2711,0.7123951,9.63E-02,1758.157,-1.059237,1.26E-02,-0.8791666,1.04E-02
2:06:03,8/24/20,3.033333,1.167297,3.14E-02,1.124443,1.69E-02,22.16832,6.63E-04,6.44E-04,-4.73E-04,101.2504,0.7259849,0.1169833,1758.921,-0.8323556,1.95E-02,-0.6908551,1.62E-02
2:32:04,8/24/20,3.033333,1.660078,2.11E-02,1.540908,1.75E-02,22.17302,9.37E-04,8.83E-04,-1.95E-04,101.2411,0.7501903,0.1407259,1758.634,-0.342509,1.42E-02,-0.2842824,1.17E-02
3:12:04,8/24/20,3.033333,1.174406,5.85E-02,1.036338,4.56E-02,22.1449,6.56E-04,5.94E-04,1.43E-04,101.2686,0.7844895,0.1137048,1758.882,0.2506473,4.62E-02,0.2080373,3.83E-02
3:24:04,8/24/20,3.033333,0.7263286,1.77E-02,0.6386263,1.31E-02,22.08849,4.05E-04,3.66E-04,2.91E-05,101.2726,0.7722083,9.00E-02,1759.449,5.12E-02,1.44E-02,0.0424653,1.20E-02
3:48:04,8/24/20,3.033333,0.981499,1.89E-02,0.9317154,1.86E-02,22.02993,5.56E-04,5.34E-04,-2.95E-05,101.2599,0.7662092,0.1066024,1758.684,-5.18E-02,1.92E-02,-4.30E-02,1.59E-02
4:12:04,8/24/20,3.033333,1.701638,3.51E-02,1.595024,1.65E-02,22.10859,9.62E-04,9.14E-04,1.85E-04,101.2594,0.783746,0.1448673,1758.762,0.3252833,2.14E-02,0.2699852,1.78E-02
4:44:04,8/24/20,3.033333,1.321027,2.88E-02,1.214344,2.17E-02,22.14478,7.44E-04,6.96E-04,3.30E-04,101.2748,0.7926701,0.1242187,1758.692,0.5810516,1.56E-02,0.4822729,1.30E-02
5:16:04,8/24/20,3.033333,1.569612,7.40E-02,1.386717,5.73E-02,22.15413,8.77E-04,7.95E-04,4.72E-04,101.2739,0.8083014,0.1342618,1759.221,0.829587,1.59E-02,0.6885573,1.32E-02
5:36:04,8/24/20,3.033333,1.147236,0.0507917,1.037332,2.92E-02,22.09383,6.44E-04,5.94E-04,4.08E-04,101.2825,0.8020547,0.1144711,1759.257,0.7174703,1.48E-02,0.5955004,1.23E-02
6:02:05,8/24/20,3.033333,0.8598344,1.10E-02,0.7700356,1.28E-02,22.1224,4.82E-04,4.41E-04,3.20E-04,101.2968,0.791562,9.91E-02,1758.497,0.561781,1.68E-02,0.4662783,1.40E-02
6:42:05,8/24/20,3.033333,0.5329282,2.76E-02,0.4552041,1.05E-02,23.89517,2.96E-04,2.61E-04,2.76E-04,101.2984,0.7995579,0.0799806,1758.71,0.4848816,0.0163977,0.4024517,1.36E-02
6:54:05,8/24/20,3.033333,0.5280129,1.69E-02,0.4468401,1.68E-02,24.6232,2.93E-04,2.56E-04,3.66E-04,101.299,0.8113783,0.0792865,1758.688,0.6430256,0.024373,0.5337112,2.02E-02
7:18:05,8/24/20,3.033333,0.6728476,2.35E-02,0.6284269,2.54E-02,26.18093,3.81E-04,3.60E-04,5.74E-04,101.279,0.8416755,8.87E-02,1757.958,1.007726,2.80E-02,0.8364125,2.32E-02
7:42:05,8/24/20,3.033333,0.467931,1.86E-02,0.4170914,1.37E-02,27.68342,2.62E-04,2.39E-04,9.74E-04,101.274,0.8820994,0.0759692,1758.213,1.710461,2.01E-02,1.419683,1.67E-02
8:14:05,8/24/20,3.033333,0.4080248,2.40E-02,0.3911245,1.97E-02,29.85134,2.32E-04,2.25E-04,1.47E-03,101.2812,0.9191117,7.32E-02,1757.125,2.576288,0.0428755,2.138319,3.56E-02
8:46:05,8/24/20,3.033333,0.3439386,1.99E-02,0.3512119,9.85E-03,31.81993,1.98E-04,2.02E-04,1.89E-03,101.2512,0.946445,7.01E-02,1757.027,3.309639,0.0435097,2.747,3.61E-02
9:06:05,8/24/20,3.033333,0.3072004,0.0228321,0.3155879,8.98E-03,33.20977,1.78E-04,1.81E-04,2.25E-03,101.2502,0.9564685,0.0672777,1757.204,3.947602,4.80E-02,3.27651,3.99E-02
9:32:06,8/24/20,3.033333,0.3465315,2.09E-02,0.3575058,8.78E-03,33.14783,2.00E-04,2.05E-04,2.50E-03,101.2474,0.9483072,6.94E-02,1756.558,4.372075,3.65E-02,3.628822,3.03E-02
10:12:06,8/24/20,3.033333,0.305667,1.63E-02,0.2852043,1.26E-02,32.92144,1.73E-04,1.64E-04,2.08E-03,101.2423,0.9118488,6.45E-02,1756.26,3.648645,3.32E-02,3.028376,2.76E-02
10:24:06,8/24/20,3.033333,0.3038767,1.92E-02,0.3119434,1.15E-02,33.03732,1.75E-04,1.79E-04,1.93E-03,101.232,0.8974859,6.57E-02,1756.865,3.389965,3.93E-02,2.813671,3.26E-02
10:48:06,8/24/20,3.033333,0.3371107,1.53E-02,0.310773,1.68E-02,32.9728,1.90E-04,1.78E-04,1.64E-03,101.2176,0.8823392,6.54E-02,1756.352,2.868789,3.85E-02,2.381095,0.0319462
11:12:06,8/24/20,3.033333,0.2967878,1.61E-02,0.2775517,8.74E-03,32.87719,1.68E-04,1.59E-04,1.37E-03,101.2155,0.8619478,6.36E-02,1756.731,2.401172,2.88E-02,1.992973,2.39E-02
11:44:06,8/24/20,3.033333,0.3636227,1.27E-02,0.3116124,1.04E-02,32.90165,2.03E-04,1.79E-04,1.05E-03,101.1948,0.8408869,6.52E-02,1756.255,1.833671,1.55E-02,1.521947,1.29E-02
12:16:06,8/24/20,3.033333,0.4155171,0.0200364,0.3805069,1.05E-02,32.8699,2.34E-04,2.18E-04,7.43E-04,101.1686,0.8298308,7.21E-02,1755.844,1.304138,2.59E-02,1.082434,0.0215256
12:36:06,8/24/20,3.033333,0.3047135,1.63E-02,0.2752529,9.66E-03,32.8096,1.71E-04,1.58E-04,7.57E-04,101.154,0.8159821,6.29E-02,1755.799,1.327384,1.92E-02,1.101729,1.59E-02
13:02:07,8/24/20,3.033333,0.3197803,2.04E-02,0.2804237,1.22E-02,32.69579,1.79E-04,1.61E-04,8.88E-04,101.1074,0.7961637,6.29E-02,1755.531,1.556799,3.86E-02,1.292143,3.21E-02
13:42:07,8/24/20,3.033333,0.3124886,1.62E-02,0.2916468,7.37E-03,32.7558,1.77E-04,1.67E-04,1.14E-03,101.0478,0.7618403,6.34E-02,1755.733,1.99361,2.01E-02,1.654696,1.67E-02
13:54:07,8/24/20,3.033333,0.2937829,2.40E-02,0.2771873,9.74E-03,32.75485,1.67E-04,1.59E-04,1.07E-03,101.0246,0.7565579,6.24E-02,1755.567,1.867691,3.09E-02,1.550183,2.56E-02
14:18:07,8/24/20,3.033333,0.3002473,1.30E-02,0.2886887,1.01E-02,32.80278,1.71E-04,1.66E-04,9.00E-04,100.9899,0.7484822,6.31E-02,1754.845,1.578054,2.34E-02,1.309785,1.94E-02
14:42:07,8/24/20,3.033333,0.2859052,1.17E-02,0.2757223,7.39E-03,32.82919,1.63E-04,1.58E-04,8.76E-04,100.9543,0.7359297,6.23E-02,1754.909,1.536796,1.31E-02,1.275541,1.09E-02
15:14:07,8/24/20,3.033333,0.2889696,1.75E-02,0.2839599,9.59E-03,32.79877,1.65E-04,1.63E-04,8.36E-04,100.9121,0.721799,6.26E-02,1754.485,1.464935,0.028442,1.215896,2.36E-02
15:46:07,8/24/20,3.033333,0.319426,2.21E-02,0.2884696,1.17E-02,32.82197,1.80E-04,1.66E-04,3.89E-04,100.8853,0.7208223,6.39E-02,1754.455,0.6822675,1.86E-02,0.566282,1.55E-02
16:06:07,8/24/20,3.033333,0.424256,2.08E-02,0.3844027,0.0108877,32.8236,2.39E-04,2.21E-04,4.73E-04,100.8843,0.7302184,6.94E-02,1754.828,0.8290572,1.53E-02,0.6881174,1.27E-02
16:32:08,8/24/20,3.033333,0.3195645,8.56E-03,0.2836117,8.48E-03,32.74577,1.79E-04,1.63E-04,4.95E-04,100.8994,0.7266132,6.39E-02,1754.159,0.8678501,2.48E-02,0.7203156,2.06E-02
17:12:08,8/24/20,3.033333,0.2867023,1.22E-02,0.2561233,1.02E-02,32.74525,1.61E-04,1.47E-04,3.92E-04,100.899,0.7220842,6.27E-02,1753.875,0.6877163,1.85E-02,0.5708045,1.54E-02
17:24:08,8/24/20,3.033333,0.3019862,1.22E-02,0.2778077,7.15E-03,32.78967,1.71E-04,1.60E-04,3.47E-04,100.9013,0.7198136,6.39E-02,1753.811,0.6081519,1.55E-02,0.504766,1.28E-02
17:48:08,8/24/20,3.033333,0.5389745,2.60E-02,0.5166082,1.28E-02,32.76665,3.07E-04,2.97E-04,6.26E-04,100.9146,0.7191185,0.0765546,1754.365,1.097635,1.49E-02,0.9110373,1.23E-02
18:12:08,8/24/20,3.033333,0.7198872,2.15E-02,0.6480345,1.68E-02,32.77207,4.05E-04,3.72E-04,7.57E-04,100.8948,0.7317907,8.38E-02,1753.851,1.327117,1.49E-02,1.101507,1.24E-02
18:44:08,8/24/20,3.033333,0.3271966,2.10E-02,0.3218215,1.22E-02,32.82518,1.87E-04,1.85E-04,6.15E-04,100.8977,0.7013804,6.53E-02,1754.463,1.078548,2.95E-02,0.8951948,2.45E-02
19:16:08,8/24/20,3.033333,0.3383369,2.00E-02,0.3461656,1.09E-02,32.73412,1.95E-04,1.99E-04,5.45E-04,100.8697,0.6896677,6.71E-02,1753.659,0.9546158,1.62E-02,0.7923311,1.34E-02
19:36:08,8/24/20,3.033333,0.3891656,1.48E-02,0.3711445,0.010161,32.79414,2.21E-04,2.13E-04,4.94E-04,100.8343,0.6848606,6.88E-02,1753.115,0.8656926,1.54E-02,0.7185248,1.28E-02
11:35:46,8/21/20,4.025,0.3531175,0.0448342,0.3771405,0.0381681,32.89109,2.16E-04,2.28E-04,3.81E-03,100.5932,1.05138,7.47E-02,1672.708,6.346685,7.48E-02,5.267748,6.21E-02
12:03:46,8/21/20,4.025,0.3235986,2.70E-02,0.3145706,2.01E-02,32.86787,1.95E-04,1.91E-04,3.36E-03,100.5798,0.9805257,6.56E-02,1664.333,5.566065,2.92E-02,4.619833,2.43E-02
12:19:46,8/21/20,4.025,0.3892082,0.123225,0.3500807,4.45E-02,32.90775,2.31E-04,2.13E-04,3.31E-03,100.5643,0.9756711,6.72E-02,1663.202,5.488361,0.3449287,4.55534,0.2862909
13:03:46,8/21/20,4.025,0.1649207,3.62E-02,0.2045217,3.49E-02,32.87125,1.05E-04,1.24E-04,2.87E-03,100.5509,0.9246559,5.82E-02,1662.252,4.756689,0.3955117,3.948052,0.3282747
13:35:46,8/21/20,4.025,0.1241833,1.55E-02,0.1408335,8.27E-03,32.91603,7.76E-05,8.56E-05,2.64E-03,100.5556,0.8967867,5.45E-02,1659.889,4.364941,4.39E-02,3.6229,3.64E-02
14:03:46,8/21/20,4.025,0.1494973,0.0164175,0.1526147,6.93E-03,32.7944,9.13E-05,9.28E-05,2.51E-03,100.5626,0.8841404,5.51E-02,1658.919,4.146361,4.61E-02,3.44148,3.83E-02
14:27:46,8/21/20,4.025,0.4385825,0.0314143,0.3832273,3.37E-02,32.95875,2.59E-04,2.33E-04,2.96E-03,100.6217,0.9417135,6.93E-02,1662.918,4.901832,8.20E-02,4.068521,6.80E-02
15:05:47,8/21/20,4.025,0.3531177,4.48E-02,0.3771399,3.82E-02,32.89109,2.16E-04,2.28E-04,3.81E-03,100.5932,1.05138,7.47E-02,1672.708,6.346685,7.48E-02,5.267749,6.21E-02
15:33:47,8/21/20,4.025,0.3235986,2.70E-02,0.3145706,2.01E-02,32.86787,1.95E-04,1.91E-04,3.36E-03,100.5798,0.9805257,6.56E-02,1664.333,5.566065,2.92E-02,4.619833,2.43E-02
15:49:47,8/21/20,4.025,0.3892082,0.123225,0.3500807,4.45E-02,32.90775,2.31E-04,2.13E-04,3.31E-03,100.5643,0.9756711,6.72E-02,1663.202,5.488361,0.3449289,4.55534,0.2862909
16:33:47,8/21/20,4.025,0.1649207,3.62E-02,0.2045217,3.49E-02,32.87125,1.05E-04,1.24E-04,2.87E-03,100.5509,0.9246559,5.82E-02,1662.252,4.756689,0.3955117,3.948052,0.3282747
17:05:47,8/21/20,4.025,0.1241833,1.55E-02,0.1408335,8.27E-03,32.91603,7.76E-05,8.56E-05,2.64E-03,100.5556,0.8967867,5.45E-02,1659.889,4.364941,4.39E-02,3.6229,3.64E-02
17:33:47,8/21/20,4.025,0.1494978,1.64E-02,0.1526147,6.93E-03,32.7944,9.13E-05,9.28E-05,2.51E-03,100.5626,0.8841404,5.51E-02,1658.919,4.146361,4.61E-02,3.44148,3.83E-02
17:57:47,8/21/20,4.025,0.4385825,0.0314143,0.3832273,3.37E-02,32.95875,2.59E-04,2.33E-04,2.96E-03,100.6217,0.9417135,6.93E-02,1662.918,4.901832,8.20E-02,4.068521,6.80E-02
18:35:48,8/21/20,4.025,0.1733281,2.28E-02,0.1620122,9.30E-03,32.96092,1.04E-04,9.84E-05,2.79E-03,100.6792,0.9199505,5.58E-02,1660.98,4.612736,0.3792969,3.828571,0.3148164
19:03:48,8/21/20,4.025,0.1617524,1.99E-02,0.1416257,9.13E-03,32.7188,9.55E-05,8.58E-05,0.0025286,100.7469,0.8897869,5.45E-02,1664.439,4.198036,4.57E-02,3.48437,3.79E-02
19:19:48,8/21/20,4.025,0.2024681,1.12E-02,0.1893186,1.29E-02,32.9068,1.21E-04,1.15E-04,2.48E-03,100.7253,0.8885612,5.74E-02,1665.131,4.11834,3.94E-02,3.418222,3.27E-02
20:03:48,8/21/20,4.025,0.2023849,0.0754794,0.2312369,6.70E-02,32.91027,1.27E-04,1.40E-04,2.59E-03,100.7546,0.8960233,6.10E-02,1662.645,4.288527,7.13E-02,3.559478,5.92E-02
20:35:48,8/21/20,4.025,0.5456168,0.0582552,0.4998243,3.32E-02,27.9607,3.24E-04,3.02E-04,1.96E-03,100.7481,0.9304821,7.85E-02,1669.33,3.264264,2.59E-02,2.709339,2.15E-02
21:03:48,8/21/20,4.025,0.4824699,4.67E-02,0.452797,3.25E-02,22.55307,2.88E-04,2.74E-04,9.79E-04,100.7959,0.9082382,0.0759226,1668.756,1.632684,1.54E-02,1.355128,1.28E-02
21:27:48,8/21/20,4.025,0.692403,2.57E-02,0.6394199,2.22E-02,20.75498,4.11E-04,3.86E-04,8.31E-04,100.8104,0.8849208,8.76E-02,1673.145,1.38931,2.77E-02,1.153127,0.0229504
22:05:49,8/21/20,4.025,0.8102503,0.1130812,0.7150038,7.45E-02,21.60045,4.76E-04,4.31E-04,1.18E-03,100.8217,0.8533396,9.31E-02,1673.937,1.978463,2.21E-02,1.642125,1.84E-02
22:33:49,8/21/20,4.025,0.8344595,5.13E-02,0.7333567,2.25E-02,21.27868,4.89E-04,4.41E-04,1.22E-03,100.8273,0.8749809,9.42E-02,1676.676,2.036139,2.74E-02,1.689995,2.27E-02
22:49:49,8/21/20,4.025,0.7549434,2.21E-02,0.6536356,2.16E-02,21.17357,4.42E-04,3.93E-04,1.24E-03,100.8294,0.8781049,0.0889381,1675.665,2.07043,1.94E-02,1.718457,1.61E-02
23:33:49,8/21/20,4.025,0.8486386,3.39E-02,0.6996098,2.04E-02,21.5944,4.92E-04,4.21E-04,1.37E-03,100.8819,0.8913216,0.0923313,1677.388,2.292027,3.97E-02,1.902382,3.30E-02
0:05:49,8/22/20,4.025,0.820145,3.65E-02,0.7046082,2.22E-02,22.00992,4.78E-04,4.24E-04,1.44E-03,100.8753,0.8962135,9.26E-02,1678.339,2.40663,2.62E-02,1.997503,2.17E-02
0:33:49,8/22/20,4.025,0.5492315,2.50E-02,0.4578527,0.0175948,22.18125,3.19E-04,2.75E-04,1.44E-03,100.882,0.8995898,7.90E-02,1677.268,2.407752,2.21E-02,1.998434,1.83E-02
0:57:49,8/22/20,4.025,0.7765887,0.0370936,0.6630434,1.83E-02,22.10413,4.53E-04,3.99E-04,1.46E-03,100.8837,0.900297,9.18E-02,1677.214,2.440951,2.64E-02,2.025989,2.19E-02
1:35:50,8/22/20,4.025,0.7395009,3.89E-02,0.5974786,2.52E-02,22.14165,4.27E-04,3.59E-04,1.46E-03,100.8876,0.8949795,8.82E-02,1677.619,2.442891,1.86E-02,2.027599,1.54E-02
2:03:50,8/22/20,4.025,0.7229615,3.59E-02,0.5789847,0.0262684,22.1615,4.15E-04,3.47E-04,1.47E-03,100.9007,0.8955587,8.76E-02,1682.821,2.471711,2.54E-02,2.05152,2.10E-02
2:19:50,8/22/20,4.025,0.5919899,1.47E-02,0.4776906,0.0190766,22.16693,3.41E-04,2.87E-04,1.42E-03,100.9139,0.8939867,0.0822818,1681.237,2.385799,2.01E-02,1.980213,1.67E-02
3:03:50,8/22/20,4.025,0.5913601,1.15E-02,0.5152408,1.60E-02,22.15703,3.46E-04,3.10E-04,1.50E-03,100.8951,0.9003892,8.45E-02,1678.667,2.50736,2.20E-02,2.081109,1.83E-02
3:35:50,8/22/20,4.025,0.7220664,3.32E-02,0.6385658,0.0224419,22.13713,4.24E-04,3.84E-04,1.51E-03,100.8912,0.9040987,9.21E-02,1678.608,2.536598,1.97E-02,2.105376,1.63E-02
4:03:50,8/22/20,4.025,0.5651308,2.86E-02,0.463279,2.07E-02,22.13457,3.26E-04,2.78E-04,1.45E-03,100.9066,0.8955857,8.17E-02,1680.739,2.43916,4.61E-02,2.024503,3.83E-02
4:27:50,8/22/20,4.025,0.6831669,7.90E-02,0.5742416,0.05165,22.13029,3.97E-04,3.45E-04,1.51E-03,100.9125,0.8994048,0.0888886,1678.817,2.52492,5.20E-02,2.095684,4.32E-02
5:05:51,8/22/20,4.025,0.6171141,1.21E-02,0.5414478,1.16E-02,22.16608,3.61E-04,3.25E-04,1.50E-03,100.9337,0.8976342,8.63E-02,1682.08,2.524111,3.12E-02,2.095012,2.59E-02
5:33:51,8/22/20,4.025,0.5349982,4.00E-02,0.4489685,5.55E-02,22.11775,3.10E-04,2.70E-04,1.56E-03,100.9543,0.9018874,8.09E-02,1681.368,2.614238,0.1501756,2.169817,0.1246457
5:49:51,8/22/20,4.025,0.4858582,3.08E-02,0.4629841,2.12E-02,22.17772,2.88E-04,2.77E-04,1.52E-03,100.9728,0.9001136,8.14E-02,1684.183,2.558322,3.02E-02,2.123407,2.50E-02
6:33:51,8/22/20,4.025,0.3411416,2.69E-02,0.3274932,0.0101672,23.55057,2.03E-04,1.96E-04,1.57E-03,101.0017,0.9100688,7.23E-02,1683.772,2.633865,2.83E-02,2.186108,2.35E-02
7:05:51,8/22/20,4.025,0.3052184,0.020068,0.286428,1.06E-02,25.51958,1.81E-04,1.72E-04,1.68E-03,100.987,0.9357371,6.92E-02,1681.429,2.812467,3.86E-02,2.334348,3.20E-02
7:33:51,8/22/20,4.025,0.2493586,1.48E-02,0.2404253,1.03E-02,27.18033,1.49E-04,1.44E-04,1.82E-03,100.984,0.9538673,6.58E-02,1681.868,3.06113,2.90E-02,2.540738,2.41E-02
7:57:51,8/22/20,4.025,0.2115581,2.51E-02,0.2119609,9.03E-03,28.768,1.28E-04,1.28E-04,1.93E-03,100.9819,0.9571291,6.38E-02,1675.647,3.230984,4.15E-02,2.681717,3.44E-02
8:35:52,8/22/20,4.025,0.1692493,1.92E-02,0.1805698,7.92E-03,31.12272,1.03E-04,1.09E-04,2.44E-03,100.9902,0.9867913,5.93E-02,1676.888,4.083405,3.33E-02,3.389226,2.76E-02
9:03:52,8/22/20,4.025,0.188094,1.79E-02,0.177974,7.87E-03,32.72925,1.12E-04,1.07E-04,2.77E-03,101.0009,0.9842123,5.78E-02,1676.895,4.632709,7.21E-02,3.845148,5.99E-02
9:19:52,8/22/20,4.025,0.1731679,1.42E-02,0.1709704,6.96E-03,33.66983,1.04E-04,1.03E-04,2.98E-03,101.0041,0.9807548,5.73E-02,1672.12,4.967542,6.69E-02,4.12306,5.55E-02
10:03:52,8/22/20,4.025,0.1199165,1.23E-02,0.1614935,8.83E-03,32.97464,7.75E-05,9.73E-05,2.93E-03,101.0389,0.9499934,0.0561922,1675.757,4.897057,0.0658242,4.064558,5.46E-02
10:35:52,8/22/20,4.025,0.1286637,2.58E-02,0.1574184,1.88E-02,33.01157,8.13E-05,9.50E-05,2.80E-03,101.0648,0.93561,5.61E-02,1671.906,4.672324,0.1537327,3.878029,0.1275982
11:03:52,8/22/20,4.025,0.1384805,1.55E-02,0.1601519,8.32E-03,32.92588,8.61E-05,9.65E-05,2.79E-03,101.0884,0.9369078,0.0562777,1675.826,4.6666,0.119759,3.873278,9.94E-02
11:27:52,8/22/20,4.025,0.1309445,1.58E-02,0.1470456,8.01E-03,32.85352,8.10E-05,8.87E-05,2.71E-03,101.0293,0.9294336,5.51E-02,1673.139,4.528501,5.36E-02,3.758656,4.45E-02
12:05:53,8/22/20,4.025,0.12643,1.06E-02,0.1484731,8.70E-03,32.98038,7.90E-05,8.95E-05,2.63E-03,101.0587,0.9192626,5.50E-02,1674.29,4.399243,0.0374449,3.651372,3.11E-02
12:33:53,8/22/20,4.025,0.1190508,1.92E-02,0.1588342,1.23E-02,32.91575,7.69E-05,9.58E-05,2.57E-03,101.0088,0.9144124,5.56E-02,1672.834,4.290941,3.36E-02,3.561481,2.79E-02
12:49:53,8/22/20,4.025,0.2434543,9.67E-03,0.2561529,1.36E-02,32.94677,1.49E-04,1.55E-04,2.67E-03,100.9861,0.9251356,6.16E-02,1672.293,4.452768,5.37E-02,3.695798,4.46E-02
13:33:53,8/22/20,4.025,0.139426,2.16E-02,0.1411021,8.87E-03,32.9574,8.44E-05,8.52E-05,2.66E-03,100.9657,0.9324034,5.47E-02,1671.819,4.441566,3.51E-02,3.6865,2.92E-02
14:05:53,8/22/20,4.025,0.1266077,2.08E-02,0.14652,8.21E-03,32.97562,7.91E-05,8.86E-05,2.57E-03,100.9381,0.9218208,5.52E-02,1669.177,4.273871,3.65E-02,3.547313,3.03E-02
14:33:53,8/22/20,4.025,0.1704154,1.19E-02,0.1507153,7.45E-03,32.96064,1.01E-04,9.11E-05,2.57E-03,100.88,0.9235359,5.54E-02,1669.372,4.274073,5.47E-02,3.547481,4.54E-02
14:57:53,8/22/20,4.025,0.1104885,1.31E-02,0.1494169,1.01E-02,32.80535,7.19E-05,9.05E-05,2.48E-03,100.8843,0.9195875,5.53E-02,1665.41,4.117805,5.46E-02,3.417778,4.53E-02
15:35:54,8/22/20,4.025,0.1503362,1.49E-02,0.1609105,0.0077133,32.99818,9.23E-05,9.73E-05,2.55E-03,100.8833,0.9192056,5.62E-02,1668.433,4.23974,0.1878495,3.518984,0.1559151
16:03:54,8/22/20,4.025,0.1512424,1.29E-02,0.1458488,6.45E-03,32.79185,9.08E-05,8.83E-05,2.39E-03,100.9714,0.8988892,0.0552362,1667.349,3.979232,4.29E-02,3.302763,3.56E-02
16:19:54,8/22/20,4.025,0.1997548,1.37E-02,0.2036849,0.0115955,32.88808,1.21E-04,1.23E-04,2.35E-03,101.0098,0.8934952,0.0588063,1672.418,3.92221,4.25E-02,3.255434,0.0353152
17:03:54,8/22/20,4.025,0.1400802,1.84E-02,0.1568757,8.75E-03,32.84827,8.66E-05,9.47E-05,2.52E-03,101.0383,0.8990878,5.59E-02,1671.943,4.194369,5.12E-02,3.481326,4.25E-02
17:35:54,8/22/20,4.025,0.1622144,1.24E-02,0.1664252,9.98E-03,32.92257,9.84E-05,1.00E-04,2.35E-03,101.0369,0.8874585,5.61E-02,1672.472,3.918281,0.4052903,3.252173,0.3363909
18:03:54,8/22/20,4.025,0.1398869,1.48E-02,0.1700466,1.16E-02,32.82665,8.83E-05,1.03E-04,2.38E-03,101.0301,0.8907291,5.64E-02,1671.535,3.964175,0.1655055,3.290265,0.1373696
18:27:54,8/22/20,4.025,0.2080894,1.22E-02,0.2172304,1.22E-02,32.90044,1.27E-04,1.31E-04,2.36E-03,101.0695,0.8849955,5.92E-02,1671.059,3.932505,5.59E-02,3.263979,0.0463572
19:05:55,8/22/20,4.025,0.1923707,1.69E-02,0.1920541,8.26E-03,32.86062,1.16E-04,1.16E-04,2.23E-03,101.091,0.8668635,5.79E-02,1675.148,3.730162,3.60E-02,3.096035,2.99E-02
19:33:55,8/22/20,4.025,0.1726566,1.25E-02,0.2050661,9.94E-03,32.88573,1.08E-04,1.23E-04,2.25E-03,101.125,0.8677059,5.88E-02,1675.925,3.756502,2.28E-02,3.117897,1.89E-02
19:49:55,8/22/20,4.025,0.2953011,1.26E-02,0.3060511,9.06E-03,32.87187,1.79E-04,1.84E-04,2.21E-03,101.1287,0.8663989,6.51E-02,1673.45,3.695199,4.83E-02,3.067015,4.01E-02
20:33:55,8/22/20,4.025,0.4812884,0.087331,0.4923241,0.0656552,28.44422,2.91E-04,2.96E-04,1.82E-03,101.1899,0.9129918,7.81E-02,1676.968,3.05178,3.35E-02,2.532977,2.78E-02
21:05:55,8/22/20,4.025,0.40559,2.56E-02,0.388069,0.0118483,22.94255,2.41E-04,2.33E-04,1.03E-03,101.2162,0.9272771,7.20E-02,1683.489,1.728121,3.88E-02,1.434341,3.22E-02
21:33:55,8/22/20,4.025,0.8322378,0.1423307,0.7671272,0.1168962,21.29725,4.90E-04,4.59E-04,8.98E-04,101.2169,0.8998342,9.49E-02,1687.134,1.513691,2.71E-02,1.256363,2.25E-02
21:57:55,8/22/20,4.025,0.5863881,5.07E-02,0.5598018,3.91E-02,20.60887,3.47E-04,3.35E-04,1.12E-03,101.2331,0.8855556,8.34E-02,1687.078,1.881488,2.97E-02,1.561635,2.46E-02
22:35:56,8/22/20,4.025,0.8149117,2.06E-02,0.7700363,1.84E-02,21.49737,4.81E-04,4.60E-04,1.30E-03,101.2586,0.8880296,9.61E-02,1688.39,2.194567,1.71E-02,1.82149,1.42E-02
23:03:56,8/22/20,4.025,0.7996874,3.49E-02,0.7288096,1.79E-02,21.0823,4.69E-04,4.35E-04,1.42E-03,101.2831,0.9042761,9.35E-02,1689.061,2.402759,2.95E-02,1.99429,2.44E-02
23:19:56,8/22/20,4.025,0.6195472,1.68E-02,0.5431035,1.11E-02,21.54175,3.60E-04,3.24E-04,1.51E-03,101.2833,0.9095323,8.31E-02,1689.37,2.540391,4.26E-02,2.108524,3.53E-02
0:03:56,8/23/20,4.025,0.9091269,0.065659,0.8125657,5.81E-02,21.75065,5.31E-04,4.85E-04,1.49E-03,101.2664,0.9015884,9.99E-02,1688.812,2.519028,3.11E-02,2.090793,2.58E-02
0:35:56,8/23/20,4.025,0.8253853,1.72E-02,0.7501541,1.57E-02,22.0214,4.83E-04,4.48E-04,1.47E-03,101.2707,0.8963189,9.66E-02,1690.374,2.479987,4.47E-02,2.058389,0.0371029
1:03:56,8/23/20,4.025,0.7206289,0.0300325,0.6594189,0.0217189,22.13502,4.23E-04,3.94E-04,1.56E-03,101.2775,0.9114907,9.14E-02,1689.633,2.624011,3.15E-02,2.177929,0.0261854
1:27:56,8/23/20,4.025,0.7556396,2.44E-02,0.7086569,1.81E-02,22.14905,4.45E-04,4.23E-04,1.56E-03,101.2873,0.9140399,9.37E-02,1690.701,2.632752,1.59E-02,2.185184,1.32E-02
2:05:57,8/23/20,4.025,0.457175,1.71E-02,0.4234935,9.60E-03,22.15603,2.68E-04,2.52E-04,1.46E-03,101.3143,0.8954334,7.76E-02,1692.669,2.462305,3.50E-02,2.043713,2.90E-02
2:33:57,8/23/20,4.025,0.3930068,2.14E-02,0.3623883,1.01E-02,22.1333,2.30E-04,2.16E-04,1.37E-03,101.3119,0.8883431,7.35E-02,1694.318,2.312211,1.30E-02,1.919135,1.08E-02
2:49:57,8/23/20,4.025,0.3695172,1.69E-02,0.3574863,1.36E-02,22.06195,2.19E-04,2.13E-04,1.30E-03,101.3033,0.8821903,7.35E-02,1693.021,2.204329,0.0215423,1.829593,1.79E-02
3:33:57,8/23/20,4.025,0.8536898,2.06E-02,0.8239229,1.93E-02,22.1097,5.04E-04,4.90E-04,1.60E-03,101.3151,0.911096,0.1024448,1697.761,2.707927,2.77E-02,2.247579,2.30E-02
4:05:57,8/23/20,4.025,0.7580394,2.49E-02,0.7139912,2.08E-02,22.09213,4.47E-04,4.26E-04,1.67E-03,101.3223,0.9220458,9.62E-02,1691.88,2.82827,3.55E-02,2.347464,2.95E-02
4:33:57,8/23/20,4.025,0.5197451,1.49E-02,0.4807208,1.07E-02,22.12772,3.05E-04,2.86E-04,1.59E-03,101.354,0.9179329,8.29E-02,1693.478,2.695775,3.41E-02,2.237493,2.83E-02
4:57:57,8/23/20,4.025,0.4999647,3.94E-02,0.4918978,1.36E-02,22.14228,2.96E-04,2.93E-04,1.63E-03,101.354,0.9193918,8.40E-02,1696.539,2.753592,4.56E-02,2.285482,3.79E-02
5:35:58,8/23/20,4.025,0.5513175,5.34E-02,0.4929724,0.0477529,22.2063,3.21E-04,2.93E-04,1.69E-03,101.3743,0.921123,8.37E-02,1697.464,2.867745,0.1585266,2.380228,0.1315771
6:03:58,8/23/20,4.025,0.4960037,2.02E-02,0.480656,1.24E-02,22.15152,2.92E-04,2.85E-04,1.64E-03,101.4139,0.9157749,8.28E-02,1702.334,2.781826,0.0212636,2.308916,1.76E-02
6:19:58,8/23/20,4.025,0.3210495,1.41E-02,0.3035961,9.00E-03,22.73805,1.89E-04,1.81E-04,1.60E-03,101.4272,0.9177913,7.26E-02,1692.692,2.706026,2.39E-02,2.246001,1.98E-02
7:03:58,8/23/20,4.025,0.2987842,2.02E-02,0.305616,9.48E-03,25.29495,1.78E-04,1.82E-04,1.73E-03,101.4619,0.9450831,7.19E-02,1697.878,2.936874,3.87E-02,2.437605,3.21E-02
7:35:58,8/23/20,4.025,0.2427888,2.06E-02,0.2354158,7.05E-03,27.2113,1.44E-04,1.40E-04,2.01E-03,101.4791,0.9780909,6.66E-02,1697.082,3.412142,0.1572538,2.832078,0.1305207
8:03:58,8/23/20,4.025,0.1991985,1.49E-02,0.2279605,1.02E-02,29.12032,1.23E-04,1.36E-04,2.51E-03,101.4726,1.012467,6.45E-02,1691.752,4.240505,4.81E-02,3.519619,3.99E-02
8:27:58,8/23/20,4.025,0.1636459,1.68E-02,0.2125025,1.06E-02,30.53464,1.04E-04,1.27E-04,0.0028774,101.4668,1.035744,6.34E-02,1695.44,4.864262,4.98E-02,4.037338,4.13E-02
9:05:59,8/23/20,4.025,0.2002223,1.36E-02,0.2078434,1.00E-02,33.03952,1.21E-04,1.24E-04,3.39E-03,101.4508,1.048588,0.0612004,1689.612,5.708253,4.16E-02,4.73785,3.45E-02
9:33:59,8/23/20,4.025,0.155175,2.04E-02,0.2143688,9.91E-03,32.92017,1.00E-04,1.28E-04,3.64E-03,101.4603,1.041153,0.060375,1691.034,6.138257,6.68E-02,5.094753,5.55E-02
9:49:59,8/23/20,4.025,0.1395074,1.74E-02,0.1851033,9.55E-03,33.0063,8.91E-05,1.11E-04,3.60E-03,101.4704,1.036899,5.86E-02,1689.635,6.066047,6.70E-02,5.034819,5.56E-02
10:33:59,8/23/20,4.025,0.1429583,2.03E-02,0.181312,9.20E-03,32.9583,9.02E-05,1.08E-04,3.25E-03,101.4568,0.9952193,5.75E-02,1690.456,5.474776,0.0605715,4.544065,5.03E-02
11:05:59,8/23/20,4.025,0.227253,4.72E-02,0.2986648,4.91E-02,32.90742,1.45E-04,1.79E-04,3.12E-03,101.4665,0.9930588,6.57E-02,1689.825,5.249871,3.18E-02,4.357393,2.64E-02
11:33:59,8/23/20,4.025,0.1601427,1.19E-02,0.1976673,7.89E-03,33.0301,1.01E-04,1.18E-04,3.33E-03,101.4313,1.018481,5.87E-02,1685.146,5.599535,0.0632364,4.647614,5.25E-02
11:57:59,8/23/20,4.025,0.1118241,1.27E-02,0.1608856,6.22E-03,33.00595,7.33E-05,9.66E-05,3.17E-03,101.4144,1.012097,5.63E-02,1682.647,5.322948,5.52E-02,4.418047,4.58E-02
12:36:00,8/23/20,4.025,0.1556184,1.22E-02,0.175441,8.21E-03,32.91719,9.58E-05,1.05E-04,3.06E-03,101.3395,1.005968,5.66E-02,1684.765,5.131731,8.19E-02,4.259336,6.80E-02
13:04:00,8/23/20,4.025,0.1420111,8.13E-03,0.1753697,1.09E-02,32.97615,8.94E-05,1.05E-04,2.90E-03,101.3269,0.9854222,5.65E-02,1682.54,4.865164,3.40E-02,4.038086,2.82E-02
13:20:00,8/23/20,4.025,0.1565507,2.22E-02,0.1755247,8.98E-03,32.88412,9.63E-05,1.05E-04,2.88E-03,101.315,0.9866348,5.66E-02,1683.169,4.825872,0.2488122,4.005474,0.2065141
14:04:00,8/23/20,4.025,0.2165139,1.09E-02,0.2272107,9.56E-03,32.82383,1.32E-04,1.37E-04,2.85E-03,101.2483,1.006048,5.97E-02,1679.85,4.775654,0.182837,3.963793,0.1517547
14:36:00,8/23/20,4.025,0.1437411,1.77E-02,0.1611066,8.39E-03,32.8325,8.90E-05,9.72E-05,2.70E-03,101.2053,0.9842886,5.56E-02,1673.28,4.50772,0.0358802,3.741407,0.0297806
15:04:00,8/23/20,4.025,0.1230186,1.68E-02,0.1624094,1.05E-02,32.83042,7.90E-05,9.78E-05,2.71E-03,101.2302,0.9758075,5.59E-02,1677.479,4.526271,0.1854681,3.756805,0.1539385
15:28:00,8/23/20,4.025,0.1359337,1.95E-02,0.1644826,8.77E-03,32.90195,8.54E-05,9.89E-05,2.76E-03,101.3023,0.9779835,5.62E-02,1678.581,4.616139,0.2058321,3.831395,0.1708407
16:06:01,8/23/20,4.025,0.1451058,1.95E-02,0.1750402,8.50E-03,32.78275,9.11E-05,1.05E-04,2.56E-03,101.2812,0.9233243,5.70E-02,1677.685,4.290747,5.31E-02,3.56132,4.41E-02
16:34:01,8/23/20,4.025,0.1609184,1.94E-02,0.1777184,7.71E-03,32.88008,9.88E-05,1.07E-04,2.54E-03,101.2603,0.9291419,5.76E-02,1679.164,4.24825,0.0883453,3.526047,7.33E-02
16:50:01,8/23/20,4.025,0.2094999,3.80E-02,0.2533087,2.01E-02,32.886,1.31E-04,1.52E-04,2.53E-03,101.2672,0.9272753,6.23E-02,1680.336,4.234339,0.4256327,3.514502,0.3532751
17:34:01,8/23/20,4.025,0.1018593,2.24E-02,0.1229543,8.58E-03,32.81419,6.40E-05,7.40E-05,2.51E-03,101.242,0.9208441,0.0546055,1676.265,4.204941,4.24E-02,3.490101,3.52E-02
18:06:01,8/23/20,4.025,0.1478984,1.72E-02,0.160098,7.74E-03,32.73732,9.07E-05,9.65E-05,2.47E-03,101.2587,0.9199774,5.68E-02,1674.499,4.120198,0.199889,3.419765,0.1659078
18:34:01,8/23/20,4.025,0.2686165,6.02E-02,0.2855501,4.42E-02,32.84217,1.64E-04,1.72E-04,2.59E-03,101.2772,0.9517021,6.61E-02,1677.509,4.328825,0.1055421,3.592924,8.76E-02
18:58:01,8/23/20,4.025,0.1534922,1.79E-02,0.170397,7.19E-03,32.77905,9.43E-05,1.02E-04,2.91E-03,101.3254,0.9734193,5.79E-02,1680.56,4.872935,3.87E-02,4.044536,3.21E-02
19:36:02,8/23/20,4.025,0.1760439,1.81E-02,0.2019186,1.09E-02,32.78587,1.09E-04,1.21E-04,2.75E-03,101.2947,0.9464508,5.99E-02,1680.857,4.609087,3.55E-02,3.825542,2.94E-02
20:04:02,8/23/20,4.025,0.5307019,5.55E-02,0.5156947,4.64E-02,32.81465,3.17E-04,3.10E-04,2.86E-03,101.3237,0.954567,7.91E-02,1679.992,4.785348,8.23E-02,3.971839,6.83E-02
20:20:02,8/23/20,4.025,0.3132364,5.25E-02,0.3682596,4.02E-02,30.89639,1.95E-04,2.21E-04,2.81E-03,101.3393,0.9592873,7.15E-02,1680.734,4.701471,0.1720816,3.902221,0.1428277
21:04:02,8/23/20,4.025,0.6071584,6.86E-02,0.6023212,5.72E-02,23.45108,3.64E-04,3.61E-04,1.32E-03,101.3609,0.9736193,8.64E-02,1683.383,2.224779,1.76E-02,1.846567,1.46E-02
21:36:02,8/23/20,4.025,0.5628573,0.0306089,0.5613363,2.23E-02,21.68769,3.37E-04,3.36E-04,1.12E-03,101.3745,0.9396271,8.47E-02,1684.333,1.876993,3.59E-02,1.557904,2.98E-02
22:04:02,8/23/20,4.025,0.745514,4.14E-02,0.7537174,2.86E-02,20.91913,4.47E-04,4.51E-04,1.33E-03,101.3853,0.9300449,9.65E-02,1686.81,2.235758,2.93E-02,1.855679,2.43E-02
22:28:02,8/23/20,4.025,0.8145534,0.0177542,0.8050558,1.79E-02,20.53067,4.86E-04,4.82E-04,1.46E-03,101.3767,0.9207368,9.91E-02,1685.682,2.460485,2.73E-02,2.042203,0.0226724
23:06:03,8/23/20,4.025,0.7375818,2.30E-02,0.7056662,1.55E-02,21.38572,4.36E-04,4.21E-04,1.61E-03,101.3356,0.9358503,9.34E-02,1692.297,2.720312,2.92E-02,2.257859,2.42E-02
23:34:03,8/23/20,4.025,0.8322886,2.76E-02,0.8038771,1.72E-02,21.36867,4.94E-04,4.80E-04,1.74E-03,101.3096,0.9468539,9.86E-02,1689.774,2.93248,0.0747115,2.433959,6.20E-02
23:50:03,8/23/20,4.025,0.7822154,3.06E-02,0.741325,1.76E-02,21.83655,4.63E-04,4.44E-04,1.75E-03,101.3051,0.9552784,9.49E-02,1686.769,2.944146,2.26E-02,2.443641,1.88E-02
0:34:03,8/24/20,4.025,0.7355074,3.71E-02,0.7195846,2.51E-02,22.03412,4.38E-04,4.31E-04,1.85E-03,101.2589,0.9609661,9.34E-02,1686.263,3.110697,3.42E-02,2.581878,2.84E-02
1:06:03,8/24/20,4.025,0.6934783,4.98E-02,0.6474355,3.29E-02,22.08829,4.08E-04,3.87E-04,1.88E-03,101.2704,0.9706304,8.96E-02,1691.108,3.178486,1.48E-02,2.638143,1.23E-02
1:34:03,8/24/20,4.025,0.4226834,3.35E-02,0.4228617,1.99E-02,22.04147,2.53E-04,2.53E-04,1.81E-03,101.2814,0.9638358,7.77E-02,1687.703,3.054721,2.88E-02,2.535418,2.39E-02
1:58:03,8/24/20,4.025,0.3082938,1.74E-02,0.3119976,1.26E-02,22.12292,1.85E-04,1.87E-04,1.68E-03,101.2562,0.9465593,7.16E-02,1682.385,2.81624,3.11E-02,2.337479,2.58E-02
2:36:04,8/24/20,4.025,0.3665958,2.07E-02,0.3517495,1.31E-02,22.10649,2.18E-04,2.10E-04,1.61E-03,101.2428,0.9334273,0.0738267,1686.487,2.707979,2.65E-02,2.247623,2.20E-02
3:04:04,8/24/20,4.025,0.4589217,1.98E-02,0.4607802,0.015343,22.14034,2.74E-04,2.75E-04,1.57E-03,101.2543,0.928009,8.19E-02,1689.162,2.645748,2.80E-02,2.19597,2.32E-02
3:20:04,8/24/20,4.025,0.6901587,3.38E-02,0.7224773,3.09E-02,22.13142,4.17E-04,4.32E-04,1.67E-03,101.2713,0.9412734,9.67E-02,1687.27,2.806427,2.80E-02,2.329334,0.0232495
4:04:04,8/24/20,4.025,0.627382,6.74E-02,0.653191,7.59E-02,22.08505,3.79E-04,3.91E-04,1.86E-03,101.2622,0.9557746,9.24E-02,1686.384,3.124647,2.13E-02,2.593457,1.76E-02
4:36:04,8/24/20,4.025,0.6189273,3.90E-02,0.6346145,2.71E-02,22.0902,3.72E-04,3.80E-04,1.95E-03,101.2728,0.9592432,0.0925303,1686.863,3.276828,2.45E-02,2.719767,2.03E-02
5:04:04,8/24/20,4.025,0.691479,8.34E-02,0.6940366,5.01E-02,22.08052,4.15E-04,4.16E-04,1.80E-03,101.2697,0.9434621,9.62E-02,1684.627,3.019746,3.04E-02,2.506389,2.53E-02
5:28:04,8/24/20,4.025,0.5242755,2.56E-02,0.5220727,1.29E-02,22.10332,3.14E-04,3.13E-04,1.87E-03,101.2759,0.9508895,8.65E-02,1684.275,3.13778,3.10E-02,2.604357,2.58E-02
6:06:05,8/24/20,4.025,0.433892,2.78E-02,0.4399759,2.58E-02,22.14612,2.60E-04,2.62E-04,1.90E-03,101.2914,0.9551262,8.09E-02,1692.209,3.206945,1.80E-02,2.661764,0.0149229
6:34:05,8/24/20,4.025,0.3178117,1.52E-02,0.2956629,1.20E-02,23.5068,1.88E-04,1.77E-04,1.87E-03,101.292,0.9581402,7.19E-02,1685.332,3.13867,2.96E-02,2.605096,2.46E-02
6:50:05,8/24/20,4.025,0.3267778,1.16E-02,0.3221924,1.15E-02,24.3301,1.95E-04,1.93E-04,1.92E-03,101.2972,0.9698456,7.30E-02,1688.335,3.231126,4.19E-02,2.681835,3.48E-02
7:34:05,8/24/20,4.025,0.2581047,1.32E-02,0.2509004,9.16E-03,27.22598,1.54E-04,1.50E-04,2.21E-03,101.2711,1.009395,6.72E-02,1685.852,3.718807,3.96E-02,3.08661,3.29E-02
8:06:05,8/24/20,4.025,0.2314977,0.0163932,0.2421005,0.0129695,29.20027,1.40E-04,1.45E-04,2.50E-03,101.2835,1.034355,6.56E-02,1683.367,4.193187,3.95E-02,3.480345,3.28E-02
8:34:05,8/24/20,4.025,0.1928788,1.92E-02,0.2003297,0.0110339,31.03444,1.17E-04,1.20E-04,2.83E-03,101.2614,1.049338,6.25E-02,1680.502,4.745237,5.42E-02,3.938547,4.50E-02
8:58:05,8/24/20,4.025,0.1459268,1.71E-02,0.1864185,1.03E-02,32.49945,9.32E-05,1.13E-04,3.10E-03,101.2459,1.054026,6.07E-02,1673.721,5.166801,7.10E-02,4.288445,5.89E-02
9:36:06,8/24/20,4.025,0.1728676,1.21E-02,0.2133137,8.03E-03,33.06925,1.09E-04,1.29E-04,3.62E-03,101.252,1.063112,0.0615154,1674.856,6.043997,4.51E-02,5.016518,3.75E-02
10:04:06,8/24/20,4.025,0.1073805,1.64E-02,0.1447075,8.37E-03,32.96405,6.96E-05,8.75E-05,3.63E-03,101.2511,1.068298,5.68E-02,1672.221,6.04968,7.07E-02,5.021235,5.87E-02
10:20:06,8/24/20,4.025,0.1260728,1.37E-02,0.1646484,8.34E-03,32.94702,8.09E-05,9.93E-05,3.60E-03,101.2357,1.064476,5.79E-02,1676.01,6.007789,5.88E-02,4.986465,4.88E-02
11:04:06,8/24/20,4.025,0.1337545,0.017154,0.168167,1.00E-02,33.00722,8.52E-05,1.02E-04,3.47E-03,101.2166,1.069227,5.75E-02,1672.982,5.786798,0.2308858,4.803042,0.1916353
11:36:06,8/24/20,4.025,0.3446458,2.53E-02,0.3688455,2.28E-02,32.98032,2.12E-04,2.23E-04,3.53E-03,101.203,1.098465,6.96E-02,1671.406,5.872974,0.1034436,4.874569,8.59E-02
12:04:06,8/24/20,4.025,0.1893607,0.0133029,0.1895993,8.43E-03,32.91674,1.15E-04,1.15E-04,3.27E-03,101.1636,1.073098,0.0597897,1667.316,5.438266,7.62E-02,4.513761,6.33E-02
12:28:06,8/24/20,4.025,0.1345789,1.66E-02,0.1531791,1.08E-02,32.73492,8.40E-05,9.29E-05,3.13E-03,101.1594,1.063825,5.68E-02,1666.652,5.197454,6.64E-02,4.313887,0.0551166
13:06:07,8/24/20,4.025,0.1420513,1.57E-02,0.159106,9.55E-03,32.77827,8.81E-05,9.62E-05,2.80E-03,101.1031,0.9833971,5.63E-02,1669.799,4.658548,6.42E-02,3.866595,5.33E-02
13:34:07,8/24/20,4.025,0.1558818,0.0122366,0.1649147,1.01E-02,32.92318,9.55E-05,9.98E-05,2.64E-03,101.0694,0.9171622,5.65E-02,1667.547,4.38809,0.0174545,3.642115,1.45E-02
13:50:07,8/24/20,4.025,0.1356822,1.50E-02,0.1570161,6.11E-03,32.74923,8.49E-05,9.52E-05,2.55E-03,101.0266,0.9062169,5.60E-02,1664.964,4.230845,0.2177249,3.511602,0.1807117
14:34:07,8/24/20,4.025,0.1335008,2.32E-02,0.1512916,7.95E-03,32.91517,8.33E-05,9.18E-05,2.61E-03,100.964,0.9139966,5.55E-02,1662.741,4.324932,0.1568485,3.589694,0.1301843
15:06:07,8/24/20,4.025,0.1481751,1.40E-02,0.1609318,8.62E-03,32.82435,9.14E-05,9.75E-05,2.46E-03,100.9175,0.8895186,0.0560735,1664.573,4.09181,3.42E-02,3.396202,2.84E-02
15:34:07,8/24/20,4.025,0.1494557,1.48E-02,0.1493895,7.91E-03,32.8318,9.08E-05,9.07E-05,2.55E-03,100.8911,0.9272734,0.0558916,1661.751,4.225295,0.330768,3.506995,0.2745374
15:58:07,8/24/20,4.025,0.1366432,1.40E-02,0.1656965,9.22E-03,32.87584,8.68E-05,1.01E-04,2.66E-03,100.8663,0.9525159,5.73E-02,1660.98,4.407795,2.00E-02,3.65847,1.66E-02
16:36:08,8/24/20,4.025,0.1724345,1.35E-02,0.1668485,9.48E-03,32.85878,1.04E-04,1.01E-04,2.59E-03,100.9066,0.9394997,5.77E-02,1663.274,4.295947,0.1720662,3.565636,0.1428149
17:04:08,8/24/20,4.025,0.3311028,2.79E-02,0.3255606,0.0183218,32.75655,2.01E-04,1.98E-04,2.65E-03,100.9093,0.9537214,6.74E-02,1660.538,4.394544,3.17E-02,3.647471,2.63E-02
17:20:08,8/24/20,4.025,0.1914724,1.97E-02,0.1787719,7.56E-03,32.82272,1.15E-04,1.09E-04,2.59E-03,100.8973,0.9514944,5.86E-02,1659.952,4.282241,0.0973986,3.55426,8.08E-02
18:04:08,8/24/20,4.025,0.1404299,1.12E-02,0.174624,8.68E-03,32.87907,8.97E-05,0.0001061,2.45E-03,100.9003,0.9012061,0.0571686,1660.778,4.065358,4.89E-02,3.374247,4.06E-02
18:36:08,8/24/20,4.025,0.1495932,1.67E-02,0.1700217,1.05E-02,32.70222,9.34E-05,1.03E-04,2.33E-03,100.882,0.8802742,5.70E-02,1662.566,3.860509,0.1255797,3.204222,0.1042311
19:04:08,8/24/20,4.025,0.1652104,1.07E-02,0.1952661,8.71E-03,32.82417,1.04E-04,1.19E-04,2.22E-03,100.891,0.8693909,5.89E-02,1660.969,3.679125,0.0213009,3.053673,1.77E-02
19:28:08,8/24/20,4.025,0.1601943,1.12E-02,0.1657132,7.97E-03,32.94312,9.80E-05,1.01E-04,2.20E-03,100.8332,0.8573587,5.76E-02,1660.376,3.640657,3.05E-02,3.021745,2.53E-02
11:19:46,8/21/20,5.016667,1.369065,9.39E-02,1.263947,5.35E-02,32.88229,7.73E-04,7.25E-04,2.86E-03,100.6236,0.9752811,0.1281643,1759.671,5.015102,3.92E-02,4.162534,3.26E-02
11:47:46,8/21/20,5.016667,0.5052693,3.10E-02,0.4056136,0.0208955,32.83042,2.78E-04,2.32E-04,3.33E-03,100.574,0.9898109,7.15E-02,1762.721,5.843384,8.40E-02,4.850009,6.97E-02
12:35:46,8/21/20,5.016667,0.2854925,2.42E-02,0.2313987,0.0101009,32.91653,1.57E-04,1.33E-04,3.17E-03,100.5602,0.9578306,5.94E-02,1758.614,5.563264,1.72E-02,4.617509,1.43E-02
12:55:46,8/21/20,5.016667,0.1702629,2.24E-02,0.1639562,9.29E-03,32.87392,9.69E-05,9.41E-05,2.96E-03,100.5469,0.9332386,5.52E-02,1758.91,5.18539,0.4385787,4.303873,0.3640203
13:19:46,8/21/20,5.016667,0.1732193,1.67E-02,0.1697236,8.06E-03,32.90807,9.90E-05,9.74E-05,2.82E-03,100.5419,0.9201627,5.54E-02,1758.409,4.948267,2.36E-02,4.107061,1.96E-02
13:59:46,8/21/20,5.016667,0.2013911,2.03E-02,0.2110107,1.08E-02,32.91612,1.17E-04,1.21E-04,2.80E-03,100.5642,0.9133505,5.78E-02,1758.413,4.901866,0.2585092,4.068549,0.2145627
14:19:46,8/21/20,5.016667,0.2196538,1.60E-02,0.2012365,1.01E-02,32.94408,1.24E-04,1.15E-04,2.68E-03,100.6189,0.9073157,5.76E-02,1759.422,4.699173,0.0336688,3.900313,0.0279451
14:39:46,8/21/20,5.016667,0.2133394,1.98E-02,0.2045235,0.0105461,32.92692,1.21E-04,1.17E-04,2.60E-03,100.6485,0.903801,5.78E-02,1759.439,4.569387,4.76E-02,3.792591,3.95E-02
14:49:47,8/21/20,5.016667,1.331424,9.39E-02,1.241379,5.48E-02,32.8813,7.53E-04,7.12E-04,2.82E-03,100.6236,0.975175,0.1279504,1759.665,4.945932,3.98E-02,4.105124,3.31E-02
15:17:47,8/21/20,5.016667,0.5052693,3.10E-02,0.4056136,0.0208955,32.83042,2.78E-04,2.32E-04,3.33E-03,100.574,0.9898109,7.15E-02,1762.721,5.843384,8.40E-02,4.850009,6.97E-02
16:05:47,8/21/20,5.016667,0.2854925,2.42E-02,0.2313987,1.01E-02,32.91653,1.57E-04,1.33E-04,3.17E-03,100.5602,0.9578306,5.94E-02,1758.614,5.563264,1.72E-02,4.617509,1.43E-02
16:25:47,8/21/20,5.016667,0.1702629,2.24E-02,0.1639562,9.29E-03,32.87392,9.69E-05,9.41E-05,2.96E-03,100.5469,0.9332386,5.52E-02,1758.91,5.185389,0.4385786,4.303873,0.3640202
16:49:47,8/21/20,5.016667,0.1732193,1.67E-02,0.1697237,8.06E-03,32.90807,9.90E-05,9.74E-05,2.82E-03,100.5419,0.9201627,5.54E-02,1758.409,4.948267,2.36E-02,4.107061,1.96E-02
17:29:47,8/21/20,5.016667,0.2013911,2.03E-02,0.2110107,1.08E-02,32.91612,1.17E-04,1.21E-04,2.80E-03,100.5642,0.9133505,5.78E-02,1758.413,4.901866,0.2585092,4.068549,0.2145627
17:49:47,8/21/20,5.016667,0.2196538,1.60E-02,0.2012365,1.01E-02,32.94408,1.24E-04,1.15E-04,2.68E-03,100.6189,0.9073157,5.76E-02,1759.422,4.699173,0.0336688,3.900313,0.0279451
18:09:47,8/21/20,5.016667,0.2125265,1.99E-02,0.2044816,1.05E-02,32.92712,1.21E-04,1.17E-04,2.60E-03,100.6486,0.9036718,5.78E-02,1759.421,4.565005,4.54E-02,3.788954,3.77E-02
18:19:48,8/21/20,5.016667,0.2709044,1.50E-02,0.2753332,8.13E-03,32.98007,1.56E-04,1.58E-04,2.61E-03,100.6555,0.9040088,6.17E-02,1759.335,4.582552,4.36E-02,3.803519,3.62E-02
18:47:48,8/21/20,5.016667,0.3295502,2.77E-02,0.3059835,1.82E-02,32.84362,1.86E-04,1.75E-04,2.78E-03,100.7096,0.9197028,6.33E-02,1760.365,4.885458,0.1900174,4.05493,0.1577144
19:35:48,8/21/20,5.016667,0.2862869,1.55E-02,0.2543642,9.04E-03,32.8607,1.60E-04,1.46E-04,2.48E-03,100.7501,0.8848228,6.07E-02,1761.546,4.356833,5.28E-02,3.616172,4.38E-02
19:55:48,8/21/20,5.016667,0.3434984,1.14E-02,0.3230854,1.01E-02,32.98639,1.94E-04,1.85E-04,2.55E-03,100.7566,0.8947838,6.52E-02,1761.631,4.477634,4.04E-02,3.716437,3.35E-02
20:19:48,8/21/20,5.016667,0.6770846,5.64E-02,0.6335458,3.74E-02,30.72433,3.83E-04,3.63E-04,2.68E-03,100.7519,0.9159992,8.38E-02,1761.833,4.704871,4.17E-02,3.905043,3.46E-02
20:59:48,8/21/20,5.016667,0.7166244,3.94E-02,0.5798372,2.07E-02,23.38368,3.94E-04,3.32E-04,1.10E-03,100.7879,0.9110552,8.18E-02,1762.858,1.937465,3.67E-02,1.608096,3.05E-02
21:19:48,8/21/20,5.016667,0.7180918,3.25E-02,0.5601748,2.47E-02,21.01532,3.92E-04,3.20E-04,5.86E-04,100.8132,0.8798906,8.06E-02,1764.021,1.03293,2.45E-02,0.8573323,2.03E-02
21:39:48,8/21/20,5.016667,0.8639192,0.0172002,0.669746,1.38E-02,20.17249,4.70E-04,3.83E-04,7.55E-04,100.8087,0.8438825,8.76E-02,1764.455,1.331616,1.73E-02,1.105241,1.43E-02
21:49:49,8/21/20,5.016667,0.9279848,2.11E-02,0.7251109,2.04E-02,19.91562,5.06E-04,4.14E-04,8.19E-04,100.8158,0.8340436,9.11E-02,1764.026,1.444361,0.026096,1.198819,2.17E-02
22:17:49,8/21/20,5.016667,0.8510403,2.43E-02,0.6886121,1.74E-02,21.4019,4.67E-04,3.93E-04,8.67E-04,100.8235,0.8393552,8.94E-02,1764.928,1.5294,2.60E-02,1.269402,2.15E-02
23:05:49,8/21/20,5.016667,0.975213,2.85E-02,0.7404168,1.39E-02,21.33718,5.29E-04,4.23E-04,1.06E-03,100.8566,0.8587219,9.16E-02,1765.637,1.876971,1.84E-02,1.557886,1.52E-02
23:25:49,8/21/20,5.016667,1.104688,7.07E-02,0.8578092,6.40E-02,21.75208,6.01E-04,4.90E-04,1.16E-03,100.8719,0.8696389,0.0988664,1766.165,2.041403,4.73E-02,1.694365,3.93E-02
23:49:49,8/21/20,5.016667,1.043073,1.60E-02,0.8299834,1.45E-02,21.95627,5.70E-04,4.74E-04,1.15E-03,100.8799,0.8708516,9.76E-02,1766.796,2.024452,2.16E-02,1.680295,1.80E-02
0:29:49,8/22/20,5.016667,0.9893273,2.24E-02,0.771837,1.28E-02,22.1351,5.39E-04,4.41E-04,1.23E-03,100.8824,0.8788896,0.0952502,1767.141,2.173881,2.07E-02,1.804321,1.72E-02
0:49:49,8/22/20,5.016667,0.9719769,3.14E-02,0.7346856,2.01E-02,22.12107,5.27E-04,4.19E-04,1.27E-03,100.8858,0.8797842,9.35E-02,1766.729,2.248677,4.34E-02,1.866402,3.61E-02
1:09:49,8/22/20,5.016667,0.9897393,3.03E-02,0.7579406,2.23E-02,22.10962,5.37E-04,4.33E-04,1.32E-03,100.8886,0.8871503,9.52E-02,1767.449,2.322687,1.88E-02,1.92783,1.56E-02
1:19:50,8/22/20,5.016667,1.027938,2.12E-02,0.8007929,1.26E-02,22.08944,5.60E-04,4.57E-04,1.29E-03,100.8781,0.8797902,9.78E-02,1766.775,2.284559,0.0263022,1.896184,2.18E-02
1:47:50,8/22/20,5.016667,0.9468836,2.64E-02,0.7337021,0.01585,22.08875,5.15E-04,4.19E-04,1.33E-03,100.8855,0.8845588,9.45E-02,1767.147,2.350509,0.0187193,1.950922,1.55E-02
2:35:50,8/22/20,5.016667,0.9281977,0.0261485,0.7144189,1.11E-02,22.12047,5.04E-04,4.08E-04,1.35E-03,100.902,0.8831226,9.40E-02,1767.935,2.377445,0.0242583,1.973279,2.01E-02
2:55:50,8/22/20,5.016667,0.9349914,2.05E-02,0.7112785,1.30E-02,22.13968,5.07E-04,4.06E-04,1.33E-03,100.8928,0.8889449,9.40E-02,1767.598,2.355832,2.81E-02,1.955341,2.33E-02
3:19:50,8/22/20,5.016667,0.9034877,3.23E-02,0.6933124,0.012908,22.06939,4.91E-04,3.96E-04,1.32E-03,100.8789,0.8839375,9.31E-02,1767.634,2.32532,2.76E-02,1.930016,2.29E-02
3:59:50,8/22/20,5.016667,0.9330076,2.07E-02,0.7017583,0.0125765,22.15857,5.05E-04,4.00E-04,1.33E-03,100.9004,0.8840823,0.0937954,1767.591,2.342377,4.09E-02,1.944173,3.40E-02
4:19:50,8/22/20,5.016667,0.9719068,2.22E-02,0.7108443,1.21E-02,22.13253,5.23E-04,4.05E-04,1.36E-03,100.9119,0.8816175,9.47E-02,1768.711,2.400166,0.034238,1.992138,2.84E-02
4:39:50,8/22/20,5.016667,0.8788583,2.92E-02,0.6231211,3.80E-02,22.09042,4.71E-04,3.55E-04,1.41E-03,100.9302,0.8889376,8.99E-02,1768.464,2.481687,3.74E-02,2.0598,3.11E-02
4:49:51,8/22/20,5.016667,0.9576619,3.43E-02,0.7003036,8.79E-03,22.11448,5.15E-04,3.99E-04,1.37E-03,100.9502,0.8838431,9.41E-02,1769.084,2.422873,1.68E-02,2.010985,0.0139639
5:17:51,8/22/20,5.016667,0.9839188,2.94E-02,0.7636586,1.27E-02,22.20018,5.35E-04,4.35E-04,1.37E-03,100.9476,0.8852696,9.74E-02,1768.93,2.415925,1.47E-02,2.005218,1.22E-02
6:05:51,8/22/20,5.016667,0.9600674,0.0272449,0.7710944,1.26E-02,22.1624,5.25E-04,4.39E-04,1.38E-03,100.9875,0.886346,9.71E-02,1769.852,2.437489,2.49E-02,2.023116,2.07E-02
6:25:51,8/22/20,5.016667,1.078754,2.52E-02,0.8241734,1.74E-02,23.2539,5.84E-04,4.70E-04,1.47E-03,100.9944,0.9030473,9.96E-02,1770.688,2.595133,2.43E-02,2.15396,2.01E-02
6:49:51,8/22/20,5.016667,0.9974146,3.12E-02,0.7853906,1.70E-02,24.38698,5.43E-04,0.0004478,1.64E-03,100.9982,0.9267567,9.70E-02,1769.938,2.894838,2.55E-02,2.402716,2.11E-02
7:29:51,8/22/20,5.016667,0.6826898,2.93E-02,0.5146034,1.67E-02,27.0075,3.70E-04,2.94E-04,2.03E-03,100.9836,0.9770056,8.07E-02,1768.947,3.583702,4.97E-02,2.974473,4.12E-02
7:49:51,8/22/20,5.016667,0.4004017,1.51E-02,0.3186704,0.0105677,28.14079,2.19E-04,1.82E-04,2.17E-03,100.9931,0.9821836,6.97E-02,1768.678,3.838079,5.49E-02,3.185605,4.55E-02
8:09:51,8/22/20,5.016667,0.3230994,1.12E-02,0.2352897,9.89E-03,29.51339,1.74E-04,1.34E-04,2.40E-03,100.9861,0.9971577,6.40E-02,1768.92,4.233293,5.72E-02,3.513633,4.75E-02
8:19:52,8/22/20,5.016667,0.29632,1.91E-02,0.2292764,9.27E-03,30.20867,1.61E-04,1.31E-04,2.52E-03,100.9933,1.000609,6.30E-02,1768.168,4.450917,6.87E-02,3.694261,5.70E-02
8:47:52,8/22/20,5.016667,0.2767233,1.29E-02,0.2196095,9.41E-03,31.80144,1.51E-04,1.25E-04,2.86E-03,100.9852,1.016161,6.01E-02,1767.954,5.04212,5.62E-02,4.184959,4.66E-02
9:35:52,8/22/20,5.016667,0.1972073,0.0142914,0.1734924,9.33E-03,32.95572,1.10E-04,9.92E-05,3.32E-03,101.0048,1.0022,5.68E-02,1767.143,5.8476,5.98E-02,4.853508,4.96E-02
9:55:52,8/22/20,5.016667,0.1850305,2.18E-02,0.1762477,1.02E-02,33.05919,1.05E-04,1.01E-04,3.23E-03,101.0284,0.9879456,5.64E-02,1767.673,5.685741,0.2224786,4.719165,0.1846573
10:19:52,8/22/20,5.016667,0.187737,1.89E-02,0.1837976,8.62E-03,33.04597,1.07E-04,1.05E-04,3.12E-03,101.0453,0.9714741,5.68E-02,1767.943,5.492731,2.79E-02,4.558967,2.31E-02
10:59:52,8/22/20,5.016667,0.1914902,2.05E-02,0.161718,8.42E-03,33.02539,1.06E-04,9.24E-05,3.02E-03,101.0874,0.9598932,5.58E-02,1767.804,5.327742,4.69E-02,4.422025,3.89E-02
11:19:52,8/22/20,5.016667,0.1523183,2.20E-02,0.1571064,8.94E-03,32.96743,8.76E-05,8.97E-05,2.94E-03,101.0751,0.9511618,5.54E-02,1767.547,5.186367,6.58E-02,4.304685,5.46E-02
11:39:52,8/22/20,5.016667,0.3754319,3.36E-02,0.3411899,3.00E-02,32.88097,2.10E-04,1.95E-04,3.00E-03,101.0635,0.9566809,6.54E-02,1767.301,5.291686,5.86E-02,4.392099,4.87E-02
11:49:53,8/22/20,5.016667,0.6897384,8.65E-02,0.556504,5.99E-02,32.79514,3.78E-04,3.18E-04,2.99E-03,101.0714,0.9553019,7.76E-02,1768.208,5.270442,3.64E-02,4.374467,3.02E-02
12:17:53,8/22/20,5.016667,0.6729656,6.97E-02,0.5405545,6.35E-02,32.9676,3.69E-04,3.09E-04,3.10E-03,101.0474,0.9675276,0.0766562,1767.146,5.460364,5.39E-02,4.532102,4.47E-02
13:05:53,8/22/20,5.016667,0.1896182,1.78E-02,0.1662666,7.89E-03,32.95927,1.06E-04,9.51E-05,2.73E-03,100.9736,0.935316,5.59E-02,1765.425,4.809938,5.52E-02,3.992249,4.58E-02
13:25:53,8/22/20,5.016667,0.1766734,0.0146878,0.1620115,8.88E-03,32.94083,9.93E-05,9.26E-05,2.72E-03,100.9693,0.9377478,5.55E-02,1765.301,4.784347,4.75E-02,3.971008,3.94E-02
13:49:53,8/22/20,5.016667,0.1972875,1.17E-02,0.1737828,8.51E-03,32.90929,1.10E-04,9.94E-05,2.62E-03,100.9441,0.9334111,5.69E-02,1765.317,4.620195,0.1784639,3.834762,0.148125
14:29:53,8/22/20,5.016667,0.2027639,1.43E-02,0.1621575,8.44E-03,32.89015,1.11E-04,9.28E-05,2.58E-03,100.8857,0.9269801,5.54E-02,1763.993,4.544891,0.1057333,3.772259,8.78E-02
14:49:53,8/22/20,5.016667,0.2191433,7.05E-03,0.1647459,6.85E-03,32.98553,1.19E-04,9.43E-05,2.58E-03,100.8803,0.9212709,5.56E-02,1763.338,4.542069,4.82E-02,3.769918,4.00E-02
15:09:53,8/22/20,5.016667,0.1893309,1.56E-02,0.1535155,9.84E-03,32.84972,1.04E-04,8.78E-05,2.49E-03,100.8769,0.9148969,5.50E-02,1763.996,4.372944,0.4321829,3.629544,0.3587117
15:19:54,8/22/20,5.016667,0.1794738,1.68E-02,0.1531061,8.17E-03,32.96603,9.96E-05,8.76E-05,2.55E-03,100.879,0.9218873,5.49E-02,1763.212,4.477846,5.95E-02,3.716612,4.94E-02
15:47:54,8/22/20,5.016667,0.1970905,1.45E-02,0.1653052,7.84E-03,32.89877,1.09E-04,9.46E-05,2.47E-03,100.8934,0.9163493,0.0559125,1763.297,4.338115,0.0437896,3.600635,3.63E-02
16:35:54,8/22/20,5.016667,0.2542701,2.06E-02,0.2402762,1.03E-02,32.81972,1.44E-04,1.37E-04,2.64E-03,101.0233,0.9189246,6.01E-02,1764.977,4.654068,3.71E-02,3.862876,3.08E-02
16:55:54,8/22/20,5.016667,0.1249976,1.66E-02,0.1311089,1.03E-02,32.91299,7.22E-05,7.49E-05,2.46E-03,101.029,0.897965,5.38E-02,1765.299,4.338609,0.2194399,3.601046,0.1821351
17:19:54,8/22/20,5.016667,0.168045,1.86E-02,0.186936,1.03E-02,32.87737,9.83E-05,1.07E-04,2.37E-03,101.0235,0.8888904,5.69E-02,1764.654,4.17242,5.59E-02,3.463108,4.64E-02
17:59:54,8/22/20,5.016667,0.2732929,0.0141378,0.2520526,1.30E-02,32.96347,1.54E-04,1.44E-04,2.31E-03,101.0252,0.8830289,6.04E-02,1764.028,4.073744,3.10E-02,3.381208,2.57E-02
18:19:54,8/22/20,5.016667,0.243422,2.03E-02,0.2094379,7.13E-03,32.83885,1.35E-04,1.20E-04,2.29E-03,101.0525,0.8763003,5.80E-02,1764.351,4.027256,3.27E-02,3.342623,2.72E-02
18:39:54,8/22/20,5.016667,0.2086394,1.13E-02,0.2039133,9.56E-03,32.8391,1.19E-04,1.17E-04,2.22E-03,101.0674,0.8646815,5.77E-02,1764.9,3.903971,3.31E-02,3.240296,2.75E-02
18:49:55,8/22/20,5.016667,0.2444638,2.35E-02,0.2121778,9.97E-03,32.8238,1.36E-04,1.21E-04,2.19E-03,101.0731,0.860765,5.83E-02,1764.909,3.849096,3.14E-02,3.19475,2.61E-02
19:17:55,8/22/20,5.016667,0.2189731,0.0156845,0.2216568,9.45E-03,32.94827,1.25E-04,1.27E-04,2.10E-03,101.1168,0.8554077,5.88E-02,1765.331,3.697182,3.34E-02,3.068661,2.77E-02
20:05:55,8/22/20,5.016667,0.4798974,0.023483,0.4550251,1.72E-02,32.95562,2.71E-04,2.60E-04,2.19E-03,101.1431,0.8633519,7.33E-02,1766.118,3.855596,2.75E-02,3.200144,2.28E-02
20:25:55,8/22/20,5.016667,0.6438373,4.26E-02,0.553318,2.39E-02,29.70974,3.57E-04,3.16E-04,1.91E-03,101.1663,0.8732334,7.98E-02,1766.418,3.364653,2.14E-02,2.792662,1.78E-02
20:49:55,8/22/20,5.016667,0.7842728,3.65E-02,0.6263656,0.0221513,25.59732,4.29E-04,3.57E-04,1.02E-03,101.1924,0.8929012,8.46E-02,1767.548,1.804807,2.45E-02,1.49799,2.03E-02
21:29:55,8/22/20,5.016667,0.8248488,3.18E-02,0.731553,3.38E-02,21.3426,4.59E-04,4.17E-04,4.18E-04,101.2159,0.8595355,9.08E-02,1768.402,0.7387187,0.0151464,0.6131366,1.26E-02
21:49:55,8/22/20,5.016667,0.947733,3.69E-02,0.7924535,1.43E-02,20.78195,5.22E-04,4.52E-04,5.93E-04,101.2241,0.8380748,9.45E-02,1769.376,1.048435,3.51E-02,0.8702011,2.91E-02
22:09:55,8/22/20,5.016667,1.009025,1.75E-02,0.8542436,1.41E-02,20.30297,5.56E-04,4.87E-04,7.19E-04,101.2361,0.8269216,9.85E-02,1769.475,1.271117,3.78E-02,1.055027,3.14E-02
22:19:56,8/22/20,5.016667,1.016897,2.85E-02,0.8654704,1.30E-02,20.53372,5.61E-04,4.93E-04,7.65E-04,101.2481,0.8250949,9.93E-02,1769.153,1.352892,1.69E-02,1.1229,1.40E-02
22:47:56,8/22/20,5.016667,0.9643375,0.029479,0.8104476,1.40E-02,21.30063,5.31E-04,4.61E-04,8.63E-04,101.2819,0.8508639,9.62E-02,1770.917,1.527306,1.94E-02,1.267664,1.61E-02
23:35:56,8/22/20,5.016667,0.9979429,0.0323858,0.8476014,1.97E-02,21.75574,5.50E-04,4.83E-04,1.01E-03,101.275,0.8547817,9.89E-02,1770.974,1.790646,3.56E-02,1.486236,2.96E-02
23:55:56,8/22/20,5.016667,0.9226359,2.99E-02,0.769999,1.41E-02,21.8572,5.07E-04,4.38E-04,1.06E-03,101.2701,0.8621501,9.49E-02,1771.361,1.883754,1.54E-02,1.563516,1.27E-02
0:19:56,8/23/20,5.016667,1.001745,0.0165771,0.8499438,1.34E-02,22.03985,5.52E-04,4.84E-04,1.09E-03,101.2712,0.86105,9.98E-02,1771.664,1.924185,2.39E-02,1.597073,1.99E-02
0:59:56,8/23/20,5.016667,0.8518615,2.28E-02,0.7026851,1.64E-02,22.13415,4.67E-04,4.00E-04,1.15E-03,101.2682,0.8704605,9.22E-02,1771.059,2.038954,1.70E-02,1.692332,1.41E-02
1:19:56,8/23/20,5.016667,1.00189,2.13E-02,0.8362632,1.48E-02,22.1243,5.51E-04,4.76E-04,1.21E-03,101.2887,0.8735555,9.92E-02,1771.942,2.135098,2.57E-02,1.772131,2.13E-02
1:39:56,8/23/20,5.016667,1.021794,3.25E-02,0.8402742,1.83E-02,22.17125,5.60E-04,4.78E-04,1.17E-03,101.297,0.8686275,9.94E-02,1771.907,2.071576,2.32E-02,1.719408,1.93E-02
1:49:57,8/23/20,5.016667,0.7819033,6.94E-02,0.6849217,3.58E-02,22.12043,4.33E-04,3.90E-04,1.27E-03,101.3047,0.8790012,0.0905902,1772.211,2.250697,0.0171422,1.868079,0.014228
2:17:57,8/23/20,5.016667,1.025868,2.85E-02,0.857542,1.33E-02,22.08292,5.64E-04,4.88E-04,1.25E-03,101.3185,0.8792015,0.1009455,1772.749,2.207006,2.18E-02,1.831814,0.0181129
3:05:57,8/23/20,5.016667,0.8602328,2.64E-02,0.7284998,1.57E-02,22.16508,4.74E-04,4.15E-04,1.34E-03,101.3123,0.8826624,9.39E-02,1772.511,2.37747,2.00E-02,1.9733,1.66E-02
3:25:57,8/23/20,5.016667,0.868425,2.08E-02,0.7554101,1.39E-02,22.15088,4.81E-04,4.30E-04,1.28E-03,101.3136,0.8801475,9.62E-02,1772.84,2.264534,1.93E-02,1.879563,0.0160402
3:49:57,8/23/20,5.016667,0.9504584,2.51E-02,0.8435709,1.47E-02,22.06183,5.28E-04,4.80E-04,1.27E-03,101.3107,0.8788133,0.1015918,1772.968,2.254813,2.20E-02,1.871495,1.82E-02
4:29:57,8/23/20,5.016667,1.009672,3.44E-02,0.8597509,2.43E-02,22.12533,5.56E-04,4.89E-04,1.38E-03,101.3517,0.8936026,0.1030072,1773.967,2.447551,2.53E-02,2.031467,2.10E-02
4:49:57,8/23/20,5.016667,0.9618182,2.56E-02,0.8249999,1.20E-02,22.12287,5.31E-04,4.69E-04,1.39E-03,101.3545,0.8936683,0.1011747,1773.666,2.45644,2.79E-02,2.038845,2.31E-02
5:09:57,8/23/20,5.016667,0.9800234,3.93E-02,0.8319301,2.10E-02,22.12914,5.40E-04,4.73E-04,1.40E-03,101.3671,0.8935232,0.1017203,1773.951,2.483097,3.25E-02,2.060971,2.70E-02
5:19:58,8/23/20,5.016667,1.000031,1.73E-02,0.8754663,1.67E-02,22.0725,5.54E-04,4.98E-04,1.44E-03,101.3687,0.8927147,0.1040373,1774.347,2.543105,2.75E-02,2.110777,2.28E-02
5:47:58,8/23/20,5.016667,0.9592363,4.01E-02,0.8147929,2.79E-02,22.15613,5.28E-04,4.63E-04,1.46E-03,101.3829,0.901572,0.1008472,1774.501,2.586498,2.61E-02,2.146793,2.16E-02
6:35:58,8/23/20,5.016667,1.093203,0.0666866,0.9098631,3.91E-02,23.57178,6.00E-04,5.17E-04,1.58E-03,101.4422,0.9173473,0.1058447,1775.129,2.800234,3.29E-02,2.324194,0.0272898
6:55:58,8/23/20,5.016667,0.7776681,2.43E-02,0.6097838,1.12E-02,24.83597,4.22E-04,3.47E-04,1.68E-03,101.46,0.9377862,8.84E-02,1774.833,2.984475,2.06E-02,2.477114,1.71E-02
7:19:58,8/23/20,5.016667,0.5943117,3.32E-02,0.5126749,2.30E-02,26.37405,3.28E-04,2.92E-04,1.91E-03,101.4698,0.9680072,0.0823731,1775.129,3.392068,0.1916275,2.815417,0.1590508
7:59:58,8/23/20,5.016667,0.3394794,1.19E-02,0.2885433,1.03E-02,28.87799,1.87E-04,1.64E-04,2.33E-03,101.4705,0.9890242,6.76E-02,1774.077,4.117653,5.28E-02,3.417652,4.38E-02
8:19:58,8/23/20,5.016667,0.2801965,1.89E-02,0.2297511,7.91E-03,30.12375,1.53E-04,1.31E-04,2.49E-03,101.4728,1.001047,0.0639773,1774.678,4.407229,0.2719088,3.658,0.2256843
8:39:58,8/23/20,5.016667,0.257553,1.52E-02,0.207418,7.03E-03,31.41854,1.41E-04,1.18E-04,2.74E-03,101.4567,1.013259,6.21E-02,1773.283,4.850929,8.71E-02,4.026271,7.23E-02
8:49:59,8/23/20,5.016667,0.2460498,1.84E-02,0.2073034,1.06E-02,31.91987,1.36E-04,1.18E-04,2.89E-03,101.4583,1.012365,6.16E-02,1773.549,5.112634,4.01E-02,4.243486,3.33E-02
9:17:59,8/23/20,5.016667,0.2047314,1.73E-02,0.1779687,0.0113326,33.6226,1.13E-04,1.01E-04,3.35E-03,101.4596,1.027408,5.82E-02,1773.293,5.924338,5.10E-02,4.917201,4.23E-02
10:05:59,8/23/20,5.016667,0.1792009,0.0166052,0.1801554,0.0103055,33.08085,1.02E-04,1.03E-04,3.29E-03,101.4772,1.002626,5.75E-02,1773.307,5.810199,3.72E-02,4.822465,3.09E-02
10:25:59,8/23/20,5.016667,0.1573357,1.83E-02,0.1608547,7.18E-03,33.00269,9.01E-05,9.16E-05,3.15E-03,101.4592,0.9888782,0.0561252,1772.568,5.565669,0.0488809,4.619505,4.06E-02
10:49:59,8/23/20,5.016667,0.1689588,2.20E-02,0.1585829,8.85E-03,32.94854,9.50E-05,9.04E-05,3.02E-03,101.4599,0.9781816,5.55E-02,1771.932,5.329852,6.49E-02,4.423777,5.39E-02
11:29:59,8/23/20,5.016667,0.1642874,1.81E-02,0.1648463,9.74E-03,32.83847,9.37E-05,9.40E-05,2.87E-03,101.4363,0.9706339,5.64E-02,1771.108,5.068733,0.2010562,4.207048,0.1668767
11:49:59,8/23/20,5.016667,0.3027098,1.64E-02,0.2859452,1.87E-02,32.96804,1.71E-04,1.63E-04,2.81E-03,101.4124,0.9670276,6.29E-02,1771.17,4.954954,0.5270076,4.112612,0.4374163
12:09:59,8/23/20,5.016667,0.1705909,1.62E-02,0.1481939,7.62E-03,32.85745,9.46E-05,8.45E-05,2.82E-03,101.39,0.9690384,5.48E-02,1769.967,4.984298,3.38E-02,4.136967,2.80E-02
12:20:00,8/23/20,5.016667,0.1824511,1.78E-02,0.1577877,7.91E-03,32.95865,1.01E-04,9.00E-05,2.77E-03,101.3674,0.9644632,5.51E-02,1769.813,4.893636,0.0420405,4.061718,3.49E-02
12:48:00,8/23/20,5.016667,0.1160277,1.77E-02,0.1512887,8.60E-03,32.8407,7.05E-05,8.64E-05,2.65E-03,101.3321,0.9695481,5.48E-02,1768.151,4.681884,6.51E-02,3.885964,5.40E-02
13:36:00,8/23/20,5.016667,0.1809045,2.21E-02,0.1628608,9.12E-03,32.89132,1.01E-04,9.30E-05,2.57E-03,101.3049,0.9674162,5.56E-02,1767.93,4.53356,0.0350311,3.762855,2.91E-02
13:56:00,8/23/20,5.016667,9.21E-02,2.29E-02,0.1635688,8.43E-03,32.93177,6.12E-05,9.35E-05,2.52E-03,101.2608,0.9704775,5.54E-02,1765.837,4.434267,4.28E-02,3.680441,3.55E-02
14:20:00,8/23/20,5.016667,0.1607522,1.87E-02,0.1543112,9.53E-03,32.85284,9.11E-05,8.82E-05,2.45E-03,101.2452,0.9647343,5.49E-02,1766.133,4.31342,0.0510098,3.580138,4.23E-02
15:00:00,8/23/20,5.016667,0.4452022,2.08E-02,0.409694,2.01E-02,32.81818,2.50E-04,2.34E-04,2.69E-03,101.2185,0.9761092,6.92E-02,1766.208,4.733085,4.63E-02,3.92846,3.84E-02
15:20:00,8/23/20,5.016667,0.1990111,2.30E-02,0.2034377,1.38E-02,32.86739,1.14E-04,1.16E-04,2.64E-03,101.2676,0.9536811,5.78E-02,1766.504,4.653639,7.01E-02,3.86252,5.81E-02
15:40:00,8/23/20,5.016667,0.2044541,1.12E-02,0.1833941,8.82E-03,32.93798,1.14E-04,1.05E-04,0.0025415,101.2865,0.9557191,5.68E-02,1766.476,4.478007,3.39E-02,3.716746,0.0281499
15:50:01,8/23/20,5.016667,0.1628088,2.39E-02,0.1747307,7.97E-03,32.80317,9.44E-05,9.98E-05,0.0024547,101.2986,0.9372278,5.64E-02,1766.708,4.326018,3.26E-02,3.590595,2.71E-02
16:18:01,8/23/20,5.016667,0.1940455,2.25E-02,0.2024973,8.07E-03,32.8856,1.12E-04,1.16E-04,2.32E-03,101.247,0.9047372,5.82E-02,1766.289,4.089339,0.0508628,3.394152,4.22E-02
17:06:01,8/23/20,5.016667,0.2036463,1.91E-02,0.201149,7.70E-03,32.82697,1.16E-04,1.15E-04,2.22E-03,101.2765,0.8926959,5.84E-02,1766.59,3.913028,3.29E-02,3.247814,2.73E-02
17:26:01,8/23/20,5.016667,0.1898893,1.45E-02,0.208468,6.90E-03,32.90689,1.11E-04,1.19E-04,2.16E-03,101.2373,0.8809329,5.90E-02,1766.687,3.801501,3.86E-02,3.155246,0.0320001
17:50:01,8/23/20,5.016667,0.1930967,1.51E-02,0.2055514,9.84E-03,32.76407,1.12E-04,1.17E-04,2.13E-03,101.2567,0.8849153,5.90E-02,1766.191,3.761594,7.45E-02,3.122123,0.061829
18:30:01,8/23/20,5.016667,0.1432887,1.34E-02,0.1612946,9.76E-03,32.95032,8.40E-05,9.21E-05,2.14E-03,101.2691,0.8877283,5.71E-02,1766.822,3.76713,4.74E-02,3.126718,0.0393683
18:50:01,8/23/20,5.016667,0.356334,1.42E-02,0.3112259,1.09E-02,32.82349,1.98E-04,1.78E-04,2.83E-03,101.3057,0.9623364,6.55E-02,1767.123,4.977952,0.2787067,4.1317,0.2313265
19:10:01,8/23/20,5.016667,0.2384319,2.63E-02,0.211033,9.65E-03,32.87352,1.33E-04,1.21E-04,2.73E-03,101.3191,0.9506072,5.94E-02,1766.757,4.808534,4.96E-02,3.991083,4.12E-02
19:20:02,8/23/20,5.016667,0.1906326,1.82E-02,0.1951072,8.54E-03,32.72767,1.09E-04,1.11E-04,2.66E-03,101.3051,0.9411837,5.84E-02,1766.64,4.685313,4.12E-02,3.88881,3.42E-02
19:48:02,8/23/20,5.016667,0.1905973,2.19E-02,0.2013549,1.13E-02,32.81922,1.10E-04,1.15E-04,0.0025262,101.3232,0.9222472,5.93E-02,1767.196,4.452935,3.28E-02,3.695936,2.72E-02
20:36:02,8/23/20,5.016667,0.6607063,2.37E-02,0.6225682,2.01E-02,28.07815,3.72E-04,3.55E-04,1.79E-03,101.3561,0.9340766,8.55E-02,1768.728,3.157492,2.60E-02,2.620718,2.16E-02
20:56:02,8/23/20,5.016667,0.7010664,2.88E-02,0.6401724,2.13E-02,24.67877,3.93E-04,3.65E-04,1.16E-03,101.3572,0.9401236,8.70E-02,1769.014,2.045395,1.84E-02,1.697678,1.53E-02
21:20:02,8/23/20,5.016667,0.8174216,2.93E-02,0.7231077,1.77E-02,22.11247,4.55E-04,4.12E-04,5.29E-04,101.3614,0.9266511,9.20E-02,1769.916,0.9366239,2.85E-02,0.7773978,0.0236231
22:00:02,8/23/20,5.016667,0.9541892,3.83E-02,0.8718441,2.55E-02,21.14467,5.34E-04,4.97E-04,9.05E-04,101.3692,0.8887931,0.1011627,1770.387,1.599887,2.68E-02,1.327907,2.22E-02
22:20:02,8/23/20,5.016667,0.9195769,5.73E-02,0.8363255,0.036216,20.7638,5.14E-04,4.76E-04,1.04E-03,101.3716,0.8792747,0.0990836,1770.493,1.836102,1.86E-02,1.523965,1.55E-02
22:40:02,8/23/20,5.016667,0.9775587,0.0386996,0.8869714,1.59E-02,20.75523,5.46E-04,5.05E-04,1.08E-03,101.3661,0.8690172,0.101597,1770.778,1.902363,2.39E-02,1.578961,1.98E-02
22:50:03,8/23/20,5.016667,1.007758,3.60E-02,0.9365835,2.48E-02,21.6758,5.66E-04,5.33E-04,1.12E-03,101.3583,0.8800742,0.1044202,1770.921,1.982183,2.86E-02,1.645212,2.37E-02
23:18:03,8/23/20,5.016667,0.9636565,2.54E-02,0.882806,2.23E-02,21.25484,5.40E-04,5.03E-04,1.20E-03,101.3192,0.8971093,0.1011003,1770.435,2.128103,3.05E-02,1.766326,2.53E-02
0:06:03,8/24/20,5.016667,0.859242,3.59E-02,0.7827784,1.76E-02,21.8402,4.81E-04,4.46E-04,1.40E-03,101.3001,0.9156511,9.53E-02,1770.159,2.479733,1.90E-02,2.058178,1.58E-02
0:26:03,8/24/20,5.016667,0.9774913,0.0269735,0.891929,1.76E-02,21.83978,5.47E-04,5.09E-04,1.38E-03,101.2701,0.9168265,0.1011337,1769.624,2.446215,3.28E-02,2.030358,2.72E-02
0:50:03,8/24/20,5.016667,0.9630181,2.53E-02,0.8911495,1.08E-02,22.08282,5.40E-04,5.08E-04,1.40E-03,101.2809,0.9191076,0.1009937,1770.058,2.473934,2.86E-02,2.053365,2.38E-02
1:30:03,8/24/20,5.016667,0.8078953,2.29E-02,0.7598205,1.87E-02,22.10127,4.55E-04,4.33E-04,1.46E-03,101.272,0.9264217,9.57E-02,1769.708,2.577477,4.11E-02,2.139306,3.41E-02
1:50:03,8/24/20,5.016667,0.9974934,3.02E-02,0.8984629,1.73E-02,22.11142,5.57E-04,5.12E-04,1.49E-03,101.262,0.9217907,0.1037054,1770.013,2.629024,1.96E-02,2.18209,1.63E-02
2:10:03,8/24/20,5.016667,0.8035194,2.66E-02,0.7238823,2.19E-02,22.0776,4.49E-04,4.13E-04,1.48E-03,101.2458,0.9205687,9.38E-02,1769.606,2.609499,2.95E-02,2.165884,2.45E-02
2:20:04,8/24/20,5.016667,0.66865,2.64E-02,0.6156595,1.87E-02,22.07175,3.75E-04,3.51E-04,1.42E-03,101.2397,0.9175783,8.74E-02,1769.485,2.516982,2.14E-02,2.089095,1.78E-02
2:48:04,8/24/20,5.016667,0.5580673,3.25E-02,0.5100967,1.01E-02,22.10098,3.12E-04,2.91E-04,1.42E-03,101.2426,0.9162336,0.0825058,1769.824,2.505511,2.43E-02,2.079574,2.02E-02
3:36:04,8/24/20,5.016667,0.5267661,1.43E-02,0.4596351,1.69E-02,22.1026,2.92E-04,2.62E-04,1.23E-03,101.2666,0.891767,7.99E-02,1769.551,2.180427,2.69E-02,1.809755,2.24E-02
3:56:04,8/24/20,5.016667,0.5209092,2.84E-02,0.518537,2.48E-02,22.159,2.97E-04,2.95E-04,1.15E-03,101.2685,0.8853654,8.30E-02,1770.368,2.041824,2.73E-02,1.694714,2.27E-02
4:20:04,8/24/20,5.016667,0.9942873,1.85E-02,0.9701632,0.011074,22.07342,5.64E-04,5.53E-04,1.19E-03,101.2582,0.8871897,0.1090554,1770.72,2.11157,0.0265574,1.752603,2.20E-02
5:00:04,8/24/20,5.016667,0.7825093,2.13E-02,0.7595232,1.54E-02,22.03965,4.43E-04,4.33E-04,1.32E-03,101.2672,0.8959095,9.79E-02,1771.033,2.330191,2.29E-02,1.934059,1.90E-02
5:20:04,8/24/20,5.016667,0.9552524,0.0379395,0.8994857,2.12E-02,22.16757,5.37E-04,5.12E-04,1.42E-03,101.278,0.904497,0.1061813,1771.904,2.518753,2.22E-02,2.090564,1.84E-02
5:40:04,8/24/20,5.016667,0.7158403,0.0249625,0.6723891,1.43E-02,22.21235,4.03E-04,3.83E-04,1.34E-03,101.282,0.8958258,9.37E-02,1771.317,2.37706,3.82E-02,1.97296,3.17E-02
5:50:05,8/24/20,5.016667,0.7795324,4.08E-02,0.7481089,3.87E-02,22.1006,4.40E-04,4.26E-04,1.39E-03,101.2889,0.9004135,9.77E-02,1771.724,2.456075,2.47E-02,2.038542,2.05E-02
6:18:05,8/24/20,5.016667,1.045304,3.69E-02,0.9396726,2.72E-02,22.4334,5.83E-04,5.35E-04,1.41E-03,101.3023,0.908144,0.107395,1771.762,2.492701,2.40E-02,2.068941,1.99E-02
7:06:05,8/24/20,5.016667,0.5428656,1.55E-02,0.5144122,1.55E-02,25.37877,3.06E-04,2.93E-04,1.59E-03,101.288,0.9388455,8.23E-02,1771.191,2.803934,2.96E-02,2.327265,2.45E-02
7:26:05,8/24/20,5.016667,0.3452199,1.40E-02,0.3117942,8.34E-03,26.4856,1.93E-04,1.78E-04,1.71E-03,101.2753,0.9607885,7.03E-02,1770.697,3.024925,3.21E-02,2.510687,2.66E-02
7:50:05,8/24/20,5.016667,0.3347443,1.36E-02,0.3106515,9.18E-03,28.30667,1.88E-04,1.77E-04,1.94E-03,101.2839,0.981321,6.96E-02,1770.854,3.426985,2.62E-02,2.844397,2.18E-02
8:30:05,8/24/20,5.016667,0.2845148,1.78E-02,0.2804967,8.79E-03,30.96125,1.62E-04,1.60E-04,2.41E-03,101.2606,1.009013,6.64E-02,1769.931,4.260481,5.36E-02,3.5362,4.45E-02
8:50:05,8/24/20,5.016667,0.2745389,1.85E-02,0.2636023,9.35E-03,32.08565,1.55E-04,1.51E-04,2.80E-03,101.25,1.032035,6.47E-02,1769.087,4.941364,4.96E-02,4.101332,0.0411355
9:10:05,8/24/20,5.016667,0.2023422,2.22E-02,0.2318295,1.06E-02,33.19732,1.19E-04,1.32E-04,3.13E-03,101.2573,1.039503,6.23E-02,1768.53,5.525045,6.03E-02,4.585787,5.00E-02
9:20:06,8/24/20,5.016667,0.1862822,1.73E-02,0.2172677,9.76E-03,33.05232,1.10E-04,1.24E-04,3.36E-03,101.2587,1.044351,6.12E-02,1768.811,5.929114,5.30E-02,4.921165,4.40E-02
9:48:06,8/24/20,5.016667,0.1903236,1.26E-02,0.2226423,8.74E-03,33.05653,1.13E-04,1.27E-04,3.34E-03,101.251,1.035295,6.11E-02,1768.362,5.886492,0.1795356,4.885788,0.1490146
10:36:06,8/24/20,5.016667,0.1831383,2.32E-02,0.2020837,6.67E-03,32.96544,1.07E-04,1.15E-04,2.95E-03,101.2295,1.006756,5.92E-02,1767.498,5.194332,3.98E-02,4.311296,3.30E-02
10:56:06,8/24/20,5.016667,0.1883537,0.0115609,0.193898,8.53E-03,32.9184,1.08E-04,1.11E-04,2.80E-03,101.2119,1.002009,5.85E-02,1766.865,4.92798,5.34E-02,4.090223,4.43E-02
11:20:06,8/24/20,5.016667,0.4148997,2.14E-02,0.3956044,0.014916,32.94497,2.35E-04,2.26E-04,2.73E-03,101.2158,1.010509,7.02E-02,1766.595,4.804684,7.38E-02,3.987888,6.13E-02
12:00:06,8/24/20,5.016667,0.2506671,2.47E-02,0.2357625,1.21E-02,32.97137,1.42E-04,1.35E-04,2.38E-03,101.1687,0.9763052,6.08E-02,1765.68,4.198545,7.58E-02,3.484793,6.29E-02
12:20:06,8/24/20,5.016667,0.2871755,8.54E-03,0.2860494,1.17E-02,32.88239,1.64E-04,1.64E-04,2.47E-03,101.1674,0.9975932,6.56E-02,1765.574,4.353622,3.97E-02,3.613507,3.29E-02
12:40:06,8/24/20,5.016667,0.1972131,1.16E-02,0.2057831,1.24E-02,32.8361,1.14E-04,1.18E-04,2.45E-03,101.1472,0.9861425,5.86E-02,1764.319,4.306026,2.73E-02,3.574001,2.27E-02
12:50:07,8/24/20,5.016667,0.2186512,1.38E-02,0.2060337,7.50E-03,32.76194,1.24E-04,1.18E-04,2.42E-03,101.1266,0.977913,0.0584369,1764.748,4.260034,1.84E-02,3.535828,1.53E-02
13:18:07,8/24/20,5.016667,0.1830668,1.34E-02,0.2133759,9.61E-03,32.8646,1.08E-04,1.22E-04,2.20E-03,101.0912,0.9012313,5.87E-02,1764.098,3.881055,1.40E-02,3.221275,0.0116443
14:06:07,8/24/20,5.016667,0.1956716,0.0171711,0.2055664,9.29E-03,32.8305,1.13E-04,1.18E-04,2.04E-03,101.003,0.8598866,5.82E-02,1763.289,3.597606,3.43E-02,2.986013,2.85E-02
14:26:07,8/24/20,5.016667,0.1781334,1.37E-02,0.2023409,8.76E-03,32.86332,1.05E-04,1.16E-04,2.01E-03,100.9812,0.857635,5.78E-02,1762.872,3.53136,2.90E-02,2.931029,2.41E-02
14:50:07,8/24/20,5.016667,0.1773796,2.11E-02,0.2004496,9.23E-03,32.8387,1.04E-04,1.15E-04,1.91E-03,100.9415,0.8407032,5.79E-02,1762.531,3.367484,5.32E-02,2.795012,4.42E-02
15:30:07,8/24/20,5.016667,0.1972891,2.02E-02,0.2057158,7.83E-03,32.89222,1.14E-04,1.18E-04,2.01E-03,100.8978,0.856784,5.82E-02,1762.024,3.526816,1.95E-02,2.927258,1.62E-02
15:50:07,8/24/20,5.016667,0.2620489,1.30E-02,0.2623682,8.74E-03,32.7668,1.50E-04,1.50E-04,2.07E-03,100.8782,0.890285,6.24E-02,1761.028,3.641781,3.34E-02,3.022678,2.78E-02
16:10:07,8/24/20,5.016667,0.1918682,2.04E-02,0.2123662,1.15E-02,32.84875,1.12E-04,1.22E-04,2.06E-03,100.8822,0.8861277,5.94E-02,1761.237,3.612046,0.1762911,2.997998,0.1463216
16:20:08,8/24/20,5.016667,0.2092242,2.42E-02,0.2033274,8.06E-03,32.80472,1.19E-04,1.16E-04,2.04E-03,100.8828,0.8830885,5.91E-02,1761.691,3.594832,2.97E-02,2.98371,2.47E-02
16:48:08,8/24/20,5.016667,0.2162317,1.60E-02,0.2113226,9.38E-03,32.73712,1.23E-04,1.21E-04,1.96E-03,100.9242,0.8819188,5.99E-02,1761.486,3.443846,3.35E-02,2.858392,2.78E-02
17:36:08,8/24/20,5.016667,0.2407876,1.24E-02,0.2189735,8.85E-03,32.80074,1.35E-04,1.25E-04,2.09E-03,100.9063,0.876299,5.98E-02,1761.532,3.681339,3.54E-02,3.055511,2.93E-02
17:56:08,8/24/20,5.016667,0.1847399,1.88E-02,0.1927856,1.17E-02,32.7922,1.07E-04,1.10E-04,2.01E-03,100.9008,0.8578462,5.80E-02,1761.079,3.536548,0.0244113,2.935335,2.03E-02
18:20:08,8/24/20,5.016667,0.2268907,2.51E-02,0.2335447,8.90E-03,32.84233,1.31E-04,1.34E-04,1.92E-03,100.8813,0.8476698,5.99E-02,1761.218,3.378777,3.34E-02,2.804385,2.77E-02
19:00:08,8/24/20,5.016667,0.2084979,1.97E-02,0.2076535,7.42E-03,32.77997,1.19E-04,1.19E-04,1.75E-03,100.9007,0.8201555,5.89E-02,1761.23,3.082879,2.63E-02,2.55879,2.18E-02
19:20:08,8/24/20,5.016667,0.2094459,1.51E-02,0.2154328,7.57E-03,32.75317,1.21E-04,1.23E-04,1.73E-03,100.857,0.8070723,5.96E-02,1760.797,3.04948,2.66E-02,2.531068,2.21E-02
19:40:08,8/24/20,5.016667,0.2430353,1.80E-02,0.2410676,8.95E-03,32.81158,1.39E-04,1.38E-04,1.67E-03,100.8378,0.8031195,6.15E-02,1761.047,2.939826,2.56E-02,2.440056,2.12E-02
11:27:46,8/21/20,6.008333,1.151175,6.23E-02,1.077803,0.1035614,32.88633,6.49E-04,6.16E-04,2.85E-03,100.6038,0.9584146,0.1096008,1767.533,5.020855,2.16E-02,4.16731,1.79E-02
11:59:46,8/21/20,6.008333,0.9253436,7.93E-02,0.8322303,5.16E-02,32.89137,5.17E-04,4.75E-04,3.00E-03,100.5717,0.9462007,9.39E-02,1769.383,5.295033,3.72E-02,4.394877,3.09E-02
12:31:46,8/21/20,6.008333,0.4914559,1.80E-02,0.3934077,1.05E-02,32.92735,2.69E-04,2.25E-04,2.76E-03,100.5559,0.9172651,6.85E-02,1768.2,4.872116,3.44E-02,4.043856,2.86E-02
12:59:46,8/21/20,6.008333,0.2988571,2.27E-02,0.2524139,1.10E-02,32.94643,1.65E-04,1.44E-04,2.37E-03,100.5506,0.8736758,6.03E-02,1767.664,4.173836,3.88E-02,3.464283,3.22E-02
13:31:46,8/21/20,6.008333,0.3340276,1.20E-02,0.2903797,1.03E-02,32.84822,1.85E-04,1.66E-04,2.08E-03,100.5607,0.8421592,0.0624552,1767.586,3.670175,2.87E-02,3.046245,2.38E-02
13:39:46,8/21/20,6.008333,0.3103927,2.26E-02,0.2801637,1.73E-02,32.92037,1.74E-04,1.60E-04,1.97E-03,100.5598,0.8302842,6.18E-02,1766.499,3.47641,1.53E-02,2.885421,1.27E-02
14:07:46,8/21/20,6.008333,0.3273078,3.31E-02,0.2847379,3.38E-02,32.90673,1.82E-04,1.62E-04,1.84E-03,100.5713,0.8156988,6.21E-02,1766.489,3.23776,4.65E-02,2.68734,3.86E-02
14:57:47,8/21/20,6.008333,1.151194,0.0623367,1.077803,0.1035614,32.88633,6.49E-04,6.16E-04,2.85E-03,100.6038,0.9584146,0.1096008,1767.533,5.020855,2.16E-02,4.167309,1.79E-02
15:29:47,8/21/20,6.008333,0.9253436,7.93E-02,0.8322303,5.16E-02,32.89137,5.17E-04,4.75E-04,3.00E-03,100.5717,0.9462007,9.39E-02,1769.383,5.295033,3.72E-02,4.394877,3.09E-02
16:01:47,8/21/20,6.008333,0.4914559,1.80E-02,0.3934077,1.05E-02,32.92735,2.69E-04,2.25E-04,2.76E-03,100.5559,0.9172651,6.85E-02,1768.2,4.872116,3.44E-02,4.043856,2.86E-02
16:29:47,8/21/20,6.008333,0.2988571,2.27E-02,0.2524139,1.10E-02,32.94643,1.65E-04,1.44E-04,2.37E-03,100.5506,0.8736758,6.03E-02,1767.664,4.173836,3.88E-02,3.464283,3.22E-02
17:01:47,8/21/20,6.008333,0.3340276,1.20E-02,0.2903797,1.03E-02,32.84822,1.85E-04,1.66E-04,2.08E-03,100.5607,0.8421592,0.0624552,1767.586,3.670175,2.87E-02,3.046245,0.0237971
17:09:47,8/21/20,6.008333,0.3103927,2.26E-02,0.2801637,1.73E-02,32.92037,1.74E-04,1.60E-04,1.97E-03,100.5598,0.8302842,6.18E-02,1766.499,3.47641,1.53E-02,2.885421,1.27E-02
17:37:47,8/21/20,6.008333,0.3273078,3.31E-02,0.2847379,3.38E-02,32.90673,1.82E-04,1.62E-04,1.84E-03,100.5713,0.8156988,6.21E-02,1766.489,3.23776,4.65E-02,2.68734,3.86E-02
18:27:48,8/21/20,6.008333,0.4919738,1.24E-02,0.3829315,2.02E-02,32.85885,2.67E-04,2.18E-04,2.10E-03,100.6665,0.8557119,6.76E-02,1769.693,3.702547,2.40E-02,3.073114,1.99E-02
18:59:48,8/21/20,6.008333,0.337107,2.33E-02,0.2682759,3.34E-02,32.90179,1.84E-04,1.53E-04,1.85E-03,100.744,0.8208359,6.12E-02,1770.735,3.265726,3.32E-02,2.710552,2.76E-02
19:31:48,8/21/20,6.008333,0.3885644,2.38E-02,0.3129356,1.09E-02,32.83054,2.12E-04,1.78E-04,1.64E-03,100.7469,0.8006635,6.40E-02,1770.859,2.898447,3.20E-02,2.405711,2.66E-02
19:59:48,8/21/20,6.008333,0.6566079,2.00E-02,0.5806599,1.66E-02,32.92429,3.65E-04,3.31E-04,1.77E-03,100.7564,0.815638,7.98E-02,1770.797,3.13375,2.09E-02,2.601013,1.74E-02
20:31:48,8/21/20,6.008333,1.147539,5.58E-02,0.9831278,3.40E-02,28.7196,6.33E-04,5.59E-04,1.19E-03,100.7449,0.8258202,0.1037835,1771.765,2.101258,4.23E-02,1.744044,3.51E-02
20:39:48,8/21/20,6.008333,1.099751,2.81E-02,0.9337308,2.54E-02,27.45128,6.06E-04,5.32E-04,7.33E-04,100.7548,0.8232118,0.1013437,1770.903,1.296642,3.55E-02,1.076213,2.95E-02
21:07:48,8/21/20,6.008333,1.048368,5.90E-02,0.8760139,4.20E-02,21.94195,5.75E-04,4.98E-04,-3.84E-04,100.8049,0.7756185,9.84E-02,1772.695,-0.6801921,3.90E-02,-0.5645594,3.24E-02
21:57:49,8/21/20,6.008333,1.405354,6.11E-02,1.190354,4.43E-02,19.7878,7.72E-04,6.75E-04,-4.72E-04,100.8174,0.6939449,0.1173007,1774.543,-0.8376595,2.95E-02,-0.6952574,2.45E-02
22:29:49,8/21/20,6.008333,1.36834,3.51E-02,1.215921,1.83E-02,21.23178,7.58E-04,6.90E-04,-3.82E-04,100.8334,0.7134158,0.1188038,1775.212,-0.6791141,2.81E-02,-0.5636647,2.33E-02
23:01:49,8/21/20,6.008333,0.7649632,1.79E-02,0.6294394,9.92E-03,21.3221,4.18E-04,3.57E-04,-3.68E-04,100.8484,0.7132055,8.52E-02,1775.148,-0.6532752,1.22E-02,-0.5422184,1.01E-02
23:29:49,8/21/20,6.008333,0.7003593,9.82E-03,0.5614637,7.76E-03,21.87752,3.81E-04,3.18E-04,-3.16E-04,100.881,0.719804,8.22E-02,1775.637,-0.5616445,1.54E-02,-0.4661649,1.27E-02
0:01:49,8/22/20,6.008333,0.7762165,1.94E-02,0.6354499,1.20E-02,22.00827,4.24E-04,3.60E-04,-2.59E-04,100.8787,0.7250728,8.65E-02,1775.578,-0.4607032,1.37E-02,-0.3823836,1.13E-02
0:09:49,8/22/20,6.008333,0.8756353,1.55E-02,0.7555451,2.08E-02,21.96228,4.82E-04,4.28E-04,-2.37E-04,100.8789,0.7273399,9.34E-02,1776.019,-0.420159,1.80E-02,-0.348732,1.49E-02
0:37:49,8/22/20,6.008333,1.484316,6.02E-02,1.299277,3.87E-02,22.13449,8.20E-04,7.37E-04,1.02E-04,100.8805,0.7623037,0.1250696,1775.997,0.1817544,1.94E-02,0.1508562,1.61E-02
1:27:50,8/22/20,6.008333,1.343392,3.78E-02,1.176117,1.97E-02,22.17042,7.43E-04,6.68E-04,2.57E-04,100.8795,0.7792393,0.1189182,1775.172,0.4558739,2.04E-02,0.3783754,1.69E-02
1:59:50,8/22/20,6.008333,0.7778236,2.43E-02,0.6208745,1.14E-02,22.22472,4.23E-04,3.52E-04,1.85E-04,100.896,0.7687224,8.82E-02,1774.732,0.3281533,1.77E-02,0.2723673,0.0146562
2:31:50,8/22/20,6.008333,0.910783,3.57E-02,0.7423273,1.39E-02,22.1831,4.97E-04,4.21E-04,1.79E-04,100.9088,0.7666519,9.54E-02,1775.607,0.3174017,0.0220506,0.2634434,0.018302
2:59:50,8/22/20,6.008333,1.488461,0.0169076,1.287683,2.33E-02,22.15133,8.21E-04,7.31E-04,4.45E-04,100.8933,0.7947152,0.1263711,1774.946,0.7891477,1.55E-02,0.6549926,1.29E-02
3:31:50,8/22/20,6.008333,1.417742,0.0219075,1.182546,2.44E-02,22.12724,7.78E-04,6.72E-04,5.60E-04,100.8845,0.8054618,0.120818,1773.632,0.9933748,2.79E-02,0.824501,2.32E-02
3:39:50,8/22/20,6.008333,1.578018,4.40E-02,1.344647,3.13E-02,22.1112,8.68E-04,7.64E-04,5.84E-04,100.8957,0.8097087,0.1298714,1774.857,1.035337,0.0418894,0.8593296,0.0347682
4:07:50,8/22/20,6.008333,1.570597,5.10E-02,1.304181,2.83E-02,22.15762,8.60E-04,7.40E-04,7.07E-04,100.9042,0.8194684,0.1276985,1776.517,1.255877,2.28E-02,1.042378,1.89E-02
4:57:51,8/22/20,6.008333,1.587993,4.22E-02,1.234669,3.04E-02,22.15325,8.62E-04,7.03E-04,6.73E-04,100.9387,0.8152862,0.1240708,1770.032,1.190166,2.55E-02,0.9878377,2.11E-02
5:29:51,8/22/20,6.008333,1.381759,6.83E-02,1.08782,3.69E-02,22.20908,7.53E-04,6.20E-04,7.34E-04,100.9548,0.8190356,0.1156205,1768.379,1.297045,2.04E-02,1.076548,1.69E-02
6:01:51,8/22/20,6.008333,1.373842,0.0255061,1.049464,2.29E-02,22.15212,7.45E-04,5.98E-04,7.49E-04,100.9842,0.8219686,0.1131119,1767.873,1.322418,2.44E-02,1.097607,2.02E-02
6:29:51,8/22/20,6.008333,1.579045,5.49E-02,1.237524,2.78E-02,23.47268,8.60E-04,7.06E-04,8.30E-04,100.9952,0.8349853,0.1228595,1767.651,1.465273,2.94E-02,1.216177,0.0244032
7:01:51,8/22/20,6.008333,1.585883,0.1139308,1.190353,6.17E-02,25.15544,8.58E-04,6.80E-04,1.06E-03,100.9907,0.875219,0.1198208,1766.771,1.864503,5.60E-02,1.547537,4.64E-02
7:09:51,8/22/20,6.008333,1.483885,4.49E-02,1.100068,5.34E-02,25.63312,8.02E-04,6.28E-04,1.16E-03,100.9823,0.8850297,0.1142315,1766.32,2.05175,3.68E-02,1.702952,3.05E-02
7:37:51,8/22/20,6.008333,0.8820846,3.40E-02,0.6785675,3.09E-02,27.45304,4.80E-04,3.88E-04,1.55E-03,100.9906,0.9253594,9.00E-02,1766.368,2.7354,2.27E-02,2.270382,1.88E-02
8:27:52,8/22/20,6.008333,0.5174575,2.42E-02,0.4118604,2.14E-02,30.61542,2.83E-04,2.35E-04,2.03E-03,100.9858,0.9516158,7.25E-02,1765.569,3.5693,2.93E-02,2.962519,2.43E-02
8:59:52,8/22/20,6.008333,0.2809674,1.71E-02,0.2380292,1.61E-02,32.50672,1.56E-04,1.36E-04,2.39E-03,100.9932,0.9525255,6.08E-02,1764.514,4.209636,0.1643551,3.493998,0.1364147
9:31:52,8/22/20,6.008333,0.3167388,1.51E-02,0.2563475,1.09E-02,32.75338,1.74E-04,1.47E-04,2.59E-03,101.013,0.9312928,6.16E-02,1764.49,4.558692,0.0395683,3.783714,0.0328417
9:59:52,8/22/20,6.008333,0.7410526,2.57E-02,0.5696422,1.72E-02,32.98449,4.03E-04,3.26E-04,2.68E-03,101.0345,0.9272298,7.88E-02,1764.87,4.723655,1.31E-02,3.920633,1.09E-02
10:31:52,8/22/20,6.008333,0.285475,1.14E-02,0.2426787,7.21E-03,32.84367,1.58E-04,1.39E-04,2.22E-03,101.0589,0.8785551,6.04E-02,1764.979,3.907002,0.0387824,3.242812,3.22E-02
10:39:52,8/22/20,6.008333,0.2903785,1.28E-02,0.2306557,8.08E-03,32.98145,1.59E-04,1.32E-04,2.13E-03,101.0781,0.8697257,5.97E-02,1765.171,3.757186,2.42E-02,3.118464,2.01E-02
11:07:52,8/22/20,6.008333,0.2909943,1.45E-02,0.2464626,0.0150481,32.9166,1.61E-04,1.41E-04,1.88E-03,101.0918,0.8440196,6.07E-02,1765.379,3.318325,1.40E-02,2.75421,1.17E-02
11:57:53,8/22/20,6.008333,0.2662436,1.57E-02,0.2303794,8.15E-03,32.97725,1.48E-04,1.32E-04,1.58E-03,101.06,0.8086019,5.92E-02,1765.173,2.777684,2.17E-02,2.305478,1.80E-02
12:29:53,8/22/20,6.008333,0.2827471,8.86E-03,0.249612,1.04E-02,32.97822,1.58E-04,1.43E-04,1.39E-03,101.0182,0.7941502,6.03E-02,1764.258,2.456718,2.05E-02,2.039076,1.70E-02
13:01:53,8/22/20,6.008333,0.6024839,1.32E-02,0.4806837,1.02E-02,32.92619,3.30E-04,2.75E-04,1.40E-03,100.9769,0.8036305,0.0738792,1763.766,2.465901,4.03E-02,2.046698,3.34E-02
13:29:53,8/22/20,6.008333,0.3641407,1.76E-02,0.2768508,9.44E-03,32.90097,1.98E-04,1.58E-04,1.38E-03,100.965,0.8023703,6.21E-02,1763.18,2.432776,1.77E-02,2.019204,1.47E-02
14:01:53,8/22/20,6.008333,0.6050573,4.59E-02,0.4768887,4.08E-02,32.95927,3.31E-04,2.73E-04,1.39E-03,100.9398,0.8006997,7.37E-02,1762.914,2.451104,2.61E-02,2.034416,2.17E-02
14:09:53,8/22/20,6.008333,0.6118755,1.44E-02,0.4759545,1.80E-02,32.9173,3.34E-04,2.72E-04,1.28E-03,100.9287,0.793942,7.33E-02,1762.283,2.250285,1.26E-02,1.867737,1.04E-02
14:37:53,8/22/20,6.008333,0.3296362,1.41E-02,0.2546875,8.70E-03,32.89557,1.80E-04,1.46E-04,1.06E-03,100.8798,0.7706105,6.07E-02,1761.507,1.873894,2.29E-02,1.555332,1.90E-02
15:27:54,8/22/20,6.008333,0.4228365,2.31E-02,0.3287637,1.07E-02,32.91993,2.31E-04,1.88E-04,8.48E-04,100.883,0.7539231,6.51E-02,1761.434,1.493138,2.04E-02,1.239305,1.70E-02
15:59:54,8/22/20,6.008333,0.3039068,1.49E-02,0.2311861,9.10E-03,32.90424,1.65E-04,1.32E-04,8.07E-04,100.9642,0.7417997,0.0597161,1762.488,1.421602,1.98E-02,1.17993,1.64E-02
16:31:54,8/22/20,6.008333,0.5452394,1.22E-02,0.4471323,0.0161012,32.90084,3.00E-04,2.55E-04,1.02E-03,101.016,0.7558067,7.19E-02,1763.366,1.802037,2.29E-02,1.495691,1.90E-02
16:59:54,8/22/20,6.008333,0.2830459,0.0144323,0.2495529,7.45E-03,32.97329,1.58E-04,1.43E-04,9.51E-04,101.041,0.7439591,6.06E-02,1763.557,1.676062,2.68E-02,1.391132,2.23E-02
17:31:54,8/22/20,6.008333,0.3158909,1.75E-02,0.2436189,7.63E-03,32.86802,1.72E-04,1.39E-04,8.86E-04,101.0236,0.7369782,6.03E-02,1763.346,1.560664,1.71E-02,1.295351,1.42E-02
17:39:54,8/22/20,6.008333,0.3062771,1.51E-02,0.2310685,8.91E-03,32.86189,1.66E-04,1.32E-04,8.66E-04,101.0342,0.736486,0.0593899,1763.694,1.525326,2.40E-02,1.266021,1.99E-02
18:07:54,8/22/20,6.008333,0.3036351,1.87E-02,0.2312478,7.15E-03,32.91097,1.65E-04,1.32E-04,7.79E-04,101.0342,0.7283956,0.059493,1763.523,1.372807,1.78E-02,1.13943,1.47E-02
18:57:55,8/22/20,6.008333,0.7777989,0.0459795,0.5913265,2.89E-02,32.84837,4.22E-04,3.38E-04,1.14E-03,101.0813,0.7579887,7.99E-02,1764.244,2.003621,0.1278093,1.663006,0.1060817
19:29:55,8/22/20,6.008333,0.3257312,1.99E-02,0.2532305,8.04E-03,32.83245,1.77E-04,1.45E-04,8.66E-04,101.1125,0.7291275,6.09E-02,1764.917,1.526517,1.63E-02,1.267009,1.35E-02
20:01:55,8/22/20,6.008333,0.8178142,5.10E-02,0.6581487,3.29E-02,32.85797,4.48E-04,3.76E-04,1.32E-03,101.1394,0.7749833,8.46E-02,1764.838,2.329458,1.72E-02,1.93345,1.43E-02
20:29:55,8/22/20,6.008333,1.091783,5.01E-02,0.8654096,2.06E-02,29.15754,5.96E-04,4.94E-04,6.88E-04,101.1765,0.7734525,9.77E-02,1765.597,1.213028,2.71E-02,1.006813,2.25E-02
21:01:55,8/22/20,6.008333,1.086616,3.89E-02,0.8558716,2.79E-02,23.37279,5.92E-04,4.88E-04,-6.48E-04,101.212,0.7503731,9.75E-02,1766.665,-1.145234,2.63E-02,-0.9505445,2.18E-02
21:09:55,8/22/20,6.008333,1.242123,0.1504049,0.9825593,9.73E-02,22.55875,6.77E-04,5.60E-04,-1.01E-03,101.2192,0.7317665,0.1046816,1766.839,-1.791149,0.0291489,-1.486654,2.42E-02
21:37:55,8/22/20,6.008333,1.117806,0.027745,0.8860912,0.0272929,20.96547,6.09E-04,5.05E-04,-1.04E-03,101.2182,0.6973771,9.95E-02,1767.863,-1.845722,3.38E-02,-1.53195,2.81E-02
22:27:56,8/22/20,6.008333,1.466597,5.92E-02,1.198394,3.35E-02,21.83414,8.03E-04,6.82E-04,-6.62E-04,101.2583,0.6839576,0.1179843,1768.385,-1.171755,1.71E-02,-0.9725564,1.42E-02
22:59:56,8/22/20,6.008333,1.607506,5.43E-02,1.276384,2.77E-02,21.08885,8.76E-04,7.27E-04,-4.81E-04,101.2811,0.7123851,0.1226639,1768.532,-0.850487,4.04E-02,-0.7059042,3.35E-02
23:31:56,8/22/20,6.008333,1.472811,4.19E-02,1.171461,3.02E-02,21.87485,8.03E-04,6.67E-04,-2.99E-04,101.2766,0.7246367,0.117418,1767.846,-0.5288471,0.0222406,-0.4389431,0.0184597
23:59:56,8/22/20,6.008333,1.289056,5.63E-02,1.021774,0.0279676,21.78823,7.03E-04,5.82E-04,-1.12E-04,101.271,0.7390258,0.1095009,1767.89,-0.1985122,1.93E-02,-0.1647651,1.60E-02
0:31:56,8/23/20,6.008333,1.522411,6.66E-02,1.214522,3.44E-02,21.94617,8.31E-04,6.92E-04,5.81E-06,101.2716,0.7492549,0.120933,1767.418,0.0102631,1.98E-02,8.52E-03,1.64E-02
0:39:56,8/23/20,6.008333,1.317976,4.03E-02,1.052023,2.90E-02,22.06787,7.20E-04,6.00E-04,2.57E-05,101.269,0.7510288,0.1118409,1766.906,4.55E-02,1.78E-02,0.0377258,1.48E-02
1:07:56,8/23/20,6.008333,1.34284,2.08E-02,1.091028,1.72E-02,22.04857,7.35E-04,6.22E-04,7.16E-05,101.2785,0.7599965,0.1140486,1767.598,0.1265945,1.20E-02,0.1050734,9.94E-03
1:57:57,8/23/20,6.008333,0.7555618,1.90E-02,0.5822047,1.49E-02,22.20915,4.10E-04,3.32E-04,-6.61E-05,101.3125,0.7422512,8.53E-02,1767.831,-0.116839,1.60E-02,-9.70E-02,1.33E-02
2:29:57,8/23/20,6.008333,1.516011,5.10E-02,1.217785,3.26E-02,22.09682,8.28E-04,6.94E-04,1.08E-04,101.3138,0.7631032,0.1210932,1768.071,0.1901807,1.84E-02,0.15785,1.53E-02
3:01:57,8/23/20,6.008333,1.495594,7.00E-02,1.177845,0.0482949,22.13704,8.15E-04,6.72E-04,2.66E-04,101.3109,0.774935,0.119334,1767.346,0.470171,0.0311134,0.390242,2.58E-02
3:29:57,8/23/20,6.008333,1.530886,5.15E-02,1.195685,2.95E-02,22.10994,8.33E-04,6.82E-04,3.88E-04,101.316,0.7876654,0.1214003,1767.489,0.6851166,2.03E-02,0.5686468,1.69E-02
4:01:57,8/23/20,6.008333,1.520471,3.75E-02,1.190976,3.15E-02,22.08498,8.27E-04,6.79E-04,5.24E-04,101.3183,0.8002309,0.1213913,1768.001,0.9256057,1.18E-02,0.7682527,9.76E-03
4:09:57,8/23/20,6.008333,1.549234,3.85E-02,1.198915,2.82E-02,22.1519,8.42E-04,6.84E-04,4.66E-04,101.3229,0.8076701,0.1220296,1767.479,0.8224347,3.62E-02,0.6826208,3.01E-02
4:37:57,8/23/20,6.008333,1.543954,4.90E-02,1.190567,3.14E-02,22.16585,8.38E-04,6.79E-04,5.83E-04,101.3511,0.8134142,0.1220314,1767.845,1.029948,2.69E-02,0.8548573,0.0223142
5:27:58,8/23/20,6.008333,1.613346,4.78E-02,1.21507,3.99E-02,22.132,8.72E-04,6.93E-04,6.50E-04,101.3709,0.815662,0.1235473,1767.702,1.147665,1.98E-02,0.9525619,1.64E-02
5:59:58,8/23/20,6.008333,1.587016,6.35E-02,1.252529,3.17E-02,22.16253,8.65E-04,7.14E-04,6.83E-04,101.4052,0.8184435,0.1254722,1767.81,1.207207,2.20E-02,1.001982,1.82E-02
6:31:58,8/23/20,6.008333,1.762769,5.24E-02,1.391472,2.72E-02,23.51095,9.61E-04,7.93E-04,7.82E-04,101.4341,0.8332009,0.1332857,1767.93,1.382307,2.72E-02,1.147315,2.26E-02
6:59:58,8/23/20,6.008333,1.683406,7.36E-02,1.322197,4.34E-02,24.97277,9.17E-04,7.54E-04,9.92E-04,101.4562,0.8695409,0.1287957,1767.486,1.752099,2.61E-02,1.454242,2.16E-02
7:31:58,8/23/20,6.008333,1.383957,2.30E-02,1.054253,1.52E-02,27.14325,7.51E-04,6.02E-04,1.35E-03,101.4712,0.9130475,0.1127071,1766.131,2.381477,3.76E-02,1.976626,0.0311811
7:39:58,8/23/20,6.008333,1.426986,7.00E-02,1.058156,4.77E-02,27.6665,7.71E-04,6.05E-04,1.52E-03,101.4786,0.93086,0.1123734,1766.064,2.682028,4.70E-02,2.226083,3.90E-02
8:07:58,8/23/20,6.008333,0.5447406,9.24E-03,0.4072471,1.41E-02,29.37685,2.95E-04,2.33E-04,1.75E-03,101.4659,0.9332595,7.41E-02,1764.861,3.075753,3.69E-02,2.552875,3.06E-02
8:57:59,8/23/20,6.008333,0.3265899,0.0250479,0.2758417,1.28E-02,32.40557,1.81E-04,1.58E-04,2.37E-03,101.4513,0.9569563,6.52E-02,1763.67,4.17753,4.61E-02,3.46735,3.82E-02
9:29:59,8/23/20,6.008333,0.2591052,2.21E-02,0.2452566,1.07E-02,32.85664,1.47E-04,1.40E-04,2.69E-03,101.4633,0.9478242,0.0618677,1763.277,4.72408,3.70E-02,3.920986,3.07E-02
10:01:59,8/23/20,6.008333,0.2808018,1.96E-02,0.2754161,2.77E-02,33.11914,1.60E-04,1.58E-04,2.34E-03,101.4771,0.9091526,6.32E-02,1763.251,4.112323,5.38E-02,3.413228,0.044641
10:29:59,8/23/20,6.008333,0.26322,1.64E-02,0.2277602,1.07E-02,32.96553,1.46E-04,1.30E-04,2.10E-03,101.4561,0.8805864,0.0597891,1762.928,3.699128,3.86E-02,3.070276,3.20E-02
11:01:59,8/23/20,6.008333,0.5530508,2.75E-02,0.4227133,1.18E-02,32.96244,3.01E-04,2.42E-04,2.15E-03,101.4596,0.8910713,7.14E-02,1761.719,3.785497,3.02E-02,3.141963,2.51E-02
11:09:59,8/23/20,6.008333,0.4578827,1.90E-02,0.3397595,7.80E-03,32.96432,2.48E-04,1.94E-04,2.00E-03,101.4669,0.8846363,6.73E-02,1762.066,3.512008,3.33E-02,2.914967,2.77E-02
11:37:59,8/23/20,6.008333,0.2710867,1.11E-02,0.231684,7.30E-03,32.93437,1.51E-04,1.33E-04,1.73E-03,101.4286,0.8572901,6.01E-02,1761.18,3.042236,2.90E-02,2.525056,0.0240432
12:28:00,8/23/20,6.008333,0.5969722,2.10E-02,0.4932168,1.83E-02,32.80143,3.30E-04,2.83E-04,1.47E-03,101.3558,0.8418044,7.44E-02,1759.743,2.576002,0.0160238,2.138082,1.33E-02
13:00:00,8/23/20,6.008333,0.3192442,1.49E-02,0.238268,9.80E-03,32.92089,1.73E-04,1.37E-04,1.25E-03,101.3268,0.8216074,5.99E-02,1759.086,2.20405,2.61E-02,1.829361,0.0216285
13:32:00,8/23/20,6.008333,0.2856807,1.32E-02,0.2228857,1.06E-02,32.88505,1.56E-04,1.28E-04,9.94E-04,101.3089,0.8079804,5.91E-02,1759.227,1.747612,2.88E-02,1.450518,2.39E-02
14:00:00,8/23/20,6.008333,0.2477573,2.81E-02,0.227055,1.35E-02,33.02335,1.40E-04,1.30E-04,8.82E-04,101.2527,0.804838,5.91E-02,1757.743,1.549723,0.0226873,1.28627,1.88E-02
14:32:00,8/23/20,6.008333,0.3405716,2.11E-02,0.2616538,7.77E-03,32.95057,1.86E-04,1.50E-04,8.26E-04,101.2262,0.7931389,6.11E-02,1757.552,1.450077,2.51E-02,1.203564,2.09E-02
14:40:00,8/23/20,6.008333,0.3028832,1.52E-02,0.2330985,9.44E-03,32.8694,1.65E-04,1.34E-04,7.98E-04,101.2052,0.7905867,5.92E-02,1757.09,1.400434,2.15E-02,1.16236,1.78E-02
15:08:00,8/23/20,6.008333,0.3075612,1.89E-02,0.2327297,7.97E-03,32.86237,1.67E-04,1.33E-04,8.01E-04,101.2361,0.7780074,5.96E-02,1757.682,1.407191,0.0158746,1.167969,1.32E-02
15:58:01,8/23/20,6.008333,0.3980349,1.62E-02,0.2890879,9.15E-03,32.88315,2.15E-04,1.66E-04,9.67E-04,101.3361,0.7751182,6.29E-02,1759.83,1.699516,0.0264688,1.410599,0.0219691
16:30:01,8/23/20,6.008333,0.270802,2.08E-02,0.216824,9.65E-03,32.77372,1.49E-04,1.24E-04,8.19E-04,101.2684,0.7528657,5.94E-02,1759.222,1.439323,0.0168259,1.194638,1.40E-02
17:02:01,8/23/20,6.008333,0.266732,1.42E-02,0.2199815,9.24E-03,32.80062,1.47E-04,1.26E-04,6.99E-04,101.2856,0.7426094,0.0596858,1759.434,1.229776,2.08E-02,1.020714,1.73E-02
17:30:01,8/23/20,6.008333,0.2760451,1.53E-02,0.2259206,7.71E-03,32.77679,1.52E-04,1.29E-04,6.80E-04,101.2307,0.7323218,6.04E-02,1758.261,1.195275,1.72E-02,0.9920783,1.43E-02
18:02:01,8/23/20,6.008333,0.2846724,0.0136621,0.2377277,1.03E-02,32.92767,1.57E-04,1.36E-04,5.94E-04,101.2534,0.7292489,6.08E-02,1758.803,1.043935,1.26E-02,0.8664661,1.05E-02
18:10:01,8/23/20,6.008333,0.2721514,9.55E-03,0.2270315,9.54E-03,32.8556,1.50E-04,1.30E-04,5.72E-04,101.2683,0.7289097,6.01E-02,1759.296,1.006047,2.10E-02,0.8350187,1.74E-02
18:38:01,8/23/20,6.008333,0.753152,2.95E-02,0.6091198,1.37E-02,32.88863,4.14E-04,3.49E-04,1.28E-03,101.2743,0.8264459,8.40E-02,1758.935,2.248089,4.00E-02,1.865914,3.32E-02
19:28:02,8/23/20,6.008333,0.3146662,1.68E-02,0.2751693,1.59E-02,32.87062,1.76E-04,1.58E-04,1.29E-03,101.288,0.8011742,6.32E-02,1758.585,2.260465,2.61E-02,1.876186,0.0216317
20:00:02,8/23/20,6.008333,0.8143367,4.57E-02,0.681928,2.80E-02,32.7701,4.51E-04,3.91E-04,1.38E-03,101.3129,0.8051382,8.71E-02,1759.338,2.427372,4.21E-02,2.014719,3.49E-02
20:32:02,8/23/20,6.008333,1.141968,5.76E-02,0.9238992,2.86E-02,28.80605,6.28E-04,5.29E-04,6.91E-04,101.3464,0.8032297,0.1026538,1760.007,1.2147,1.94E-02,1.008201,1.61E-02
21:00:02,8/23/20,6.008333,1.245505,2.48E-02,1.024083,1.64E-02,24.0664,6.86E-04,5.86E-04,-5.55E-04,101.3614,0.7729962,0.1090177,1761.138,-0.9784134,0.0342805,-0.8120831,2.85E-02
21:32:02,8/23/20,6.008333,1.34088,3.61E-02,1.079707,2.31E-02,21.7988,7.35E-04,6.17E-04,-9.93E-04,101.3763,0.7287513,0.1126918,1762.156,-1.751672,1.31E-02,-1.453888,1.09E-02
21:40:02,8/23/20,6.008333,1.245104,1.79E-02,1.010881,2.16E-02,21.41922,6.84E-04,5.78E-04,-1.01E-03,101.3726,0.7243861,0.108691,1762.038,-1.775759,2.19E-02,-1.47388,1.82E-02
22:08:02,8/23/20,6.008333,1.394137,4.67E-02,1.148644,2.71E-02,20.85695,7.67E-04,6.56E-04,-8.04E-04,101.386,0.7043137,0.1169213,1762.875,-1.418802,1.59E-02,-1.177606,1.32E-02
22:58:03,8/23/20,6.008333,1.474794,5.33E-02,1.179668,2.64E-02,21.40779,8.07E-04,6.74E-04,-6.00E-04,101.3561,0.7140009,0.1188851,1762.312,-1.058701,2.69E-02,-0.8787215,2.23E-02
23:30:03,8/23/20,6.008333,1.651971,6.19E-02,1.3042,4.05E-02,21.27862,9.03E-04,7.46E-04,-4.51E-04,101.3212,0.7266769,0.1253871,1761.843,-0.7952996,3.07E-02,-0.6600987,2.54E-02
0:02:03,8/24/20,6.008333,1.523124,3.57E-02,1.217946,2.22E-02,21.75742,8.35E-04,6.97E-04,-2.65E-04,101.2876,0.7484964,0.1201196,1760.743,-0.4664248,8.49E-03,-0.3871326,7.05E-03
0:30:03,8/24/20,6.008333,1.524635,3.13E-02,1.216236,1.66E-02,22.06259,8.35E-04,6.96E-04,-1.37E-04,101.2666,0.7603461,0.1199305,1760.697,-0.2405488,1.71E-02,-0.1996555,0.0142323
1:02:03,8/24/20,6.008333,1.450555,4.42E-02,1.228675,7.95E-02,22.15843,8.04E-04,7.03E-04,1.80E-05,101.2704,0.7784114,0.121055,1760.334,3.17E-02,2.17E-02,0.0263456,1.80E-02
1:10:03,8/24/20,6.008333,1.472975,2.88E-02,1.192527,1.85E-02,22.07059,8.10E-04,6.83E-04,-2.29E-05,101.2743,0.7784362,0.1194164,1760.103,-4.03E-02,1.83E-02,-3.34E-02,1.52E-02
1:38:03,8/24/20,6.008333,1.49024,2.29E-02,1.187362,1.11E-02,22.05615,8.17E-04,6.80E-04,8.31E-05,101.2783,0.7859724,0.1200441,1760.365,0.1463161,0.0192563,0.1214424,1.60E-02
2:28:04,8/24/20,6.008333,1.521752,1.75E-02,1.208328,1.92E-02,22.13677,8.34E-04,6.92E-04,1.80E-04,101.2391,0.7915308,0.1215713,1760,0.3172397,1.35E-02,0.263309,1.12E-02
3:00:04,8/24/20,6.008333,1.17893,2.75E-02,0.9203305,1.48E-02,22.11152,6.44E-04,5.27E-04,1.85E-04,101.2481,0.7902437,0.106664,1759.624,0.3259449,1.96E-02,0.2705343,1.63E-02
3:32:04,8/24/20,6.008333,1.248035,2.84E-02,1.020014,1.79E-02,22.17057,6.87E-04,5.84E-04,8.15E-05,101.2658,0.7777301,0.1117811,1760.338,0.1435222,2.53E-02,0.1191234,2.10E-02
4:00:04,8/24/20,6.008333,1.572004,2.77E-02,1.28206,1.52E-02,22.01957,8.65E-04,7.34E-04,3.37E-04,101.2641,0.7994421,0.12659,1760.282,0.592432,1.83E-02,0.4917185,1.52E-02
4:32:04,8/24/20,6.008333,1.391436,2.29E-02,1.147281,0.0351442,22.15028,7.68E-04,6.57E-04,4.59E-04,101.2694,0.8099453,0.1201506,1760.201,0.8080837,1.55E-02,0.6707094,1.28E-02
4:40:04,8/24/20,6.008333,1.526968,3.01E-02,1.214173,0.0171909,22.0654,8.37E-04,6.95E-04,4.54E-04,101.2701,0.8080134,0.1240379,1760.079,0.7984502,2.17E-02,0.6627136,1.80E-02
5:08:04,8/24/20,6.008333,1.560875,0.0345145,1.272344,1.58E-02,22.0933,8.59E-04,7.29E-04,5.31E-04,101.2703,0.8140626,0.1272671,1760.309,0.9341604,2.03E-02,0.7753531,1.68E-02
5:58:05,8/24/20,6.008333,1.529538,4.10E-02,1.259331,1.92E-02,22.1291,8.43E-04,7.21E-04,5.74E-04,101.2976,0.8205598,0.1269034,1760.791,1.010115,0.0164438,0.8383953,1.36E-02
6:30:05,8/24/20,6.008333,1.788566,3.96E-02,1.51192,2.86E-02,23.39742,9.91E-04,8.66E-04,6.95E-04,101.2935,0.8365539,0.1401736,1760.252,1.222211,2.65E-02,1.014435,2.20E-02
7:02:05,8/24/20,6.008333,1.478694,3.83E-02,1.174744,2.78E-02,25.10958,8.12E-04,6.74E-04,8.92E-04,101.2898,0.8687478,0.1199614,1758.281,1.566958,2.23E-02,1.300575,1.85E-02
7:30:05,8/24/20,6.008333,0.6661709,3.22E-02,0.504807,2.03E-02,26.95135,3.63E-04,2.90E-04,1.03E-03,101.2699,0.8899876,8.13E-02,1757.319,1.81461,3.12E-02,1.506126,2.59E-02
8:02:05,8/24/20,6.008333,0.5026422,3.12E-02,0.3988763,2.15E-02,29.08015,2.76E-04,2.29E-04,1.30E-03,101.2795,0.9146743,7.43E-02,1756.729,2.289137,0.0230297,1.899983,1.91E-02
8:10:05,8/24/20,6.008333,0.3820355,1.41E-02,0.3257005,1.49E-02,29.5728,2.13E-04,1.87E-04,1.39E-03,101.2796,0.9178069,6.98E-02,1756.544,2.43048,2.82E-02,2.017298,2.34E-02
8:38:05,8/24/20,6.008333,0.3322837,2.34E-02,0.2784756,9.80E-03,31.2487,1.85E-04,1.60E-04,1.78E-03,101.259,0.9407791,6.62E-02,1755.408,3.117736,3.86E-02,2.587721,3.21E-02
9:28:06,8/24/20,6.008333,0.2638684,1.01E-02,0.2357911,8.90E-03,32.97177,1.48E-04,1.36E-04,2.39E-03,101.2526,0.9406137,6.25E-02,1753.943,4.184019,2.94E-02,3.472736,2.44E-02
10:00:06,8/24/20,6.008333,0.2768688,2.14E-02,0.2515238,1.06E-02,32.98619,1.56E-04,1.45E-04,2.07E-03,101.2484,0.9096429,6.25E-02,1753.848,3.628094,3.57E-02,3.011318,2.96E-02
10:32:06,8/24/20,6.008333,0.2899821,1.89E-02,0.2257915,8.99E-03,32.94804,1.59E-04,1.30E-04,1.70E-03,101.2306,0.8779137,6.09E-02,1753.16,2.972126,2.54E-02,2.466865,2.11E-02
11:00:06,8/24/20,6.008333,0.2798908,1.37E-02,0.2262015,9.29E-03,32.8221,1.55E-04,1.30E-04,1.36E-03,101.2156,0.8547602,6.05E-02,1752.479,2.381416,1.90E-02,1.976576,1.57E-02
11:32:06,8/24/20,6.008333,0.6595719,4.06E-02,0.5417632,2.91E-02,32.9376,3.65E-04,3.12E-04,1.20E-03,101.2093,0.855535,7.85E-02,1752.642,2.094167,2.59E-02,1.738159,2.15E-02
11:40:06,8/24/20,6.008333,0.7884884,2.02E-02,0.6369556,1.12E-02,32.92749,4.35E-04,3.67E-04,1.25E-03,101.1998,0.8693649,0.0838935,1752.801,2.194355,2.21E-02,1.821315,1.84E-02
12:08:06,8/24/20,6.008333,0.718702,2.07E-02,0.5555878,1.29E-02,32.76,3.94E-04,3.20E-04,9.18E-04,101.1653,0.8515713,8.33E-02,1751.523,1.606628,1.16E-02,1.333501,9.61E-03
12:58:07,8/24/20,6.008333,0.2792264,2.34E-02,0.2395668,8.50E-03,32.82037,1.56E-04,1.38E-04,9.22E-04,101.119,0.8168588,6.06E-02,1750.756,1.612327,2.51E-02,1.338232,0.0208552
13:30:07,8/24/20,6.008333,0.3065779,8.30E-03,0.2553424,7.58E-03,32.74348,1.70E-04,1.47E-04,1.14E-03,101.0753,0.7700177,6.12E-02,1751.098,2.002212,2.28E-02,1.661836,1.89E-02
14:02:07,8/24/20,6.008333,0.2677361,2.29E-02,0.237715,1.00E-02,32.78403,1.51E-04,1.37E-04,9.52E-04,101.0128,0.7476547,6.02E-02,1749.567,1.663345,1.78E-02,1.380576,1.48E-02
14:30:07,8/24/20,6.008333,0.2577142,8.68E-03,0.2286593,1.05E-02,32.81794,1.45E-04,1.32E-04,8.12E-04,100.9754,0.7345022,5.95E-02,1749.4,1.419929,2.11E-02,1.178541,0.0175001
15:02:07,8/24/20,6.008333,0.6829896,0.0121045,0.53828,9.86E-03,32.87037,3.76E-04,3.10E-04,1.06E-03,100.9207,0.7485306,7.74E-02,1748.242,1.854419,0.0219443,1.539168,1.82E-02
15:10:07,8/24/20,6.008333,0.3810028,2.45E-02,0.3179241,9.32E-03,32.88319,2.12E-04,1.83E-04,1.00E-03,100.9103,0.7419143,6.46E-02,1748.37,1.749303,0.0182064,1.451922,1.51E-02
15:38:07,8/24/20,6.008333,0.2877052,1.18E-02,0.2442386,1.28E-02,32.79297,1.61E-04,1.41E-04,6.54E-04,100.886,0.7415869,0.0611321,1747.608,1.142576,2.40E-02,0.9483383,1.99E-02
16:28:08,8/24/20,6.008333,0.263117,2.00E-02,0.2222221,7.11E-03,32.81682,1.47E-04,1.28E-04,5.08E-04,100.8945,0.7310224,6.04E-02,1746.52,0.8875521,1.77E-02,0.7366682,1.47E-02
17:00:08,8/24/20,6.008333,0.2535467,1.21E-02,0.225657,6.71E-03,32.82278,1.43E-04,1.30E-04,4.24E-04,100.9198,0.7247425,6.08E-02,1748.122,0.7412004,2.06E-02,0.6151963,1.71E-02
17:32:08,8/24/20,6.008333,0.3004112,1.63E-02,0.2544684,1.09E-02,32.84302,1.68E-04,1.47E-04,3.81E-04,100.9073,0.7149475,6.23E-02,1747.849,0.6657408,2.56E-02,0.5525649,2.13E-02
18:00:08,8/24/20,6.008333,0.2536665,1.64E-02,0.2374147,9.74E-03,32.82987,1.44E-04,1.37E-04,4.41E-04,100.8921,0.6975652,0.0605335,1746.838,0.7703307,1.91E-02,0.6393745,1.58E-02
18:32:08,8/24/20,6.008333,0.6675493,2.29E-02,0.5592932,1.82E-02,32.78727,3.72E-04,3.22E-04,6.53E-04,100.8753,0.7125154,7.89E-02,1746.934,1.139969,1.57E-02,0.9461743,1.30E-02
18:40:08,8/24/20,6.008333,0.414107,1.48E-02,0.3360628,8.25E-03,32.84713,2.29E-04,1.94E-04,6.50E-04,100.8897,0.7093406,6.60E-02,1747.318,1.134195,1.79E-02,0.9413816,0.01487
19:08:08,8/24/20,6.008333,0.289661,1.33E-02,0.261444,1.08E-02,32.79919,1.64E-04,1.51E-04,5.92E-04,100.8855,0.6997107,6.23E-02,1747.101,1.03337,3.48E-02,0.8576968,2.89E-02
11:17:46,8/21/20,6.983333,1.61E-02,2.39E-02,0.0107008,1.41E-02,32.83635,8.52E-06,6.07E-06,-1.53E-05,100.62,0.6903255,5.89E-02,1774.079,-2.71E-02,0.0527196,-2.25E-02,4.38E-02
11:21:46,8/21/20,6.958333,-3.40E-03,1.98E-02,-1.24E-03,9.34E-03,32.84888,-1.67E-06,-7.00E-07,1.13E-05,100.6196,0.6814822,5.30E-02,1786.912,2.02E-02,4.09E-02,1.68E-02,3.39E-02
11:25:46,8/21/20,6.991667,4.66E-05,0.0132084,-1.37E-03,8.62E-03,32.84777,-1.40E-07,-7.72E-07,7.36E-06,100.6084,0.6732122,0.0495157,1794.356,1.32E-02,4.05E-02,1.10E-02,3.36E-02
11:29:46,8/21/20,6.966667,1.90E-02,1.56E-02,8.41E-04,1.12E-02,32.87455,8.54E-06,4.68E-07,-8.52E-07,100.6027,0.6714248,4.84E-02,1787.866,-1.58E-03,3.66E-02,-1.31E-03,3.04E-02
11:33:46,8/21/20,6.975,1.64E-04,1.35E-02,5.48E-05,8.79E-03,32.86185,7.65E-08,2.86E-08,2.04E-05,100.5922,0.6691477,0.0477992,1792.308,3.65E-02,4.14E-02,3.03E-02,3.43E-02
11:37:46,8/21/20,6.95,-2.06E-04,2.22E-02,-1.48E-02,2.34E-02,32.95589,-1.84E-06,-8.33E-06,6.55E-07,100.5905,0.6695795,5.48E-02,1794.097,1.15E-03,8.09E-02,9.52E-04,6.71E-02
11:41:46,8/21/20,6.941667,-4.84E-03,0.0136307,7.11E-03,9.47E-03,32.86597,-1.31E-06,4.00E-06,1.05E-05,100.5846,0.6699638,0.0516594,1794.007,1.89E-02,5.54E-02,1.57E-02,4.60E-02
11:45:46,8/21/20,6.983333,1.73E-03,2.23E-02,1.63E-03,6.84E-03,32.92329,9.61E-07,9.15E-07,3.27E-05,100.5765,0.6613104,4.95E-02,1791.89,0.05862,0.0426367,0.0486546,3.54E-02
11:49:46,8/21/20,6.941667,1.94E-02,2.07E-02,-3.83E-03,8.84E-03,32.82307,8.18E-06,-2.16E-06,1.37E-06,100.5785,0.6547847,4.81E-02,1791.447,2.46E-03,4.08E-02,2.04E-03,3.39E-02
11:53:46,8/21/20,6.958333,-3.08E-03,2.17E-02,-1.04E-03,9.62E-03,32.88377,-1.50E-06,-5.86E-07,2.41E-05,100.5753,0.6517376,4.77E-02,1792.233,4.31E-02,5.62E-02,3.58E-02,4.67E-02
11:57:46,8/21/20,6.991667,-1.07E-02,1.71E-02,-6.33E-04,7.72E-03,32.87075,-4.84E-06,-3.52E-07,9.86E-07,100.571,0.6455369,4.70E-02,1794.494,1.77E-03,4.55E-02,1.47E-03,3.78E-02
12:01:46,8/21/20,6.975,1.04E-04,1.17E-02,-3.72E-03,7.86E-03,32.89309,-3.93E-07,-2.09E-06,5.53E-06,100.5759,0.6435016,4.69E-02,1793.083,9.89E-03,8.81E-02,8.21E-03,7.31E-02
12:05:46,8/21/20,6.95,-1.91E-02,2.40E-02,-1.55E-03,8.57E-03,32.90588,-8.65E-06,-8.65E-07,1.00E-05,100.571,0.6444466,4.66E-02,1794.186,1.80E-02,5.26E-02,0.0149445,0.043651
12:09:46,8/21/20,6.966667,-9.99E-03,1.96E-02,-2.32E-03,8.81E-03,32.88417,-4.70E-06,-1.30E-06,1.64E-05,100.569,0.6451644,4.66E-02,1794.969,2.93E-02,0.0449622,2.44E-02,3.73E-02
12:13:46,8/21/20,6.95,6.52E-03,1.43E-02,-4.89E-04,6.73E-03,32.83265,2.83E-06,-2.76E-07,-4.77E-06,100.5714,0.6399667,4.66E-02,1793.991,-8.57E-03,2.54E-02,-7.12E-03,0.021086
12:17:46,8/21/20,6.975,-6.52E-03,1.76E-02,2.02E-03,7.24E-03,32.99654,-2.66E-06,1.13E-06,7.67E-06,100.5658,0.6414201,4.64E-02,1792.744,0.0137734,0.0555513,1.14E-02,4.61E-02
12:21:46,8/21/20,6.966667,7.68E-04,1.69E-02,-8.38E-04,7.92E-03,32.89888,2.44E-07,-4.71E-07,-3.31E-05,100.5612,0.6424797,4.63E-02,1793.392,-5.93E-02,4.60E-02,-0.0492592,3.82E-02
12:25:46,8/21/20,6.941667,7.00E-03,1.61E-02,2.01E-04,9.29E-03,32.88442,3.12E-06,1.12E-07,1.02E-05,100.5533,0.6396049,4.62E-02,1795.561,1.84E-02,3.30E-02,1.53E-02,2.74E-02
12:29:46,8/21/20,6.991667,5.00E-03,2.07E-02,1.28E-03,9.52E-03,32.85102,2.38E-06,7.17E-07,2.49E-05,100.552,0.6421436,4.63E-02,1793.389,4.48E-02,5.43E-02,3.72E-02,4.51E-02
12:33:46,8/21/20,6.983333,8.59E-03,1.53E-02,-1.12E-03,8.88E-03,32.87759,3.68E-06,-6.31E-07,2.43E-05,100.5624,0.6413296,4.63E-02,1793.541,4.36E-02,4.74E-02,3.62E-02,3.93E-02
12:37:46,8/21/20,6.958333,4.37E-03,1.20E-02,-3.86E-04,8.67E-03,32.9154,1.89E-06,-2.19E-07,2.08E-05,100.5546,0.6408439,4.63E-02,1794.704,3.73E-02,5.37E-02,3.09E-02,0.0445428
12:41:46,8/21/20,6.941667,-3.21E-03,1.07E-02,2.17E-03,6.75E-03,32.89945,-1.17E-06,1.22E-06,2.82E-05,100.5507,0.6427152,4.63E-02,1794.73,5.06E-02,5.54E-02,0.0420103,4.60E-02
12:45:46,8/21/20,6.966667,8.02E-03,1.31E-02,-2.52E-03,8.43E-03,32.9145,3.26E-06,-1.41E-06,2.18E-05,100.5505,0.6387751,4.61E-02,1794.651,3.91E-02,4.44E-02,3.25E-02,3.68E-02
12:49:46,8/21/20,6.95,-2.32E-03,0.0209795,1.40E-03,8.08E-03,32.90364,-8.67E-07,7.86E-07,1.70E-07,100.5432,0.632211,4.63E-02,1796.495,3.04E-04,2.54E-02,2.53E-04,2.11E-02
12:53:46,8/21/20,6.983333,4.98E-03,0.0131012,-1.58E-03,0.0071642,32.81577,2.03E-06,-8.88E-07,3.44E-06,100.5436,0.6351609,4.61E-02,1794.083,6.16E-03,3.16E-02,5.12E-03,2.62E-02
12:57:46,8/21/20,6.991667,1.76E-03,9.75E-03,3.37E-03,6.83E-03,32.89002,1.18E-06,1.89E-06,1.71E-05,100.549,0.6380353,4.61E-02,1794.957,3.07E-02,0.0482386,2.55E-02,4.00E-02
13:01:46,8/21/20,6.975,3.93E-03,1.36E-02,-1.60E-03,9.52E-03,33.01997,1.56E-06,-8.99E-07,2.20E-05,100.5527,0.6373131,4.61E-02,1794.54,3.94E-02,4.44E-02,3.27E-02,3.69E-02
13:05:46,8/21/20,6.958333,-2.03E-02,1.76E-02,1.47E-03,6.81E-03,32.84332,-8.83E-06,8.28E-07,1.26E-04,100.5505,0.6496593,4.61E-02,1794.903,0.2253871,0.7461722,0.1870713,0.6193229
13:09:46,8/21/20,6.966667,-3.06E-03,2.36E-02,-1.15E-04,8.93E-03,32.89722,-1.38E-06,-6.65E-08,2.65E-05,100.5465,0.6402028,4.60E-02,1793.967,4.76E-02,0.1150384,3.95E-02,9.55E-02
13:13:46,8/21/20,6.958333,-6.51E-03,2.21E-02,-5.10E-04,8.21E-03,32.89545,-2.94E-06,-2.86E-07,-5.88E-07,100.5443,0.6342684,4.62E-02,1795.307,-1.08E-03,2.12E-02,-8.92E-04,1.76E-02
13:17:46,8/21/20,6.983333,9.40E-03,2.24E-02,3.50E-03,9.11E-03,32.90342,4.57E-06,1.96E-06,1.67E-05,100.5485,0.638141,4.61E-02,1796.713,3.00E-02,4.46E-02,2.49E-02,0.0370521
13:21:46,8/21/20,6.941667,4.77E-03,1.04E-02,4.21E-05,6.42E-03,32.8806,2.12E-06,2.23E-08,3.51E-06,100.547,0.6361607,0.045942,1794.415,6.30E-03,5.75E-02,5.23E-03,4.77E-02
13:25:46,8/21/20,6.95,-8.10E-03,1.29E-02,2.86E-03,8.46E-03,32.86808,-3.25E-06,1.61E-06,7.78E-06,100.5461,0.6345648,4.61E-02,1796.051,1.40E-02,3.77E-02,1.16E-02,3.13E-02
13:29:46,8/21/20,6.991667,9.63E-03,0.0151229,-1.83E-04,7.15E-03,32.8982,4.25E-06,-1.05E-07,1.91E-05,100.5573,0.6362141,4.61E-02,1795.012,3.43E-02,4.09E-02,2.85E-02,3.39E-02
13:33:46,8/21/20,6.975,-6.85E-03,0.0199815,1.78E-03,1.08E-02,32.87714,-2.82E-06,1.00E-06,2.91E-05,100.5576,0.6344971,4.62E-02,1795.719,5.22E-02,3.55E-02,4.33E-02,2.94E-02
13:37:46,8/21/20,6.991667,1.31E-02,1.71E-02,-1.48E-04,8.98E-03,32.94397,5.79E-06,-8.61E-08,3.77E-06,100.5598,0.6330521,4.61E-02,1796.873,6.74E-03,4.15E-02,5.59E-03,3.45E-02
13:41:46,8/21/20,6.966667,-6.58E-03,0.0165163,4.17E-04,1.05E-02,32.86702,-2.87E-06,2.37E-07,-1.14E-05,100.5613,0.6300689,4.61E-02,1796.572,-2.05E-02,0.1679592,-1.70E-02,0.1394061
13:45:46,8/21/20,6.941667,4.83E-03,7.84E-03,4.76E-04,8.27E-03,32.908,2.20E-06,2.68E-07,-1.26E-06,100.5611,0.6269367,4.61E-02,1795.648,-2.24E-03,3.27E-02,-1.86E-03,2.71E-02
13:49:46,8/21/20,6.95,4.98E-03,1.70E-02,1.38E-05,9.03E-03,32.92252,2.21E-06,7.21E-09,7.48E-09,100.5641,0.6289818,4.61E-02,1796.125,2.12E-05,2.80E-02,1.76E-05,2.33E-02
13:53:46,8/21/20,6.958333,-9.39E-03,1.50E-02,-3.98E-04,6.95E-03,32.97227,-4.20E-06,-2.22E-07,2.27E-05,100.5625,0.6326722,4.59E-02,1797.644,4.09E-02,0.1931419,3.39E-02,0.1603078
13:57:46,8/21/20,6.983333,-3.78E-03,1.13E-02,-6.63E-04,7.91E-03,32.872,-1.75E-06,-3.73E-07,3.20E-08,100.5641,0.6320112,4.60E-02,1795.041,2.70E-05,3.69E-02,2.24E-05,3.07E-02
14:01:46,8/21/20,6.975,-3.68E-03,1.18E-02,2.70E-03,9.09E-03,32.8008,-1.31E-06,1.51E-06,-6.66E-07,100.5597,0.6321804,4.60E-02,1796.53,-1.20E-03,3.73E-02,-9.97E-04,3.10E-02
14:05:46,8/21/20,6.991667,9.86E-03,2.24E-02,1.26E-03,7.76E-03,32.89832,4.51E-06,7.06E-07,2.86E-05,100.5632,0.6347986,4.62E-02,1797.677,5.15E-02,6.68E-02,4.27E-02,5.55E-02
14:09:46,8/21/20,6.941667,6.79E-03,1.33E-02,3.62E-04,8.13E-03,32.92267,3.05E-06,2.01E-07,3.16E-06,100.5804,0.630315,4.60E-02,1797.373,5.70E-03,2.94E-02,4.73E-03,2.44E-02
14:13:46,8/21/20,6.966667,3.43E-03,1.37E-02,-1.47E-03,6.75E-03,32.87029,1.35E-06,-8.25E-07,-2.30E-06,100.6111,0.6332601,4.60E-02,1795.992,-4.13E-03,3.11E-02,-3.43E-03,2.58E-02
14:17:46,8/21/20,6.983333,2.11E-03,2.60E-02,-6.09E-05,7.21E-03,32.9426,9.35E-07,-3.45E-08,1.46E-05,100.6174,0.6344662,0.0463727,1798.37,0.0262114,2.62E-02,2.18E-02,2.17E-02
14:21:46,8/21/20,6.95,-1.59E-03,1.64E-02,-6.64E-04,8.73E-03,32.8867,-7.78E-07,-3.72E-07,3.63E-05,100.6193,0.6449316,4.62E-02,1798.535,6.53E-02,8.90E-02,0.0541955,7.39E-02
14:25:46,8/21/20,6.975,-9.71E-03,1.76E-02,1.86E-03,7.74E-03,32.9368,-4.08E-06,1.04E-06,3.40E-05,100.6192,0.646752,4.63E-02,1797.334,6.11E-02,0.0387412,5.07E-02,3.22E-02
14:29:46,8/21/20,6.958333,2.35E-04,1.41E-02,-4.23E-04,7.32E-03,32.91475,5.56E-08,-2.38E-07,1.15E-05,100.6275,0.6460725,4.65E-02,1797.499,2.08E-02,0.1305394,1.72E-02,0.1083477
14:33:46,8/21/20,6.966667,-8.93E-03,1.92E-02,2.67E-03,8.47E-03,32.86927,-3.64E-06,1.49E-06,2.58E-05,100.632,0.6477101,0.0463429,1797.15,4.62E-02,5.82E-02,3.84E-02,4.83E-02
14:37:46,8/21/20,6.983333,-1.51E-02,1.66E-02,1.39E-03,7.71E-03,32.8762,-6.50E-06,7.85E-07,-5.97E-07,100.6488,0.6402069,4.64E-02,1798.703,-1.08E-03,1.66E-02,-8.97E-04,1.38E-02
14:41:46,8/21/20,6.941667,3.47E-03,1.99E-02,7.26E-03,9.35E-03,32.87664,2.39E-06,4.06E-06,-8.31E-06,100.6463,0.64406,4.65E-02,1799.363,-1.49E-02,5.14E-02,-1.24E-02,4.26E-02
14:45:46,8/21/20,6.966667,9.96E-03,2.28E-02,1.18E-02,9.12E-03,32.8726,5.79E-06,6.61E-06,-9.36E-06,100.6494,0.6457518,4.65E-02,1799.109,-1.68E-02,7.96E-02,-1.40E-02,6.61E-02
14:47:47,8/21/20,6.983333,3.49E-02,0.0399544,0.0238219,3.06E-02,32.83593,1.85E-05,1.35E-05,-2.72E-05,100.62,0.6901894,5.88E-02,1774.167,-4.84E-02,8.13E-02,-4.02E-02,6.75E-02
14:51:47,8/21/20,6.958333,-3.69E-03,0.0200093,-1.23E-03,9.33E-03,32.84977,-1.80E-06,-6.94E-07,9.83E-06,100.6195,0.6812915,0.0529471,1786.923,1.76E-02,3.88E-02,1.46E-02,3.22E-02
14:55:47,8/21/20,6.991667,5.45E-05,1.32E-02,-1.37E-03,8.62E-03,32.84777,-1.36E-07,-7.72E-07,7.36E-06,100.6084,0.6732122,0.0495157,1794.356,1.32E-02,4.05E-02,1.10E-02,3.36E-02
14:59:47,8/21/20,6.966667,1.90E-02,1.56E-02,8.41E-04,1.12E-02,32.87455,8.54E-06,4.68E-07,-8.52E-07,100.6027,0.6714248,4.84E-02,1787.866,-1.58E-03,3.66E-02,-1.31E-03,0.0304105
15:03:47,8/21/20,6.975,1.64E-04,1.35E-02,5.48E-05,8.79E-03,32.86185,7.65E-08,2.86E-08,2.04E-05,100.5922,0.6691477,0.0477992,1792.308,3.65E-02,4.14E-02,3.03E-02,3.43E-02
15:07:47,8/21/20,6.95,-2.06E-04,2.22E-02,-1.48E-02,2.34E-02,32.95589,-1.84E-06,-8.33E-06,6.55E-07,100.5905,0.6695795,5.48E-02,1794.097,1.15E-03,8.09E-02,9.52E-04,6.71E-02
15:11:47,8/21/20,6.941667,-4.84E-03,1.36E-02,7.11E-03,9.47E-03,32.86597,-1.31E-06,4.00E-06,1.05E-05,100.5846,0.6699638,0.0516594,1794.007,1.89E-02,5.54E-02,1.57E-02,4.60E-02
15:15:47,8/21/20,6.983333,1.73E-03,2.23E-02,1.63E-03,6.84E-03,32.92329,9.61E-07,9.15E-07,3.27E-05,100.5765,0.6613104,4.95E-02,1791.89,0.05862,0.0426367,0.0486546,3.54E-02
15:19:47,8/21/20,6.941667,1.94E-02,2.07E-02,-3.83E-03,8.84E-03,32.82307,8.18E-06,-2.16E-06,1.37E-06,100.5785,0.6547847,4.81E-02,1791.447,2.46E-03,4.08E-02,2.04E-03,3.39E-02
15:23:47,8/21/20,6.958333,-3.08E-03,2.17E-02,-1.04E-03,9.62E-03,32.88377,-1.50E-06,-5.86E-07,2.41E-05,100.5753,0.6517376,4.77E-02,1792.233,4.31E-02,5.62E-02,3.58E-02,4.67E-02
15:27:47,8/21/20,6.991667,-1.07E-02,1.71E-02,-6.33E-04,7.72E-03,32.87075,-4.84E-06,-3.52E-07,9.86E-07,100.571,0.6455369,4.70E-02,1794.494,1.77E-03,4.55E-02,1.47E-03,3.78E-02
15:31:47,8/21/20,6.975,1.04E-04,1.17E-02,-3.72E-03,7.86E-03,32.89309,-3.93E-07,-2.09E-06,5.53E-06,100.5759,0.6435016,4.69E-02,1793.083,9.89E-03,8.81E-02,8.21E-03,7.31E-02
15:35:47,8/21/20,6.95,-1.91E-02,2.40E-02,-1.55E-03,8.57E-03,32.90588,-8.65E-06,-8.65E-07,1.00E-05,100.571,0.6444466,4.66E-02,1794.186,1.80E-02,5.26E-02,0.0149445,0.043651
15:39:47,8/21/20,6.966667,-9.99E-03,1.96E-02,-2.32E-03,8.81E-03,32.88417,-4.70E-06,-1.30E-06,1.64E-05,100.569,0.6451644,4.66E-02,1794.969,2.93E-02,4.50E-02,2.44E-02,3.73E-02
15:43:47,8/21/20,6.95,6.52E-03,1.43E-02,-4.89E-04,6.73E-03,32.83265,2.83E-06,-2.76E-07,-4.77E-06,100.5714,0.6399667,4.66E-02,1793.991,-8.57E-03,2.54E-02,-7.12E-03,2.11E-02
15:47:47,8/21/20,6.975,-6.52E-03,1.76E-02,2.02E-03,7.24E-03,32.99654,-2.66E-06,1.13E-06,7.67E-06,100.5658,0.6414201,4.64E-02,1792.744,1.38E-02,5.56E-02,1.14E-02,4.61E-02
15:51:47,8/21/20,6.966667,7.68E-04,1.69E-02,-8.38E-04,7.92E-03,32.89888,2.44E-07,-4.71E-07,-3.31E-05,100.5612,0.6424797,4.63E-02,1793.392,-5.93E-02,4.60E-02,-4.93E-02,3.82E-02
15:55:47,8/21/20,6.941667,7.00E-03,1.61E-02,2.01E-04,9.29E-03,32.88442,3.12E-06,1.12E-07,1.02E-05,100.5533,0.6396049,4.62E-02,1795.561,1.84E-02,3.30E-02,1.53E-02,2.74E-02
15:59:47,8/21/20,6.991667,5.00E-03,2.07E-02,1.28E-03,9.52E-03,32.85102,2.38E-06,7.17E-07,2.49E-05,100.552,0.6421436,4.63E-02,1793.389,4.48E-02,5.43E-02,3.72E-02,4.51E-02
16:03:47,8/21/20,6.983333,8.59E-03,1.53E-02,-1.12E-03,8.88E-03,32.87759,3.68E-06,-6.31E-07,2.43E-05,100.5624,0.6413296,4.63E-02,1793.541,4.36E-02,4.74E-02,3.62E-02,3.93E-02
16:07:47,8/21/20,6.958333,4.37E-03,1.20E-02,-3.86E-04,8.67E-03,32.9154,1.89E-06,-2.19E-07,2.08E-05,100.5546,0.6408439,4.63E-02,1794.704,3.73E-02,5.37E-02,3.09E-02,4.45E-02
16:11:47,8/21/20,6.941667,-3.21E-03,1.07E-02,2.17E-03,6.75E-03,32.89945,-1.17E-06,1.22E-06,2.82E-05,100.5507,0.6427152,4.63E-02,1794.73,5.06E-02,5.54E-02,4.20E-02,4.60E-02
16:15:47,8/21/20,6.966667,8.02E-03,1.31E-02,-2.52E-03,8.43E-03,32.9145,3.26E-06,-1.41E-06,2.18E-05,100.5505,0.6387751,4.61E-02,1794.651,3.91E-02,4.44E-02,3.25E-02,3.68E-02
16:19:47,8/21/20,6.95,-2.32E-03,0.0209795,1.40E-03,8.08E-03,32.90364,-8.67E-07,7.86E-07,1.70E-07,100.5432,0.632211,4.63E-02,1796.495,3.04E-04,2.54E-02,2.53E-04,2.11E-02
16:23:47,8/21/20,6.983333,4.98E-03,0.0131012,-1.58E-03,0.0071642,32.81577,2.03E-06,-8.88E-07,3.44E-06,100.5436,0.6351609,4.61E-02,1794.083,6.16E-03,3.16E-02,5.12E-03,2.62E-02
16:27:47,8/21/20,6.991667,1.76E-03,9.75E-03,3.37E-03,6.83E-03,32.89002,1.18E-06,1.89E-06,1.71E-05,100.549,0.6380353,4.61E-02,1794.957,3.07E-02,4.82E-02,2.55E-02,4.00E-02
16:31:47,8/21/20,6.975,3.93E-03,1.36E-02,-1.60E-03,9.52E-03,33.01997,1.56E-06,-8.99E-07,2.20E-05,100.5527,0.6373131,4.61E-02,1794.54,3.94E-02,4.44E-02,0.0327312,3.69E-02
16:35:47,8/21/20,6.958333,-2.03E-02,1.76E-02,1.47E-03,6.81E-03,32.84332,-8.83E-06,8.28E-07,1.26E-04,100.5505,0.6496593,4.61E-02,1794.903,0.2253872,0.7461724,0.1870714,0.6193231
16:39:47,8/21/20,6.966667,-3.06E-03,2.36E-02,-1.15E-04,8.93E-03,32.89722,-1.38E-06,-6.65E-08,2.65E-05,100.5465,0.6402028,4.60E-02,1793.967,4.76E-02,0.1150384,3.95E-02,9.55E-02
16:43:47,8/21/20,6.958333,-6.51E-03,2.21E-02,-5.10E-04,8.21E-03,32.89545,-2.94E-06,-2.86E-07,-5.88E-07,100.5443,0.6342684,4.62E-02,1795.307,-1.08E-03,2.12E-02,-8.92E-04,1.76E-02
16:47:47,8/21/20,6.983333,9.40E-03,2.24E-02,3.50E-03,9.11E-03,32.90342,4.57E-06,1.96E-06,1.67E-05,100.5485,0.638141,4.61E-02,1796.713,3.00E-02,4.46E-02,2.49E-02,0.0370521
16:51:47,8/21/20,6.941667,4.77E-03,1.04E-02,4.21E-05,6.42E-03,32.8806,2.12E-06,2.23E-08,3.51E-06,100.547,0.6361607,0.045942,1794.415,6.30E-03,5.75E-02,5.23E-03,4.77E-02
16:55:47,8/21/20,6.95,-8.10E-03,1.29E-02,2.86E-03,8.46E-03,32.86808,-3.25E-06,1.61E-06,7.78E-06,100.5461,0.6345648,4.61E-02,1796.051,1.40E-02,3.77E-02,1.16E-02,3.13E-02
16:59:47,8/21/20,6.991667,9.63E-03,0.0151229,-1.83E-04,7.15E-03,32.8982,4.25E-06,-1.05E-07,1.91E-05,100.5573,0.6362141,4.61E-02,1795.012,3.43E-02,4.09E-02,2.85E-02,3.39E-02
17:03:47,8/21/20,6.975,-6.85E-03,2.00E-02,1.78E-03,1.08E-02,32.87714,-2.82E-06,1.00E-06,2.91E-05,100.5576,0.6344971,4.62E-02,1795.719,5.22E-02,3.55E-02,0.0433205,2.94E-02
17:07:47,8/21/20,6.991667,1.31E-02,1.71E-02,-1.48E-04,8.98E-03,32.94397,5.79E-06,-8.61E-08,3.77E-06,100.5598,0.6330521,4.61E-02,1796.873,6.74E-03,4.15E-02,5.59E-03,3.45E-02
17:11:47,8/21/20,6.966667,-6.58E-03,0.0165163,4.17E-04,1.05E-02,32.86702,-2.87E-06,2.37E-07,-1.14E-05,100.5613,0.6300689,4.61E-02,1796.572,-2.05E-02,0.1679592,-1.70E-02,0.1394061
17:15:47,8/21/20,6.941667,4.83E-03,7.84E-03,4.76E-04,8.27E-03,32.908,2.20E-06,2.68E-07,-1.26E-06,100.5611,0.6269367,4.61E-02,1795.648,-2.24E-03,0.0327078,-1.86E-03,2.71E-02
17:19:47,8/21/20,6.95,4.98E-03,1.70E-02,1.38E-05,9.03E-03,32.92252,2.21E-06,7.21E-09,7.44E-09,100.5641,0.6289818,4.61E-02,1796.125,2.11E-05,2.80E-02,1.75E-05,2.33E-02
17:23:47,8/21/20,6.958333,-9.39E-03,1.50E-02,-3.98E-04,6.95E-03,32.97227,-4.20E-06,-2.22E-07,2.27E-05,100.5625,0.6326722,4.59E-02,1797.644,4.09E-02,0.1931421,3.39E-02,0.1603079
17:27:47,8/21/20,6.983333,-3.78E-03,1.13E-02,-6.63E-04,7.91E-03,32.872,-1.75E-06,-3.73E-07,3.20E-08,100.5641,0.6320112,4.60E-02,1795.041,2.70E-05,3.69E-02,2.24E-05,3.07E-02
17:31:47,8/21/20,6.975,-3.68E-03,1.18E-02,2.70E-03,9.09E-03,32.8008,-1.31E-06,1.51E-06,-6.66E-07,100.5597,0.6321804,4.60E-02,1796.53,-1.20E-03,3.73E-02,-9.97E-04,3.10E-02
17:35:47,8/21/20,6.991667,9.86E-03,2.24E-02,1.26E-03,7.76E-03,32.89832,4.51E-06,7.06E-07,2.86E-05,100.5632,0.6347986,4.62E-02,1797.677,5.15E-02,6.68E-02,4.27E-02,5.55E-02
17:39:47,8/21/20,6.941667,6.79E-03,1.33E-02,3.62E-04,8.13E-03,32.92267,3.05E-06,2.01E-07,3.16E-06,100.5804,0.630315,4.60E-02,1797.373,5.70E-03,2.94E-02,4.73E-03,0.0244359
17:43:47,8/21/20,6.966667,3.43E-03,1.37E-02,-1.47E-03,6.75E-03,32.87029,1.35E-06,-8.25E-07,-2.30E-06,100.6111,0.6332601,4.60E-02,1795.992,-4.13E-03,3.11E-02,-3.43E-03,2.58E-02
17:47:47,8/21/20,6.983333,2.11E-03,2.60E-02,-6.09E-05,7.21E-03,32.9426,9.35E-07,-3.45E-08,1.46E-05,100.6174,0.6344662,0.0463727,1798.37,0.0262114,2.62E-02,2.18E-02,2.17E-02
17:51:47,8/21/20,6.95,-1.59E-03,1.64E-02,-6.64E-04,8.73E-03,32.8867,-7.78E-07,-3.72E-07,3.63E-05,100.6193,0.6449316,4.62E-02,1798.535,6.53E-02,8.90E-02,0.0541955,7.39E-02
17:55:47,8/21/20,6.975,-9.71E-03,1.76E-02,1.86E-03,7.74E-03,32.9368,-4.08E-06,1.04E-06,3.40E-05,100.6192,0.646752,4.63E-02,1797.334,6.11E-02,0.0387412,5.07E-02,3.22E-02
17:59:47,8/21/20,6.958333,2.35E-04,1.41E-02,-4.23E-04,7.32E-03,32.91475,5.56E-08,-2.38E-07,1.15E-05,100.6275,0.6460725,4.65E-02,1797.499,2.08E-02,0.1305396,1.72E-02,0.1083479
18:03:47,8/21/20,6.966667,-8.93E-03,1.92E-02,2.67E-03,8.47E-03,32.86927,-3.64E-06,1.49E-06,2.58E-05,100.632,0.6477101,0.0463429,1797.15,4.62E-02,5.82E-02,3.84E-02,4.83E-02
18:07:47,8/21/20,6.983333,-0.0151367,1.66E-02,1.39E-03,7.71E-03,32.8762,-6.52E-06,7.85E-07,-6.37E-07,100.6488,0.6402069,4.64E-02,1798.703,-1.15E-03,1.67E-02,-9.57E-04,1.38E-02
18:11:47,8/21/20,6.941667,3.87E-03,1.98E-02,4.66E-03,8.89E-03,32.87664,2.26E-06,2.60E-06,-9.13E-06,100.6463,0.64406,4.65E-02,1799.363,-1.64E-02,5.13E-02,-1.36E-02,4.26E-02
18:15:47,8/21/20,6.966667,8.39E-03,1.83E-02,1.39E-03,7.60E-03,32.88152,3.88E-06,7.74E-07,4.40E-06,100.65,0.6430551,4.65E-02,1799.175,7.90E-03,2.94E-02,6.56E-03,2.44E-02
18:17:48,8/21/20,6.983333,1.87E-02,2.20E-02,9.84E-04,7.43E-03,32.90777,8.39E-06,5.47E-07,-1.13E-05,100.6498,0.6376827,4.64E-02,1797.011,-0.0203722,2.84E-02,-1.69E-02,2.35E-02
18:21:48,8/21/20,6.958333,-1.02E-02,1.81E-02,4.77E-03,9.33E-03,32.9078,-3.96E-06,2.67E-06,2.59E-05,100.6564,0.6467611,4.63E-02,1799.762,4.66E-02,4.62E-02,3.87E-02,3.83E-02
18:25:48,8/21/20,6.991667,-8.09E-04,1.85E-02,1.23E-03,7.92E-03,32.90032,-2.17E-07,6.89E-07,1.05E-06,100.661,0.6446755,4.63E-02,1798.006,1.91E-03,5.00E-02,1.58E-03,4.15E-02
18:29:48,8/21/20,6.966667,-2.08E-03,9.64E-03,2.15E-03,8.55E-03,32.87747,-6.68E-07,1.20E-06,-1.51E-05,100.6713,0.6421673,4.62E-02,1798.429,-0.0271873,2.76E-02,-2.26E-02,2.29E-02
18:33:48,8/21/20,6.975,8.50E-03,1.76E-02,-3.91E-04,6.37E-03,32.93365,3.72E-06,-2.18E-07,4.74E-05,100.6746,0.6430642,4.60E-02,1796.287,8.44E-02,0.4047705,7.00E-02,0.3359595
18:37:48,8/21/20,6.95,-3.26E-03,0.0253133,-2.90E-03,7.35E-03,32.87759,-1.78E-06,-1.63E-06,2.14E-05,100.676,0.6423368,4.61E-02,1798.32,3.85E-02,0.1586045,3.20E-02,0.1316418
18:41:48,8/21/20,6.941667,4.23E-03,1.45E-02,-1.54E-03,6.19E-03,32.8042,1.69E-06,-8.63E-07,9.18E-06,100.6816,0.6402776,4.58E-02,1799.465,1.65E-02,3.67E-02,1.37E-02,3.05E-02
18:45:48,8/21/20,6.983333,-2.14E-03,2.04E-02,-4.43E-03,6.91E-03,32.81974,-1.46E-06,-2.48E-06,-1.41E-05,100.6979,0.6384233,4.58E-02,1798.564,-2.54E-02,3.88E-02,-2.11E-02,3.22E-02
18:49:48,8/21/20,6.941667,7.32E-03,1.83E-02,7.35E-04,8.85E-03,32.93713,3.32E-06,4.09E-07,3.19E-05,100.7238,0.6416709,4.59E-02,1800.436,5.74E-02,4.65E-02,4.76E-02,3.86E-02
18:53:48,8/21/20,6.958333,6.48E-03,0.0250626,-9.15E-05,9.86E-03,33.01365,2.85E-06,-5.15E-08,-6.53E-07,100.7403,0.6355167,4.59E-02,1799.531,-1.17E-03,3.05E-02,-9.75E-04,2.53E-02
18:57:48,8/21/20,6.991667,1.18E-02,2.17E-02,-2.48E-03,7.74E-03,32.92042,4.91E-06,-1.39E-06,2.41E-05,100.7422,0.6388708,0.0459578,1801.026,4.34E-02,4.35E-02,3.60E-02,3.61E-02
19:01:48,8/21/20,6.975,2.26E-02,3.08E-02,-1.74E-03,7.24E-03,32.87949,9.74E-06,-9.73E-07,2.15E-05,100.7433,0.6358454,4.61E-02,1802.146,3.87E-02,4.08E-02,3.21E-02,3.38E-02
19:05:48,8/21/20,6.95,3.46E-03,1.95E-02,2.10E-03,8.19E-03,32.82005,1.78E-06,1.18E-06,-2.64E-06,100.7475,0.6367106,4.62E-02,1798.331,-4.78E-03,0.1175001,-3.97E-03,0.0975251
19:09:48,8/21/20,6.966667,-1.15E-02,1.51E-02,1.55E-03,6.63E-03,32.9618,-4.90E-06,8.68E-07,1.56E-05,100.7354,0.6383213,4.61E-02,1798.624,2.81E-02,3.84E-02,2.34E-02,3.19E-02
19:13:48,8/21/20,6.95,-2.01E-03,1.46E-02,1.50E-03,8.76E-03,32.93355,-7.12E-07,8.42E-07,1.64E-05,100.7104,0.6331084,4.62E-02,1799.032,2.95E-02,3.04E-02,2.45E-02,0.0252335
19:17:48,8/21/20,6.975,2.13E-03,2.02E-02,-8.14E-04,7.37E-03,32.80244,8.35E-07,-4.57E-07,4.89E-07,100.7148,0.6382617,4.61E-02,1802.229,9.13E-04,3.16E-02,7.58E-04,2.62E-02
19:21:48,8/21/20,6.966667,-1.09E-02,1.79E-02,3.46E-05,9.03E-03,32.90194,-4.81E-06,2.14E-08,4.04E-07,100.723,0.6379023,0.0462392,1800.441,7.27E-04,2.90E-02,6.03E-04,2.41E-02
19:25:48,8/21/20,6.941667,7.82E-03,1.52E-02,2.40E-03,9.76E-03,32.87735,3.74E-06,1.35E-06,-3.29E-07,100.7528,0.6340569,4.64E-02,1799.567,-5.99E-04,1.45E-02,-4.98E-04,0.0120535
19:29:48,8/21/20,6.991667,0.013251,2.56E-02,-1.10E-03,7.93E-03,32.8233,5.73E-06,-6.19E-07,2.17E-05,100.7469,0.6382148,4.64E-02,1799.769,3.91E-02,5.40E-02,3.24E-02,0.044781
19:33:48,8/21/20,6.983333,2.29E-03,1.21E-02,-2.48E-03,7.41E-03,32.88005,7.20E-07,-1.39E-06,-6.06E-06,100.7465,0.6337572,4.63E-02,1798.936,-1.08E-02,0.1223237,-8.97E-03,0.1015287
19:37:48,8/21/20,6.958333,1.28E-02,1.97E-02,-1.79E-03,9.45E-03,32.92397,5.46E-06,-1.00E-06,1.62E-05,100.745,0.6379287,4.63E-02,1800.454,2.91E-02,4.46E-02,2.42E-02,3.70E-02
19:41:48,8/21/20,6.941667,-1.26E-02,2.01E-02,-3.82E-03,8.39E-03,32.97547,-6.01E-06,-2.14E-06,-4.75E-07,100.7546,0.6380056,4.65E-02,1799.423,-8.56E-04,2.87E-02,-7.10E-04,2.38E-02
19:45:48,8/21/20,6.966667,-2.86E-03,1.89E-02,7.82E-04,8.70E-03,32.86139,-1.17E-06,4.34E-07,8.21E-06,100.7513,0.6375011,4.67E-02,1800.646,1.48E-02,2.90E-02,1.23E-02,2.40E-02
19:49:48,8/21/20,6.95,2.36E-03,2.12E-02,5.48E-05,7.86E-03,32.7779,1.05E-06,2.87E-08,1.25E-05,100.7536,0.6335885,4.68E-02,1802.95,2.25E-02,3.00E-02,1.87E-02,0.0248601
19:53:48,8/21/20,6.983333,7.03E-03,1.62E-02,-1.41E-03,8.69E-03,32.86473,2.94E-06,-7.83E-07,1.29E-05,100.7552,0.6381937,4.69E-02,1802.214,2.33E-02,0.0392813,1.93E-02,3.26E-02
19:57:48,8/21/20,6.991667,9.20E-03,0.014286,7.42E-04,7.68E-03,32.93969,4.14E-06,4.14E-07,4.05E-05,100.7556,0.6422175,4.71E-02,1801.512,0.0729546,4.64E-02,6.06E-02,3.85E-02
20:01:48,8/21/20,6.975,-5.48E-03,2.31E-02,2.37E-03,8.28E-03,32.91212,-2.15E-06,1.33E-06,5.48E-06,100.7539,0.635869,4.73E-02,1800.391,9.86E-03,6.55E-02,8.18E-03,5.44E-02
20:05:48,8/21/20,6.958333,1.17E-02,0.016987,4.05E-04,9.16E-03,32.82534,5.20E-06,2.23E-07,-1.16E-07,100.7447,0.6363855,4.74E-02,1802.495,-2.00E-04,3.74E-02,-1.66E-04,3.10E-02
20:09:48,8/21/20,6.966667,-1.16E-02,1.49E-02,-1.49E-04,7.41E-03,32.84359,-5.15E-06,-8.12E-08,3.48E-06,100.7574,0.6380785,4.74E-02,1801.939,6.28E-03,2.62E-02,5.22E-03,2.17E-02
20:13:48,8/21/20,6.958333,-7.68E-03,3.18E-02,-2.56E-03,8.10E-03,32.23405,-3.69E-06,-1.43E-06,1.36E-06,100.7481,0.6316497,4.77E-02,1801.924,2.43E-03,0.0434655,2.02E-03,3.61E-02
20:17:48,8/21/20,6.983333,7.92E-03,0.0230706,-4.89E-04,7.72E-03,31.12432,3.45E-06,-2.75E-07,-1.75E-06,100.7531,0.6406875,4.79E-02,1800.268,-3.17E-03,4.04E-02,-2.63E-03,3.36E-02
20:21:48,8/21/20,6.941667,-7.58E-03,0.0145082,-3.42E-04,7.23E-03,30.38037,-3.39E-06,-1.90E-07,2.97E-07,100.7535,0.653354,0.0479537,1800.424,5.48E-04,0.0433874,4.55E-04,3.60E-02
20:25:48,8/21/20,6.95,6.16E-03,1.90E-02,3.97E-03,7.49E-03,29.84502,3.19E-06,2.22E-06,1.94E-05,100.7451,0.6726359,4.81E-02,1800.952,3.48E-02,3.83E-02,0.0289219,0.0318244
20:29:48,8/21/20,6.991667,-1.75E-03,2.58E-02,-6.96E-04,9.95E-03,29.06488,-8.54E-07,-3.90E-07,2.06E-05,100.7453,0.697211,4.82E-02,1800.511,3.72E-02,4.61E-02,3.09E-02,3.82E-02
20:33:48,8/21/20,6.975,3.82E-03,1.22E-02,-1.31E-03,6.93E-03,28.35312,1.53E-06,-7.32E-07,9.33E-07,100.7472,0.7176327,4.84E-02,1799.707,1.67E-03,3.09E-02,1.38E-03,2.57E-02
20:37:48,8/21/20,6.991667,-1.54E-03,2.15E-02,-3.38E-04,9.73E-03,27.67692,-7.22E-07,-1.90E-07,6.27E-07,100.7506,0.7423101,4.87E-02,1799.368,1.14E-03,2.93E-02,9.44E-04,2.43E-02
20:41:48,8/21/20,6.966667,-6.29E-03,1.24E-02,3.01E-03,8.47E-03,27.08117,-2.44E-06,1.69E-06,-3.98E-07,100.7609,0.7548505,4.87E-02,1800.849,-7.21E-04,1.51E-02,-5.98E-04,1.25E-02
20:45:48,8/21/20,6.941667,-9.90E-03,2.30E-02,-1.66E-03,7.23E-03,26.14367,-4.57E-06,-9.26E-07,-2.07E-06,100.7664,0.7639074,4.88E-02,1801.821,-3.72E-03,1.63E-02,-3.09E-03,1.36E-02
20:49:48,8/21/20,6.95,-7.93E-03,1.26E-02,6.69E-04,7.04E-03,25.25463,-3.43E-06,3.75E-07,-5.48E-06,100.7688,0.7791522,4.87E-02,1799.782,-9.86E-03,2.43E-02,-8.18E-03,2.02E-02
20:53:48,8/21/20,6.958333,1.97E-03,1.15E-02,3.37E-03,9.75E-03,24.5816,1.27E-06,1.89E-06,6.03E-07,100.7695,0.7887924,4.89E-02,1801.414,1.08E-03,9.38E-03,8.98E-04,7.78E-03
20:57:48,8/21/20,6.983333,4.85E-03,1.92E-02,-4.16E-03,0.0114001,23.44207,1.66E-06,-2.33E-06,8.16E-06,100.7863,0.7966895,4.88E-02,1801.1,1.47E-02,3.42E-02,1.22E-02,2.84E-02
21:01:48,8/21/20,6.975,-2.16E-03,1.94E-02,1.68E-03,8.13E-03,22.88388,-7.58E-07,9.40E-07,3.03E-06,100.7907,0.8057,4.90E-02,1803.226,5.46E-03,2.11E-02,4.53E-03,1.75E-02
21:05:48,8/21/20,6.991667,-9.36E-03,1.67E-02,1.73E-03,8.50E-03,22.52202,-3.94E-06,9.71E-07,-4.14E-07,100.7979,0.8123056,4.89E-02,1801.681,-7.46E-04,0.0183334,-6.19E-04,1.52E-02
21:09:48,8/21/20,6.941667,-5.15E-03,1.63E-02,-8.50E-04,8.43E-03,21.9025,-2.38E-06,-4.74E-07,6.11E-06,100.8059,0.8170439,4.90E-02,1803.157,1.10E-02,2.44E-02,9.14E-03,2.03E-02
21:13:48,8/21/20,6.966667,1.16E-02,2.42E-02,5.56E-04,7.71E-03,21.44395,5.17E-06,3.08E-07,-1.37E-07,100.8084,0.8241558,4.90E-02,1803.477,-2.40E-04,1.31E-02,-1.99E-04,1.09E-02
21:17:48,8/21/20,6.983333,8.10E-03,1.98E-02,5.03E-04,8.86E-03,21.13163,3.64E-06,2.81E-07,-4.02E-06,100.8126,0.8206564,4.92E-02,1804.097,-7.27E-03,2.49E-02,-6.03E-03,2.07E-02
21:21:48,8/21/20,6.95,7.86E-03,0.0159305,4.94E-03,9.31E-03,21.06432,4.05E-06,2.76E-06,1.47E-06,100.8145,0.8198654,4.90E-02,1803.241,2.66E-03,1.66E-02,2.21E-03,0.0138113
21:25:48,8/21/20,6.975,3.10E-03,1.47E-02,-5.41E-05,8.56E-03,20.89217,1.36E-06,-3.06E-08,1.35E-06,100.8103,0.80784,4.93E-02,1804.721,2.45E-03,1.94E-02,2.03E-03,1.61E-02
21:29:48,8/21/20,6.958333,-9.83E-03,0.0218557,-4.46E-03,9.62E-03,20.61522,-4.86E-06,-2.49E-06,5.78E-06,100.8136,0.7942008,4.93E-02,1803.723,1.04E-02,2.36E-02,8.65E-03,1.96E-02
21:33:48,8/21/20,6.966667,7.03E-03,1.19E-02,-1.42E-03,8.69E-03,20.3972,2.94E-06,-7.93E-07,-3.13E-06,100.8139,0.7817613,4.96E-02,1803.848,-5.64E-03,0.0196251,-4.68E-03,1.63E-02
21:37:48,8/21/20,6.983333,1.25E-02,2.43E-02,1.65E-03,8.20E-03,20.31387,5.72E-06,9.16E-07,-4.86E-07,100.811,0.7679657,4.98E-02,1807.863,-8.78E-04,0.0307187,-7.29E-04,2.55E-02
21:41:48,8/21/20,6.941667,4.23E-03,1.12E-02,1.74E-03,1.02E-02,20.34155,2.07E-06,9.71E-07,3.35E-06,100.8072,0.7694189,4.98E-02,1805.442,6.06E-03,2.37E-02,5.03E-03,1.97E-02
21:45:48,8/21/20,6.966667,-7.84E-03,2.29E-02,-2.03E-03,9.73E-03,20.13437,-3.69E-06,-1.13E-06,2.01E-06,100.8094,0.76164,4.98E-02,1805.94,3.64E-03,3.82E-02,3.02E-03,3.17E-02
21:47:49,8/21/20,6.983333,1.46E-02,2.01E-02,6.45E-03,2.84E-02,20.14227,7.20E-06,3.60E-06,-2.94E-06,100.8111,0.756811,0.0502779,1806.411,-5.31E-03,5.86E-02,-4.41E-03,4.87E-02
21:51:49,8/21/20,6.958333,7.62E-03,2.16E-02,2.37E-04,0.0079596,20.05182,3.39E-06,1.31E-07,1.08E-06,100.8118,0.7487289,5.01E-02,1805.385,1.95E-03,0.0177226,1.62E-03,1.47E-02
21:55:49,8/21/20,6.991667,7.14E-04,2.87E-02,2.38E-03,8.81E-03,19.73575,5.91E-07,1.33E-06,-5.20E-06,100.8164,0.7457693,5.02E-02,1806.055,-9.41E-03,2.52E-02,-7.81E-03,2.09E-02
21:59:49,8/21/20,6.966667,1.02E-02,1.54E-02,-1.80E-03,1.15E-02,20.08207,4.28E-06,-1.01E-06,9.46E-07,100.821,0.7357531,5.04E-02,1806.51,1.71E-03,2.11E-02,1.42E-03,1.75E-02
22:03:49,8/21/20,6.975,1.53E-02,2.08E-02,-4.07E-03,8.28E-03,21.19472,6.25E-06,-2.27E-06,1.87E-06,100.8209,0.7306888,5.05E-02,1808.145,3.36E-03,1.88E-02,2.79E-03,1.56E-02
22:07:49,8/21/20,6.95,-9.40E-03,1.14E-02,2.20E-03,7.16E-03,21.77707,-3.89E-06,1.23E-06,8.10E-07,100.8204,0.7390919,5.05E-02,1805.707,1.50E-03,2.81E-02,1.24E-03,2.34E-02
22:11:49,8/21/20,6.941667,0.0143273,2.12E-02,1.24E-04,9.26E-03,21.63614,6.33E-06,6.56E-08,6.07E-06,100.8226,0.7430685,5.08E-02,1806.088,1.10E-02,2.54E-02,9.10E-03,2.11E-02
22:15:49,8/21/20,6.983333,-5.38E-03,1.67E-02,2.94E-03,8.96E-03,21.3724,-2.02E-06,1.64E-06,-4.97E-06,100.8227,0.7496647,5.05E-02,1809.01,-8.99E-03,2.29E-02,-7.46E-03,1.90E-02
22:19:49,8/21/20,6.941667,-3.22E-03,3.03E-02,-5.18E-03,9.87E-03,21.24245,-2.02E-06,-2.89E-06,-6.47E-07,100.8304,0.7539819,5.05E-02,1806.798,-1.17E-03,2.37E-02,-9.73E-04,1.97E-02
22:23:49,8/21/20,6.958333,-5.39E-03,1.18E-02,-2.91E-03,9.56E-03,21.46374,-2.72E-06,-1.62E-06,5.16E-06,100.8302,0.7576112,5.06E-02,1808.951,9.34E-03,2.74E-02,7.75E-03,2.27E-02
22:27:49,8/21/20,6.991667,-4.24E-03,2.04E-02,1.01E-03,6.76E-03,21.27534,-1.75E-06,5.64E-07,4.73E-06,100.8286,0.7566067,5.04E-02,1807.735,8.57E-03,3.29E-02,7.11E-03,2.73E-02
22:31:49,8/21/20,6.975,-6.32E-03,0.012292,1.79E-03,8.18E-03,21.14337,-2.57E-06,1.00E-06,-1.73E-06,100.8294,0.7499401,5.05E-02,1807.572,-3.13E-03,1.11E-02,-2.60E-03,9.18E-03
22:35:49,8/21/20,6.95,5.25E-03,1.85E-02,-2.72E-03,1.04E-02,21.25727,1.99E-06,-1.51E-06,-1.02E-05,100.8302,0.754867,5.04E-02,1812.927,-1.85E-02,2.76E-02,-1.54E-02,2.29E-02
22:39:49,8/21/20,6.966667,3.35E-03,2.17E-02,1.29E-03,7.82E-03,21.20713,1.63E-06,7.17E-07,6.26E-07,100.8287,0.7554221,5.02E-02,1809.211,1.13E-03,1.59E-02,9.40E-04,1.32E-02
22:43:49,8/21/20,6.95,1.47E-03,2.08E-02,1.71E-03,7.08E-03,21.2926,8.48E-07,9.49E-07,2.06E-06,100.8249,0.7487336,5.03E-02,1809.125,3.70E-03,1.76E-02,3.07E-03,1.46E-02
22:47:49,8/21/20,6.975,7.08E-03,1.64E-02,4.79E-03,8.04E-03,21.17827,3.67E-06,2.67E-06,5.25E-06,100.8286,0.7527371,5.02E-02,1809.952,9.53E-03,2.73E-02,7.91E-03,2.27E-02
22:51:49,8/21/20,6.966667,-1.48E-02,1.89E-02,-1.76E-03,9.92E-03,21.17965,-6.72E-06,-9.75E-07,9.96E-06,100.8308,0.7545395,5.00E-02,1808.865,1.80E-02,1.73E-02,1.49E-02,1.44E-02
22:55:49,8/21/20,6.941667,-4.34E-04,2.56E-02,-9.13E-04,8.14E-03,21.2311,-3.02E-07,-5.08E-07,-1.90E-06,100.8373,0.7475948,5.00E-02,1807.265,-3.43E-03,1.58E-02,-2.85E-03,1.31E-02
22:59:49,8/21/20,6.991667,-3.52E-03,2.10E-02,-7.57E-05,7.59E-03,21.28307,-1.56E-06,-4.14E-08,1.87E-05,100.8446,0.7547754,4.98E-02,1808.671,3.38E-02,2.83E-02,2.80E-02,2.35E-02
23:03:49,8/21/20,6.983333,-5.41E-03,1.46E-02,3.21E-05,9.44E-03,21.25745,-2.37E-06,2.02E-08,-1.58E-06,100.8523,0.7487272,4.97E-02,1809.024,-2.83E-03,2.79E-02,-2.35E-03,2.31E-02
23:07:49,8/21/20,6.958333,-7.47E-03,2.09E-02,-5.17E-04,7.94E-03,21.39944,-3.35E-06,-2.87E-07,2.92E-07,100.858,0.7547676,4.96E-02,1809.748,5.42E-04,2.07E-02,4.50E-04,1.72E-02
23:11:49,8/21/20,6.941667,2.84E-03,2.21E-02,2.53E-03,9.20E-03,21.77325,1.55E-06,1.41E-06,1.33E-05,100.8629,0.7569326,4.96E-02,1807.134,2.40E-02,2.31E-02,1.99E-02,1.92E-02
23:15:49,8/21/20,6.966667,5.43E-04,0.0220311,1.17E-03,7.78E-03,21.80725,3.80E-07,6.52E-07,1.59E-05,100.8627,0.7571577,4.96E-02,1810.757,0.0288163,2.90E-02,2.39E-02,2.41E-02
23:19:49,8/21/20,6.95,-1.85E-03,1.14E-02,-1.11E-03,6.00E-03,21.64897,-9.44E-07,-6.18E-07,-1.91E-06,100.8695,0.747537,4.99E-02,1811.003,-3.46E-03,1.38E-02,-2.87E-03,1.15E-02
23:23:49,8/21/20,6.983333,4.01E-03,2.09E-02,-2.46E-03,9.16E-03,21.7223,1.48E-06,-1.37E-06,-1.71E-05,100.8697,0.7506316,5.02E-02,1810.467,-3.10E-02,2.45E-02,-2.57E-02,2.03E-02
23:27:49,8/21/20,6.991667,-5.54E-03,1.70E-02,-1.14E-03,7.78E-03,21.83495,-2.57E-06,-6.34E-07,5.01E-06,100.8803,0.7536238,5.04E-02,1810.966,9.09E-03,2.07E-02,7.54E-03,1.72E-02
23:31:49,8/21/20,6.975,3.50E-03,2.33E-02,-1.89E-03,7.41E-03,21.6865,1.31E-06,-1.05E-06,-1.10E-05,100.8788,0.749795,5.05E-02,1809.247,-2.00E-02,2.82E-02,-1.66E-02,2.34E-02
23:35:49,8/21/20,6.958333,9.86E-03,1.45E-02,-1.06E-03,7.33E-03,21.53657,4.21E-06,-5.90E-07,-1.34E-05,100.8803,0.7542201,5.07E-02,1811.238,-2.43E-02,3.67E-02,-2.02E-02,3.05E-02
23:39:49,8/21/20,6.966667,1.87E-02,2.02E-02,1.94E-03,8.77E-03,21.56915,8.46E-06,1.07E-06,8.18E-06,100.8879,0.7525372,5.06E-02,1810.918,1.48E-02,3.19E-02,1.23E-02,2.64E-02
23:43:49,8/21/20,6.958333,6.66E-03,0.0188895,-3.13E-03,8.90E-03,21.7844,2.56E-06,-1.74E-06,-6.79E-06,100.8842,0.7455706,5.08E-02,1812.157,-1.23E-02,2.54E-02,-1.02E-02,2.11E-02
23:47:49,8/21/20,6.983333,-4.17E-03,1.75E-02,-3.10E-04,8.15E-03,21.89075,-1.86E-06,-1.72E-07,1.30E-05,100.8811,0.7543386,5.07E-02,1813.412,2.35E-02,3.71E-02,1.95E-02,0.0308305
23:51:49,8/21/20,6.941667,-3.28E-03,2.40E-02,-2.15E-03,9.81E-03,21.93402,-1.69E-06,-1.20E-06,3.04E-06,100.8777,0.7565753,0.050659,1810.433,5.52E-03,1.60E-02,4.58E-03,1.33E-02
23:55:49,8/21/20,6.95,8.96E-03,1.38E-02,4.75E-04,8.68E-03,21.93915,3.99E-06,2.63E-07,2.05E-06,100.8806,0.7575178,5.07E-02,1811.88,3.74E-03,2.97E-02,3.11E-03,2.47E-02
23:59:49,8/21/20,6.991667,2.88E-02,2.76E-02,1.71E-03,1.06E-02,21.96293,1.29E-05,9.47E-07,5.48E-06,100.8773,0.7547357,5.08E-02,1810.553,9.91E-03,2.07E-02,8.23E-03,1.72E-02
0:03:49,8/22/20,6.975,9.59E-03,1.66E-02,3.58E-03,9.25E-03,21.9585,4.63E-06,1.99E-06,-8.90E-07,100.8767,0.749049,5.09E-02,1811.006,-1.61E-03,1.34E-02,-1.34E-03,1.11E-02
0:07:49,8/22/20,6.991667,3.79E-03,1.60E-02,1.21E-04,7.45E-03,21.99677,1.68E-06,6.83E-08,5.10E-06,100.8771,0.7546203,5.08E-02,1810.076,9.23E-03,2.59E-02,7.66E-03,0.0215275
0:11:49,8/22/20,6.966667,3.44E-03,1.68E-02,2.10E-03,9.10E-03,21.99352,1.75E-06,1.17E-06,5.77E-07,100.8812,0.7483836,5.11E-02,1809.94,1.05E-03,1.88E-02,8.71E-04,1.56E-02
0:15:49,8/22/20,6.941667,1.95E-02,1.52E-02,1.15E-03,7.27E-03,22.06054,8.72E-06,6.36E-07,-7.60E-06,100.8781,0.7463594,5.12E-02,1811.464,-1.38E-02,1.87E-02,-1.14E-02,0.0154981
0:19:49,8/22/20,6.95,-4.96E-04,2.71E-02,1.66E-03,1.04E-02,22.03987,-2.06E-08,9.25E-07,1.00E-05,100.8752,0.7523718,5.14E-02,1810.764,1.82E-02,0.0276948,1.51E-02,2.30E-02
0:23:49,8/22/20,6.958333,5.41E-03,1.05E-02,4.15E-05,7.89E-03,22.0646,2.38E-06,2.17E-08,-3.56E-07,100.8781,0.7516395,5.16E-02,1812.431,-6.43E-04,2.33E-02,-5.34E-04,1.94E-02
0:27:49,8/22/20,6.983333,-5.91E-03,1.93E-02,2.82E-03,8.77E-03,22.08367,-2.27E-06,1.57E-06,-2.15E-06,100.8825,0.7540509,5.17E-02,1811.024,-3.90E-03,2.34E-02,-3.23E-03,1.94E-02
0:31:49,8/22/20,6.975,-1.12E-02,1.70E-02,1.28E-03,7.93E-03,22.16513,-4.77E-06,7.16E-07,-1.74E-06,100.8826,0.7544252,5.18E-02,1810.31,-3.14E-03,2.39E-02,-2.61E-03,1.98E-02
0:35:49,8/22/20,6.991667,-2.79E-03,1.03E-02,2.01E-03,8.11E-03,22.1463,-9.92E-07,1.12E-06,8.20E-07,100.8791,0.7540057,5.19E-02,1811.444,1.48E-03,2.66E-02,1.23E-03,2.21E-02
0:39:49,8/22/20,6.941667,-9.86E-03,2.41E-02,-7.07E-04,8.45E-03,22.18165,-4.42E-06,-3.90E-07,-9.34E-07,100.8817,0.7503644,5.20E-02,1809.887,-1.69E-03,1.41E-02,-1.41E-03,1.17E-02
0:43:49,8/22/20,6.966667,1.53E-03,2.23E-02,-1.15E-03,9.15E-03,22.11315,5.38E-07,-6.36E-07,-1.05E-05,100.8824,0.7532832,5.21E-02,1810.914,-1.91E-02,3.05E-02,-1.58E-02,2.53E-02
0:47:49,8/22/20,6.983333,6.16E-05,1.11E-02,4.90E-04,9.36E-03,22.12903,8.44E-08,2.72E-07,4.98E-06,100.8843,0.7485884,5.21E-02,1811.794,9.02E-03,1.94E-02,7.49E-03,1.61E-02
0:51:49,8/22/20,6.95,-9.00E-03,2.77E-02,1.47E-03,7.18E-03,22.14735,-3.77E-06,8.18E-07,-6.63E-06,100.8828,0.7542232,5.21E-02,1811.433,-1.20E-02,2.47E-02,-9.97E-03,2.05E-02
0:55:49,8/22/20,6.975,5.62E-03,2.05E-02,-2.18E-03,8.94E-03,22.19808,2.22E-06,-1.21E-06,1.86E-05,100.8819,0.7553961,0.0523956,1811.904,3.37E-02,3.04E-02,2.79E-02,2.52E-02
0:59:49,8/22/20,6.958333,-4.06E-03,2.03E-02,-1.01E-03,1.00E-02,22.15,-1.90E-06,-5.62E-07,-4.16E-06,100.8842,0.753038,5.21E-02,1809.035,-7.52E-03,2.55E-02,-6.24E-03,2.12E-02
1:03:49,8/22/20,6.966667,-3.06E-04,1.55E-02,2.27E-03,8.23E-03,22.16417,1.28E-07,1.26E-06,-1.65E-06,100.8873,0.7535941,5.22E-02,1809.742,-3.00E-03,2.45E-02,-2.49E-03,2.03E-02
1:07:49,8/22/20,6.983333,-3.61E-03,1.93E-02,-1.27E-03,7.85E-03,22.1568,-1.73E-06,-7.03E-07,-4.44E-06,100.89,0.7513542,5.23E-02,1811.937,-8.03E-03,0.0200123,-6.67E-03,1.66E-02
1:11:49,8/22/20,6.941667,-1.38E-02,1.79E-02,4.18E-04,8.48E-03,22.13329,-6.03E-06,2.36E-07,4.31E-06,100.8879,0.7579871,5.23E-02,1812.827,7.82E-03,3.16E-02,6.49E-03,2.62E-02
1:15:49,8/22/20,6.966667,-1.06E-02,1.66E-02,-1.71E-03,7.23E-03,22.15287,-4.87E-06,-9.49E-07,2.82E-07,100.8801,0.7558349,5.24E-02,1812.818,5.26E-04,1.86E-02,4.36E-04,1.55E-02
1:17:50,8/22/20,6.983333,1.63E-04,1.72E-02,-1.25E-03,8.64E-03,22.15802,-7.13E-08,-6.95E-07,-3.71E-06,100.8809,0.7509403,5.25E-02,1811.758,-6.72E-03,2.87E-02,-5.58E-03,2.38E-02
1:21:50,8/22/20,6.958333,-1.53E-03,2.71E-02,-3.01E-03,7.45E-03,22.13842,-1.02E-06,-1.68E-06,-4.81E-07,100.8774,0.7500722,5.24E-02,1809.61,-8.66E-04,0.0205573,-7.19E-04,1.71E-02
1:25:50,8/22/20,6.991667,-1.16E-02,1.79E-02,-2.96E-03,8.71E-03,22.16068,-5.42E-06,-1.65E-06,-1.72E-05,100.8767,0.7525094,5.24E-02,1810.711,-3.11E-02,3.02E-02,-0.0258469,2.50E-02
1:29:50,8/22/20,6.966667,-2.19E-03,1.80E-02,2.46E-04,8.93E-03,22.1756,-9.38E-07,1.37E-07,8.41E-07,100.8816,0.7511609,0.0527405,1810.603,1.52E-03,1.79E-02,1.26E-03,1.49E-02
1:33:50,8/22/20,6.975,1.85E-03,1.57E-02,3.92E-03,8.36E-03,22.14852,1.27E-06,2.18E-06,-1.16E-06,100.8863,0.7455967,5.29E-02,1812.161,-2.09E-03,1.93E-02,-1.74E-03,1.61E-02
1:37:50,8/22/20,6.95,6.48E-03,1.74E-02,4.63E-04,9.28E-03,22.10945,2.90E-06,2.55E-07,-1.84E-05,100.8844,0.7481889,5.28E-02,1810.982,-3.33E-02,2.36E-02,-2.76E-02,1.96E-02
1:41:50,8/22/20,6.941667,-9.50E-03,0.0267386,-1.79E-03,8.71E-03,22.16187,-4.38E-06,-9.91E-07,2.42E-06,100.8891,0.7481335,5.29E-02,1814.211,4.39E-03,2.37E-02,3.65E-03,1.96E-02
1:45:50,8/22/20,6.983333,-4.70E-03,2.18E-02,-3.04E-03,7.34E-03,22.15425,-2.43E-06,-1.69E-06,1.57E-05,100.8832,0.7509227,5.28E-02,1812.539,2.84E-02,3.62E-02,2.35E-02,3.00E-02
1:49:50,8/22/20,6.941667,-9.23E-03,1.36E-02,-2.47E-03,7.48E-03,22.16057,-4.34E-06,-1.37E-06,-1.20E-05,100.8857,0.7494861,5.29E-02,1811.185,-2.17E-02,2.65E-02,-1.80E-02,0.0219548
1:53:50,8/22/20,6.958333,2.84E-03,9.30E-03,1.24E-04,7.87E-03,22.1892,1.27E-06,6.93E-08,2.06E-05,100.889,0.752696,5.31E-02,1810.053,3.73E-02,3.12E-02,0.0309528,2.59E-02
1:57:50,8/22/20,6.991667,8.41E-03,1.77E-02,-2.90E-03,1.01E-02,22.17733,3.36E-06,-1.61E-06,-1.03E-05,100.8965,0.7511462,5.30E-02,1813.611,-1.88E-02,1.78E-02,-1.56E-02,1.47E-02
2:01:50,8/22/20,6.975,1.14E-02,0.0174276,-3.77E-04,9.77E-03,22.14645,4.97E-06,-2.11E-07,-2.47E-07,100.8993,0.7467646,5.33E-02,1812.711,-4.37E-04,1.97E-02,-3.63E-04,0.0163375
2:05:50,8/22/20,6.95,8.34E-03,1.59E-02,1.67E-03,9.92E-03,22.08179,3.86E-06,9.21E-07,-5.22E-08,100.9045,0.7489604,0.0535473,1815.44,-8.93E-05,2.35E-02,-7.41E-05,1.95E-02
2:09:50,8/22/20,6.966667,-1.38E-02,1.63E-02,2.02E-04,7.77E-03,22.13074,-6.03E-06,1.15E-07,1.70E-05,100.9109,0.7496114,5.37E-02,1811.813,3.09E-02,2.61E-02,2.56E-02,2.17E-02
2:13:50,8/22/20,6.95,1.20E-02,2.02E-02,-2.47E-03,9.23E-03,22.074,4.99E-06,-1.38E-06,2.92E-06,100.9107,0.7429804,5.39E-02,1814.97,5.31E-03,1.72E-02,4.40E-03,1.43E-02
2:17:50,8/22/20,6.975,1.86E-03,1.69E-02,5.95E-04,9.22E-03,22.1151,8.87E-07,3.27E-07,9.25E-06,100.9125,0.7480239,5.39E-02,1813.623,1.68E-02,2.72E-02,1.39E-02,0.0225593
2:21:50,8/22/20,6.966667,7.04E-03,8.94E-03,-9.19E-04,8.62E-03,22.21922,2.98E-06,-5.12E-07,-1.76E-05,100.9157,0.7498059,5.40E-02,1814.083,-3.20E-02,2.88E-02,-2.65E-02,2.39E-02
2:25:50,8/22/20,6.941667,-7.01E-03,1.56E-02,1.82E-03,8.93E-03,22.22474,-2.87E-06,1.01E-06,-1.90E-06,100.9127,0.7469103,5.41E-02,1813.87,-3.46E-03,1.56E-02,-2.87E-03,1.30E-02
2:29:50,8/22/20,6.991667,4.98E-04,1.66E-02,3.22E-03,8.53E-03,22.17802,5.92E-07,1.78E-06,-1.45E-05,100.9096,0.7502893,5.38E-02,1814.729,-2.64E-02,2.51E-02,-2.19E-02,2.08E-02
2:33:50,8/22/20,6.983333,-7.33E-03,1.62E-02,2.70E-03,7.08E-03,22.13272,-2.91E-06,1.50E-06,3.22E-06,100.9049,0.7464743,5.37E-02,1813.254,5.82E-03,1.89E-02,4.83E-03,1.57E-02
2:37:50,8/22/20,6.958333,2.65E-03,1.03E-02,2.21E-04,1.07E-02,22.14097,1.19E-06,1.20E-07,1.17E-07,100.8996,0.7498448,5.37E-02,1814.713,2.05E-04,2.40E-02,1.70E-04,0.0199315
2:41:50,8/22/20,6.941667,1.06E-03,2.05E-02,2.52E-04,8.19E-03,22.23722,4.99E-07,1.39E-07,3.87E-06,100.898,0.7511086,5.37E-02,1813.506,7.01E-03,2.09E-02,5.82E-03,1.73E-02
2:45:50,8/22/20,6.966667,1.05E-02,0.0190446,4.98E-03,9.15E-03,22.15802,5.18E-06,2.77E-06,1.33E-05,100.8996,0.7533211,5.40E-02,1811.831,2.41E-02,2.82E-02,2.00E-02,2.34E-02
2:49:50,8/22/20,6.95,-1.77E-03,2.26E-02,-5.43E-04,9.12E-03,22.16682,-8.29E-07,-3.02E-07,7.48E-07,100.9035,0.7492455,5.41E-02,1811.027,1.34E-03,1.83E-02,1.11E-03,1.52E-02
2:53:50,8/22/20,6.983333,2.81E-03,9.30E-03,4.23E-04,7.81E-03,22.07187,1.29E-06,2.36E-07,7.78E-06,100.8949,0.7551063,5.39E-02,1813.341,1.41E-02,3.25E-02,1.17E-02,2.70E-02
2:57:50,8/22/20,6.991667,5.73E-03,1.52E-02,-5.43E-04,8.94E-03,22.14348,2.45E-06,-3.05E-07,5.46E-07,100.8914,0.7528249,5.39E-02,1812.372,9.98E-04,1.95E-02,8.29E-04,1.62E-02
3:01:50,8/22/20,6.975,-9.09E-03,2.98E-02,2.35E-03,9.81E-03,22.14007,-3.70E-06,1.31E-06,-6.81E-07,100.8947,0.747333,5.40E-02,1814.991,-1.22E-03,1.24E-02,-1.02E-03,1.03E-02
3:05:50,8/22/20,6.958333,-2.15E-03,1.68E-02,7.18E-04,7.42E-03,22.23717,-8.65E-07,4.00E-07,3.71E-06,100.8979,0.7523478,0.0539696,1814.519,6.74E-03,2.88E-02,5.59E-03,2.39E-02
3:09:50,8/22/20,6.966667,5.68E-03,1.92E-02,-3.00E-03,8.45E-03,22.09999,2.14E-06,-1.67E-06,-1.03E-06,100.8874,0.7531344,5.41E-02,1812.018,-1.86E-03,1.86E-02,-1.54E-03,1.54E-02
3:13:50,8/22/20,6.958333,4.00E-03,1.16E-02,-1.67E-03,9.63E-03,22.17432,1.56E-06,-9.26E-07,-3.84E-07,100.8891,0.7484714,5.41E-02,1814.479,-6.95E-04,1.87E-02,-5.77E-04,1.55E-02
3:17:50,8/22/20,6.983333,-0.0113293,2.21E-02,1.78E-04,6.90E-03,22.12463,-4.96E-06,9.96E-08,-1.55E-05,100.8824,0.7514253,5.41E-02,1812.395,-0.0280728,2.90E-02,-2.33E-02,2.40E-02
3:21:50,8/22/20,6.941667,-1.58E-03,2.02E-02,4.72E-03,8.44E-03,22.1097,-1.45E-07,2.62E-06,3.37E-07,100.8791,0.7477947,5.42E-02,1815.442,6.19E-04,2.23E-02,5.13E-04,1.85E-02
3:25:50,8/22/20,6.95,-1.71E-03,2.02E-02,-7.33E-04,9.67E-03,22.1932,-8.34E-07,-4.07E-07,1.71E-05,100.8849,0.7504035,5.42E-02,1814.539,3.11E-02,3.39E-02,2.58E-02,2.81E-02
3:29:50,8/22/20,6.991667,1.02E-02,2.20E-02,-1.44E-03,7.67E-03,22.11873,4.29E-06,-8.03E-07,-1.47E-06,100.8861,0.750026,5.41E-02,1814.138,-2.66E-03,0.0253908,-2.20E-03,2.11E-02
3:33:50,8/22/20,6.975,1.66E-03,1.67E-02,1.75E-03,8.68E-03,22.14797,9.39E-07,9.68E-07,8.40E-06,100.886,0.7490054,5.43E-02,1812.873,1.52E-02,0.0200489,1.26E-02,1.66E-02
3:37:50,8/22/20,6.991667,-4.12E-03,2.01E-02,1.73E-03,8.61E-03,22.14524,-1.60E-06,9.64E-07,6.99E-07,100.8936,0.7533347,5.42E-02,1813.289,1.26E-03,2.64E-02,1.05E-03,2.19E-02
3:41:50,8/22/20,6.966667,1.11E-02,2.83E-02,2.40E-03,7.61E-03,22.09739,5.13E-06,1.33E-06,-7.99E-07,100.8953,0.7474911,5.43E-02,1811.352,-1.44E-03,2.03E-02,-1.20E-03,1.68E-02
3:45:50,8/22/20,6.941667,1.21E-03,1.37E-02,-2.06E-03,6.27E-03,22.12932,2.90E-07,-1.15E-06,-1.92E-06,100.8983,0.7412426,5.42E-02,1813.505,-3.48E-03,1.58E-02,-2.89E-03,1.31E-02
3:49:50,8/22/20,6.95,-1.54E-03,8.70E-03,4.13E-03,1.09E-02,22.13914,-1.94E-07,2.29E-06,1.32E-05,100.9014,0.7480761,0.0543028,1815.823,2.39E-02,3.72E-02,1.99E-02,3.09E-02
3:53:50,8/22/20,6.958333,8.96E-03,2.22E-02,-2.81E-03,9.42E-03,22.12785,3.61E-06,-1.56E-06,3.64E-06,100.9049,0.7503002,5.43E-02,1814.438,6.61E-03,1.96E-02,5.49E-03,1.63E-02
3:57:50,8/22/20,6.983333,-3.11E-03,1.13E-02,2.34E-03,8.49E-03,22.16307,-1.09E-06,1.30E-06,1.52E-05,100.902,0.7523791,5.43E-02,1811.622,2.76E-02,3.21E-02,2.29E-02,2.66E-02
4:01:50,8/22/20,6.975,-4.84E-03,0.0191575,-1.07E-03,8.99E-03,22.176,-2.25E-06,-5.92E-07,2.01E-07,100.9027,0.7489047,5.42E-02,1812.935,3.42E-04,2.43E-02,2.84E-04,2.02E-02
4:05:50,8/22/20,6.991667,3.80E-03,1.38E-02,2.69E-03,1.08E-02,22.11997,1.98E-06,1.50E-06,1.63E-05,100.9052,0.750869,5.43E-02,1813.989,2.95E-02,0.0298196,2.45E-02,2.48E-02
4:09:50,8/22/20,6.941667,-2.72E-03,1.87E-02,8.02E-04,8.07E-03,22.21158,-1.10E-06,4.46E-07,1.02E-05,100.8989,0.7482519,5.45E-02,1812.446,1.86E-02,2.36E-02,1.54E-02,1.96E-02
4:13:50,8/22/20,6.966667,-6.84E-03,1.70E-02,3.85E-03,8.94E-03,22.1418,-2.55E-06,2.14E-06,9.12E-06,100.9045,0.7495854,5.45E-02,1813.22,1.65E-02,3.35E-02,1.37E-02,2.78E-02
4:17:50,8/22/20,6.983333,-4.50E-03,2.17E-02,-2.13E-03,8.76E-03,22.11492,-2.22E-06,-1.18E-06,5.64E-06,100.9145,0.7447088,5.45E-02,1813.805,1.02E-02,1.76E-02,8.49E-03,1.46E-02
4:21:50,8/22/20,6.95,7.07E-03,1.51E-02,-1.92E-03,8.55E-03,22.14813,2.88E-06,-1.07E-06,1.20E-05,100.9085,0.7469373,5.45E-02,1818.048,2.19E-02,3.24E-02,1.81E-02,2.69E-02
4:25:50,8/22/20,6.975,-5.64E-05,1.42E-02,-4.26E-03,6.89E-03,22.10509,-5.14E-07,-2.37E-06,-4.15E-07,100.912,0.7474717,5.45E-02,1815.071,-7.30E-04,2.28E-02,-6.06E-04,1.89E-02
4:29:50,8/22/20,6.958333,0.0129191,1.71E-02,1.36E-04,7.71E-03,22.16442,5.69E-06,7.30E-08,1.57E-05,100.9157,0.7487373,5.48E-02,1812.63,2.84E-02,2.94E-02,2.35E-02,2.44E-02
4:33:50,8/22/20,6.966667,1.34E-03,2.80E-02,8.42E-04,7.65E-03,22.14552,6.84E-07,4.67E-07,2.05E-05,100.9177,0.7501264,5.48E-02,1816.047,3.72E-02,3.20E-02,0.0308905,0.026553
4:37:50,8/22/20,6.983333,2.48E-03,1.04E-02,-2.59E-03,8.85E-03,22.09658,7.89E-07,-1.44E-06,-4.97E-07,100.9256,0.7450132,5.47E-02,1814.151,-9.06E-04,2.31E-02,-7.52E-04,1.92E-02
4:41:50,8/22/20,6.941667,3.57E-03,2.40E-02,-6.98E-04,7.66E-03,22.1007,1.48E-06,-3.90E-07,-1.79E-05,100.937,0.749046,5.47E-02,1815.12,-3.25E-02,2.48E-02,-0.0269813,2.06E-02
4:45:50,8/22/20,6.966667,9.38E-03,1.85E-02,2.42E-04,9.35E-03,22.13917,4.14E-06,1.32E-07,-1.09E-06,100.9474,0.7489124,5.47E-02,1815.859,-1.97E-03,2.28E-02,-1.63E-03,1.89E-02
4:47:51,8/22/20,6.983333,-1.82E-03,0.0189402,7.57E-04,1.01E-02,22.12967,-7.11E-07,4.21E-07,-8.26E-07,100.9486,0.7446908,5.47E-02,1815.645,-1.50E-03,1.53E-02,-1.24E-03,1.27E-02
4:51:51,8/22/20,6.958333,1.24E-02,1.70E-02,1.63E-04,9.32E-03,22.11277,5.45E-06,8.64E-08,6.18E-06,100.944,0.7472035,5.45E-02,1815.271,1.12E-02,3.04E-02,9.32E-03,2.52E-02
4:55:51,8/22/20,6.991667,-6.66E-04,2.35E-02,5.29E-04,8.06E-03,22.11803,-2.35E-07,2.94E-07,-1.15E-05,100.9356,0.747296,5.43E-02,1815.114,-2.09E-02,3.30E-02,-1.74E-02,2.74E-02
4:59:51,8/22/20,6.966667,3.84E-03,2.72E-02,-2.28E-04,7.53E-03,22.18125,1.65E-06,-1.29E-07,4.75E-06,100.9406,0.7457463,5.44E-02,1817.976,8.65E-03,1.87E-02,7.18E-03,1.55E-02
5:03:51,8/22/20,6.975,-1.87E-03,3.21E-02,1.33E-03,7.21E-03,22.16743,-6.89E-07,7.40E-07,-2.07E-06,100.9371,0.7436848,5.44E-02,1814.663,-3.73E-03,1.45E-02,-3.10E-03,1.21E-02
5:07:51,8/22/20,6.95,3.01E-03,2.44E-02,3.23E-03,7.27E-03,22.08423,1.70E-06,1.79E-06,-1.09E-05,100.9331,0.7465341,5.43E-02,1816.032,-1.98E-02,2.74E-02,-1.64E-02,2.28E-02
5:11:51,8/22/20,6.941667,-4.25E-03,2.01E-02,-2.09E-04,9.27E-03,22.13483,-1.89E-06,-1.14E-07,-2.92E-06,100.9334,0.7481358,5.44E-02,1814.932,-5.29E-03,2.13E-02,-4.39E-03,1.76E-02
5:15:51,8/22/20,6.983333,-4.37E-03,1.93E-02,-4.09E-04,7.41E-03,22.23367,-1.97E-06,-2.26E-07,8.01E-06,100.9451,0.7482845,5.42E-02,1814.445,1.45E-02,3.44E-02,1.21E-02,2.86E-02
5:19:51,8/22/20,6.941667,-1.47E-02,2.25E-02,-2.16E-03,9.75E-03,22.13425,-6.69E-06,-1.20E-06,2.66E-07,100.9473,0.7474249,5.42E-02,1815.459,5.11E-04,2.28E-02,4.24E-04,1.89E-02
5:23:51,8/22/20,6.958333,-5.54E-03,2.44E-02,-2.53E-03,8.13E-03,22.05289,-2.74E-06,-1.40E-06,-1.86E-05,100.9485,0.7474617,5.42E-02,1815.895,-0.0337707,3.50E-02,-2.80E-02,2.91E-02
5:27:51,8/22/20,6.991667,4.76E-03,1.52E-02,-2.58E-03,9.68E-03,22.19573,1.78E-06,-1.43E-06,9.21E-06,100.9517,0.7470431,5.39E-02,1815.524,1.67E-02,2.57E-02,1.39E-02,2.13E-02
5:31:51,8/22/20,6.975,-9.89E-04,1.90E-02,-0.0017389,9.13E-03,22.15785,-6.41E-07,-9.65E-07,-1.54E-07,100.9553,0.7442594,5.42E-02,1817.139,-2.84E-04,1.68E-02,-2.35E-04,1.39E-02
5:35:51,8/22/20,6.95,3.77E-03,1.14E-02,-6.53E-04,6.92E-03,22.1428,1.58E-06,-3.64E-07,-3.30E-06,100.9559,0.7458628,5.41E-02,1815.917,-5.98E-03,2.61E-02,-4.96E-03,2.17E-02
5:39:51,8/22/20,6.966667,-4.80E-03,9.41E-03,-0.0013984,8.31E-03,22.10835,-2.27E-06,-7.76E-07,-1.43E-05,100.9659,0.7475671,5.39E-02,1816.233,-2.60E-02,2.96E-02,-0.021575,2.45E-02
5:43:51,8/22/20,6.95,-1.38E-03,0.0130693,5.34E-04,6.79E-03,22.16848,-5.45E-07,2.97E-07,3.20E-07,100.9728,0.7441365,5.39E-02,1815.305,5.67E-04,1.94E-02,4.70E-04,1.61E-02
5:47:51,8/22/20,6.975,4.69E-03,1.31E-02,-2.79E-03,8.12E-03,22.16812,1.73E-06,-1.55E-06,7.68E-06,100.9775,0.7479082,5.40E-02,1816.902,1.40E-02,0.0264378,1.16E-02,2.19E-02
5:51:51,8/22/20,6.966667,-3.31E-03,1.88E-02,-1.15E-03,9.81E-03,22.1345,-1.58E-06,-6.37E-07,1.43E-05,100.9726,0.7468037,0.0537945,1816.002,2.60E-02,3.74E-02,2.15E-02,3.11E-02
5:55:51,8/22/20,6.941667,9.11E-03,1.84E-02,1.06E-03,1.05E-02,22.16615,4.11E-06,5.88E-07,2.39E-06,100.9761,0.7416576,5.39E-02,1817.175,4.33E-03,2.51E-02,3.59E-03,2.08E-02
5:59:51,8/22/20,6.991667,1.80E-04,0.015038,-2.19E-03,7.81E-03,22.1523,-1.76E-07,-1.22E-06,5.69E-07,100.9826,0.7464435,5.38E-02,1816.833,1.02E-03,1.68E-02,8.46E-04,1.39E-02
6:03:51,8/22/20,6.983333,4.51E-03,2.80E-02,7.22E-04,8.92E-03,22.14505,2.07E-06,4.00E-07,-5.36E-07,100.9883,0.7455789,5.36E-02,1815.066,-9.57E-04,2.03E-02,-7.95E-04,1.69E-02
6:07:51,8/22/20,6.958333,-2.50E-03,2.45E-02,1.36E-03,7.94E-03,22.12052,-9.31E-07,7.53E-07,-8.68E-07,100.9894,0.7480991,5.38E-02,1817.476,-1.61E-03,0.032641,-1.33E-03,2.71E-02
6:11:51,8/22/20,6.941667,-2.86E-03,2.16E-02,1.23E-03,7.60E-03,22.17045,-1.12E-06,6.81E-07,1.09E-05,100.9903,0.7454026,0.0535908,1818.664,1.98E-02,2.87E-02,1.64E-02,2.38E-02
6:15:51,8/22/20,6.966667,8.83E-03,1.43E-02,3.47E-03,8.90E-03,22.2577,4.27E-06,1.92E-06,1.67E-05,100.9873,0.7473628,5.36E-02,1816.303,3.04E-02,2.91E-02,0.0252048,2.42E-02
6:19:51,8/22/20,6.95,2.67E-04,1.16E-02,-3.50E-03,8.65E-03,22.63413,-2.86E-07,-1.94E-06,4.39E-06,100.9859,0.7466972,5.36E-02,1816.993,7.99E-03,1.94E-02,6.63E-03,0.0161127
6:23:51,8/22/20,6.983333,4.81E-03,1.73E-02,-2.06E-03,8.79E-03,23.06522,1.87E-06,-1.14E-06,-5.70E-06,100.9947,0.7557774,5.34E-02,1816.616,-1.04E-02,3.55E-02,-8.60E-03,2.95E-02
6:27:51,8/22/20,6.991667,2.90E-03,2.50E-02,8.70E-05,1.01E-02,23.33457,1.29E-06,4.52E-08,1.44E-05,100.9924,0.7543537,5.30E-02,1817.609,2.62E-02,2.89E-02,2.18E-02,2.40E-02
6:31:51,8/22/20,6.975,-6.44E-03,1.47E-02,-8.95E-04,8.57E-03,23.50333,-2.93E-06,-4.94E-07,4.13E-06,100.9986,0.7506037,5.29E-02,1817.401,7.50E-03,2.51E-02,6.22E-03,2.08E-02
6:35:51,8/22/20,6.958333,3.74E-03,1.45E-02,-2.13E-04,8.92E-03,23.58059,1.61E-06,-1.18E-07,5.37E-06,100.9994,0.7559743,5.30E-02,1815.893,9.78E-03,3.57E-02,8.11E-03,2.96E-02
6:39:51,8/22/20,6.966667,5.94E-03,2.08E-02,1.41E-03,7.62E-03,23.86237,2.77E-06,7.80E-07,1.32E-06,101.0028,0.7583476,5.28E-02,1818.5,2.41E-03,2.09E-02,2.00E-03,1.73E-02
6:43:51,8/22/20,6.958333,-4.42E-03,1.25E-02,0.0036412,9.35E-03,24.10595,-1.51E-06,2.02E-06,5.08E-06,100.999,0.7552066,5.29E-02,1819.137,9.25E-03,1.76E-02,7.68E-03,1.46E-02
6:47:51,8/22/20,6.983333,5.07E-04,1.08E-02,-3.02E-03,8.39E-03,24.28399,-1.29E-07,-1.68E-06,1.85E-05,100.9963,0.7596582,5.27E-02,1813.411,3.35E-02,4.16E-02,2.78E-02,0.0345139
6:51:51,8/22/20,6.941667,-1.65E-03,2.57E-02,4.37E-04,1.06E-02,24.52222,-6.65E-07,2.45E-07,-2.33E-05,100.9989,0.7611006,5.26E-02,1815.735,-4.23E-02,2.60E-02,-3.51E-02,2.16E-02
6:55:51,8/22/20,6.95,6.42E-03,2.01E-02,0.004259,8.90E-03,24.74854,3.31E-06,2.36E-06,1.81E-05,101.0003,0.7643844,5.27E-02,1817.195,3.29E-02,3.03E-02,2.73E-02,2.51E-02
6:59:51,8/22/20,6.991667,1.21E-02,1.67E-02,-5.04E-03,9.51E-03,25.06003,4.74E-06,-2.80E-06,-1.92E-05,100.9935,0.767417,0.0524056,1816.029,-3.49E-02,3.15E-02,-2.90E-02,2.61E-02
7:03:51,8/22/20,6.975,-1.52E-03,1.86E-02,2.05E-03,6.51E-03,25.34667,-4.31E-07,1.14E-06,1.47E-05,100.9918,0.7680037,5.24E-02,1814.223,2.67E-02,2.47E-02,2.22E-02,2.05E-02
7:07:51,8/22/20,6.991667,-4.29E-03,1.15E-02,-8.96E-04,7.82E-03,25.52832,-1.99E-06,-4.97E-07,2.48E-06,100.9847,0.767683,5.21E-02,1814.131,4.50E-03,2.10E-02,3.74E-03,0.0174118
7:11:51,8/22/20,6.966667,8.51E-03,0.0145371,9.73E-04,8.45E-03,25.85675,3.86E-06,5.35E-07,1.44E-07,100.9864,0.7675,5.19E-02,1813.188,2.59E-04,1.48E-02,2.15E-04,1.23E-02
7:15:51,8/22/20,6.941667,-9.37E-03,0.0209602,-8.46E-04,8.84E-03,26.04722,-4.21E-06,-4.66E-07,2.43E-06,100.9916,0.7662197,5.18E-02,1815.534,4.41E-03,2.41E-02,3.66E-03,2.00E-02
7:19:51,8/22/20,6.95,4.15E-03,1.71E-02,-1.21E-03,9.94E-03,26.2338,1.68E-06,-6.72E-07,3.07E-05,100.9856,0.7690631,5.17E-02,1816.359,5.57E-02,3.41E-02,4.62E-02,2.83E-02
7:23:51,8/22/20,6.958333,1.85E-02,2.94E-02,2.30E-03,7.42E-03,26.54632,8.41E-06,1.28E-06,1.65E-06,100.9898,0.7700195,0.0518226,1811.196,2.99E-03,4.57E-02,2.48E-03,3.79E-02
7:27:51,8/22/20,6.983333,1.21E-03,1.92E-02,-1.41E-03,7.25E-03,26.7337,3.68E-07,-7.87E-07,1.68E-07,100.9863,0.7729464,5.17E-02,1812.976,3.14E-04,2.07E-02,2.61E-04,1.72E-02
7:31:51,8/22/20,6.975,8.41E-03,1.36E-02,9.10E-04,7.76E-03,27.18574,3.80E-06,5.05E-07,5.21E-06,100.9819,0.7708558,5.17E-02,1815.229,9.45E-03,2.55E-02,7.84E-03,2.12E-02
7:35:51,8/22/20,6.991667,2.13E-03,1.36E-02,2.33E-03,7.94E-03,27.375,1.20E-06,1.30E-06,8.74E-08,100.9889,0.769178,0.0517128,1813.444,1.34E-04,2.15E-02,1.12E-04,1.79E-02
7:39:51,8/22/20,6.941667,-6.55E-03,1.65E-02,2.37E-03,8.41E-03,27.57537,-2.61E-06,1.32E-06,-2.59E-05,100.9919,0.7656144,5.18E-02,1815.469,-4.70E-02,4.33E-02,-3.90E-02,3.59E-02
7:43:51,8/22/20,6.966667,1.78E-02,1.75E-02,6.78E-05,8.62E-03,27.82273,7.83E-06,3.40E-08,-3.56E-06,100.9963,0.766885,5.17E-02,1814.97,-6.51E-03,3.26E-02,-5.40E-03,2.70E-02
7:47:51,8/22/20,6.983333,-5.34E-03,1.66E-02,5.96E-04,8.20E-03,28.07365,-2.28E-06,3.33E-07,-9.68E-06,100.9975,0.762084,5.17E-02,1814.649,-1.76E-02,1.83E-02,-0.0145902,1.52E-02
7:51:51,8/22/20,6.95,-1.17E-03,2.18E-02,-1.81E-03,1.04E-02,28.24752,-7.42E-07,-1.01E-06,3.38E-05,100.9918,0.765912,5.16E-02,1812.796,6.14E-02,4.10E-02,5.10E-02,3.41E-02
7:55:51,8/22/20,6.975,1.40E-03,1.45E-02,1.13E-04,7.53E-03,28.64095,6.32E-07,6.47E-08,2.32E-05,100.9824,0.7657803,5.13E-02,1809.639,4.09E-02,0.358156,3.39E-02,0.2972695
7:59:51,8/22/20,6.958333,1.19E-02,1.63E-02,1.72E-03,8.69E-03,28.8686,5.42E-06,9.57E-07,1.01E-05,100.9834,0.7605048,5.13E-02,1811.786,1.83E-02,3.42E-02,1.52E-02,2.84E-02
8:03:51,8/22/20,6.966667,2.57E-03,3.32E-02,9.82E-05,6.92E-03,29.0225,1.14E-06,5.43E-08,3.00E-05,100.9855,0.7607121,5.10E-02,1813.4,5.45E-02,4.35E-02,4.52E-02,3.61E-02
8:07:51,8/22/20,6.983333,1.55E-03,1.73E-02,-1.06E-03,8.80E-03,29.38187,5.59E-07,-5.90E-07,-4.52E-06,100.9858,0.7544482,5.09E-02,1813.651,-8.21E-03,3.11E-02,-6.81E-03,2.58E-02
8:11:51,8/22/20,6.941667,2.17E-03,1.09E-02,-1.89E-03,7.54E-03,29.5291,7.37E-07,-1.05E-06,1.62E-06,100.9916,0.7552713,5.07E-02,1809.963,2.93E-03,2.75E-02,2.43E-03,2.28E-02
8:15:51,8/22/20,6.966667,8.25E-03,1.40E-02,-2.26E-04,7.67E-03,29.87672,3.60E-06,-1.27E-07,2.30E-06,100.9951,0.7537699,5.06E-02,1812.854,4.08E-03,0.1091394,3.39E-03,9.06E-02
8:17:52,8/22/20,6.983333,5.69E-03,1.52E-02,3.20E-03,1.02E-02,30.06935,2.87E-06,1.78E-06,1.94E-06,100.9975,0.74613,5.04E-02,1812.055,3.52E-03,1.78E-02,2.92E-03,1.48E-02
8:21:52,8/22/20,6.958333,1.28E-03,1.31E-02,5.66E-04,9.77E-03,30.3095,6.25E-07,3.15E-07,1.52E-05,100.9928,0.7498264,5.00E-02,1814.788,2.76E-02,0.1563936,2.29E-02,0.1298067
8:25:52,8/22/20,6.991667,4.60E-03,1.28E-02,1.18E-03,9.15E-03,30.52222,2.16E-06,6.57E-07,-2.78E-05,100.9908,0.7486599,4.96E-02,1813.374,-5.03E-02,3.51E-02,-0.0417859,2.91E-02
8:29:52,8/22/20,6.966667,-2.82E-03,1.16E-02,-3.51E-04,8.40E-03,30.75352,-1.28E-06,-1.95E-07,2.07E-05,100.9859,0.7444901,4.91E-02,1812.798,3.75E-02,0.0516633,0.0311505,4.29E-02
8:33:52,8/22/20,6.975,-9.57E-03,1.67E-02,9.74E-04,7.51E-03,30.95959,-4.10E-06,5.46E-07,2.06E-05,100.9898,0.7391205,4.89E-02,1808.45,0.0372306,3.04E-02,0.0309014,2.52E-02
8:37:52,8/22/20,6.95,2.26E-03,1.30E-02,-1.16E-03,9.13E-03,31.21772,8.62E-07,-6.45E-07,-2.11E-05,100.9926,0.7394392,4.85E-02,1812.065,-3.83E-02,2.80E-02,-3.18E-02,2.32E-02
8:41:52,8/22/20,6.941667,-1.77E-02,2.90E-02,1.57E-03,1.01E-02,31.5421,-7.58E-06,8.83E-07,9.76E-05,100.993,0.7427225,0.0482393,1810.073,0.1749699,0.602603,0.145225,0.5001605
8:45:52,8/22/20,6.983333,4.41E-03,2.56E-02,2.69E-03,1.13E-02,31.71907,2.25E-06,1.50E-06,4.05E-05,100.9839,0.7329574,4.80E-02,1810.687,0.0730673,0.3950154,6.06E-02,0.3278628
8:49:52,8/22/20,6.941667,3.03E-03,1.40E-02,2.52E-03,9.29E-03,31.84725,1.63E-06,1.40E-06,-6.99E-06,100.9856,0.725069,4.80E-02,1812.927,-1.27E-02,0.2121023,-1.05E-02,0.1760449
8:53:52,8/22/20,6.958333,-4.32E-03,2.48E-02,-2.22E-03,8.29E-03,32.21062,-2.17E-06,-1.23E-06,3.92E-05,100.9903,0.7209327,4.77E-02,1811.194,7.11E-02,5.97E-02,0.0589952,4.95E-02
8:57:52,8/22/20,6.991667,-1.10E-02,2.27E-02,-1.59E-03,9.25E-03,32.4034,-5.00E-06,-8.82E-07,-2.56E-05,100.991,0.7100573,4.76E-02,1811.572,-4.65E-02,0.2177893,-3.86E-02,0.1807651
9:01:52,8/22/20,6.975,-1.74E-02,0.024541,2.33E-03,9.01E-03,32.5782,-7.35E-06,1.30E-06,-1.13E-05,100.9968,0.7080498,4.74E-02,1812.388,-2.06E-02,3.67E-02,-1.71E-02,3.05E-02
9:05:52,8/22/20,6.95,1.35E-02,1.82E-02,-7.40E-04,9.34E-03,32.89665,5.87E-06,-4.13E-07,4.29E-05,100.9989,0.7055721,4.73E-02,1811.354,7.76E-02,5.56E-02,6.44E-02,4.61E-02
9:09:52,8/22/20,6.966667,1.06E-03,1.87E-02,5.99E-04,6.82E-03,33.14115,5.43E-07,3.32E-07,4.05E-05,101.0062,0.700379,4.74E-02,1812.346,7.34E-02,4.65E-02,6.09E-02,0.0385595
9:13:52,8/22/20,6.95,-1.16E-02,1.67E-02,-1.76E-03,9.24E-03,33.42918,-5.30E-06,-9.76E-07,2.64E-05,100.9992,0.6914647,4.73E-02,1809.485,4.78E-02,4.36E-02,3.97E-02,3.62E-02
9:17:52,8/22/20,6.975,0.020211,2.16E-02,-2.59E-03,9.26E-03,33.60233,8.58E-06,-1.45E-06,4.64E-05,101.0041,0.6876296,4.71E-02,1809.533,8.39E-02,6.38E-02,6.96E-02,5.29E-02
9:21:52,8/22/20,6.966667,2.16E-02,2.07E-02,-3.33E-03,8.77E-03,33.60645,9.11E-06,-1.86E-06,-1.14E-05,101.0032,0.6764167,4.70E-02,1812.251,-2.06E-02,0.1256299,-1.71E-02,0.1042728
9:25:52,8/22/20,6.941667,-1.82E-02,1.88E-02,-4.11E-03,8.94E-03,33.20595,-8.50E-06,-2.29E-06,5.66E-05,101.0064,0.6746453,4.70E-02,1807.944,0.1018918,0.4044449,0.0845702,0.3356893
9:29:52,8/22/20,6.991667,-3.26E-03,1.95E-02,-1.43E-03,8.85E-03,32.74203,-1.60E-06,-7.94E-07,7.49E-05,101.0078,0.6768997,4.71E-02,1811.276,0.1352284,0.5053844,0.1122395,0.4194691
9:33:52,8/22/20,6.983333,5.85E-03,2.00E-02,1.80E-05,7.44E-03,32.848,2.56E-06,7.34E-09,-3.78E-05,101.0122,0.6650387,4.72E-02,1812.16,-6.85E-02,4.24E-02,-5.68E-02,3.52E-02
9:37:52,8/22/20,6.958333,-1.09E-02,2.15E-02,1.43E-03,6.66E-03,33.05307,-4.65E-06,7.97E-07,7.97E-06,101.0065,0.6649699,4.72E-02,1808.26,0.0144247,5.44E-02,1.20E-02,4.51E-02
9:41:52,8/22/20,6.941667,-7.17E-03,1.56E-02,-8.76E-05,8.10E-03,33.01887,-3.16E-06,-4.71E-08,2.19E-05,101.0058,0.66467,4.69E-02,1809.171,3.96E-02,5.05E-02,3.29E-02,4.20E-02
9:45:52,8/22/20,6.966667,1.85E-03,1.27E-02,2.84E-03,8.13E-03,33.0548,1.14E-06,1.58E-06,3.84E-05,101.0082,0.6652207,4.69E-02,1809.992,6.96E-02,7.09E-02,5.77E-02,5.89E-02
9:49:52,8/22/20,6.95,1.70E-03,9.04E-03,4.10E-04,8.80E-03,33.01585,7.93E-07,2.27E-07,-8.91E-06,101.021,0.6610913,0.0468601,1812.422,-1.62E-02,3.90E-02,-0.0134307,3.24E-02
9:53:52,8/22/20,6.983333,1.31E-02,1.97E-02,-1.75E-03,9.53E-03,32.99728,5.56E-06,-9.81E-07,5.27E-07,101.027,0.6656018,4.68E-02,1809.741,9.33E-04,4.56E-02,7.74E-04,3.78E-02
9:57:52,8/22/20,6.991667,-5.09E-03,1.34E-02,6.51E-04,6.56E-03,32.99669,-2.17E-06,3.62E-07,2.67E-05,101.027,0.662334,4.66E-02,1809.694,4.82E-02,0.1167628,4.00E-02,9.69E-02
10:01:52,8/22/20,6.975,1.24E-02,1.58E-02,-1.87E-03,8.29E-03,33.01902,5.21E-06,-1.04E-06,-2.71E-07,101.0359,0.6541358,4.67E-02,1809.732,-4.82E-04,3.73E-02,-4.00E-04,3.10E-02
10:05:52,8/22/20,6.958333,1.25E-03,1.34E-02,0.001335,8.12E-03,32.9888,7.05E-07,7.41E-07,2.01E-05,101.0372,0.6567708,4.66E-02,1811.252,3.63E-02,5.22E-02,0.0301389,4.33E-02
10:09:52,8/22/20,6.966667,3.72E-03,1.94E-02,-1.10E-03,8.17E-03,32.90429,1.51E-06,-6.12E-07,-3.36E-05,101.0393,0.6573243,4.68E-02,1810.858,-0.0608789,0.1950579,-5.05E-02,0.1618981
10:13:52,8/22/20,6.958333,-0.0134663,1.95E-02,-2.50E-03,9.89E-03,32.94133,-6.21E-06,-1.39E-06,9.22E-07,101.0488,0.6535892,4.65E-02,1810.34,1.67E-03,2.91E-02,1.39E-03,2.41E-02
10:17:52,8/22/20,6.983333,-6.19E-03,1.86E-02,2.58E-03,7.19E-03,33.06588,-2.42E-06,1.43E-06,-2.74E-05,101.0441,0.6565781,4.66E-02,1810.015,-4.95E-02,5.06E-02,-4.11E-02,4.20E-02
10:21:52,8/22/20,6.941667,-5.99E-04,8.08E-03,-2.29E-03,9.29E-03,33.01379,-5.30E-07,-1.27E-06,1.83E-05,101.046,0.6562733,4.65E-02,1811.697,3.30E-02,0.1776845,2.74E-02,0.1474782
10:25:52,8/22/20,6.95,1.18E-03,2.11E-02,-1.41E-03,9.99E-03,32.9345,3.58E-07,-7.80E-07,3.89E-05,101.049,0.658353,4.66E-02,1811.217,7.04E-02,5.71E-02,5.84E-02,4.74E-02
10:29:52,8/22/20,6.991667,1.07E-02,1.76E-02,1.10E-04,8.05E-03,32.90799,4.71E-06,5.80E-08,1.67E-05,101.0512,0.658092,0.0467489,1810.982,3.01E-02,0.0538981,2.50E-02,4.47E-02
10:33:52,8/22/20,6.975,-2.87E-03,1.38E-02,-1.84E-03,8.67E-03,32.88742,-1.47E-06,-1.02E-06,2.60E-05,101.0616,0.6547623,4.67E-02,1811.042,4.70E-02,4.55E-02,3.90E-02,3.78E-02
10:37:52,8/22/20,6.991667,1.21E-02,1.45E-02,-2.74E-03,7.58E-03,33.01395,5.00E-06,-1.53E-06,1.07E-05,101.0709,0.6553784,4.66E-02,1809.423,1.94E-02,4.58E-02,0.0160792,3.80E-02
10:41:52,8/22/20,6.966667,-3.69E-03,1.22E-02,1.95E-03,8.91E-03,32.94183,-1.40E-06,1.08E-06,4.37E-06,101.0751,0.6532466,4.68E-02,1810.542,8.00E-03,0.128466,6.64E-03,0.1066268
10:45:52,8/22/20,6.941667,4.97E-03,1.62E-02,-7.60E-04,5.66E-03,32.94764,2.09E-06,-4.24E-07,1.63E-05,101.0728,0.6509826,0.0467675,1811.099,2.96E-02,4.47E-02,2.45E-02,3.71E-02
10:49:52,8/22/20,6.95,1.25E-02,1.91E-02,-7.56E-04,9.27E-03,32.8526,5.40E-06,-4.23E-07,8.17E-06,101.081,0.6534883,4.67E-02,1811.778,1.48E-02,0.0491481,1.23E-02,4.08E-02
10:53:52,8/22/20,6.958333,6.74E-03,1.29E-02,-3.98E-03,9.39E-03,33.00043,2.50E-06,-2.22E-06,5.59E-06,101.087,0.6524678,4.66E-02,1810.986,1.01E-02,3.98E-02,8.41E-03,0.0330089
10:57:52,8/22/20,6.983333,9.84E-03,1.60E-02,-1.26E-03,6.78E-03,33.02267,4.18E-06,-7.06E-07,3.54E-05,101.0873,0.6575301,4.66E-02,1810.132,0.0640981,6.20E-02,5.32E-02,5.14E-02
11:01:52,8/22/20,6.975,4.95E-03,1.29E-02,-3.02E-04,6.98E-03,33.00257,2.14E-06,-1.68E-07,1.69E-05,101.0838,0.6559639,4.68E-02,1811.086,3.06E-02,0.0575735,2.54E-02,4.78E-02
11:05:52,8/22/20,6.991667,1.83E-02,0.0164212,-2.43E-03,8.60E-03,32.8604,7.74E-06,-1.35E-06,1.98E-05,101.087,0.6567151,0.0467065,1811.55,3.57E-02,0.1374814,2.96E-02,0.1141095
11:09:52,8/22/20,6.941667,6.82E-03,1.67E-02,8.73E-04,1.01E-02,32.95214,3.09E-06,4.83E-07,-6.36E-06,101.0909,0.6522301,4.68E-02,1812.667,-0.0115219,0.1348047,-9.56E-03,0.1118879
11:13:52,8/22/20,6.966667,4.07E-03,0.0188644,-6.00E-04,9.29E-03,32.99802,1.73E-06,-3.36E-07,1.59E-05,101.0914,0.655389,0.0468089,1809.941,2.88E-02,5.30E-02,2.39E-02,4.40E-02
11:17:52,8/22/20,6.983333,5.79E-03,0.018633,1.74E-03,8.14E-03,32.94167,2.74E-06,9.68E-07,-2.50E-05,101.0807,0.6507767,4.67E-02,1812.745,-4.53E-02,0.0386247,-3.76E-02,0.0320585
11:21:52,8/22/20,6.95,-7.33E-03,1.40E-02,-9.86E-04,6.58E-03,32.9285,-3.33E-06,-5.46E-07,1.01E-05,101.0647,0.6553768,4.66E-02,1811.718,1.84E-02,0.1840813,1.53E-02,0.1527875
11:25:52,8/22/20,6.975,3.35E-03,1.15E-02,6.03E-04,9.39E-03,32.897,1.54E-06,3.33E-07,7.80E-06,101.0317,0.6558319,4.64E-02,1809.178,0.0141236,3.95E-02,1.17E-02,0.0328058
11:29:52,8/22/20,6.958333,5.79E-04,1.90E-02,1.73E-03,8.99E-03,32.85472,4.47E-07,9.56E-07,-4.49E-07,101.035,0.6557416,4.65E-02,1811.138,-8.01E-04,3.49E-02,-6.65E-04,2.90E-02
11:33:52,8/22/20,6.966667,3.09E-03,1.66E-02,-2.59E-03,7.38E-03,33.0379,1.06E-06,-1.44E-06,2.01E-05,101.0399,0.6601996,4.64E-02,1810.982,3.63E-02,5.58E-02,3.02E-02,0.0463175
11:37:52,8/22/20,6.983333,5.12E-04,9.17E-03,9.53E-04,0.0078309,32.86649,3.38E-07,5.30E-07,1.37E-05,101.0525,0.6531973,4.64E-02,1811.435,2.49E-02,3.95E-02,2.06E-02,3.28E-02
11:41:52,8/22/20,6.941667,-1.98E-03,1.28E-02,1.46E-03,7.62E-03,32.99385,-6.96E-07,8.11E-07,8.23E-06,101.0675,0.6562414,4.63E-02,1810.996,1.49E-02,4.72E-02,1.24E-02,3.92E-02
11:45:52,8/22/20,6.966667,9.86E-03,1.74E-02,8.20E-04,8.13E-03,32.95969,4.43E-06,4.55E-07,1.09E-05,101.0769,0.654998,4.62E-02,1809.753,1.98E-02,6.47E-02,1.64E-02,5.37E-02
11:47:53,8/22/20,6.983333,1.20E-02,0.0205394,2.18E-03,1.34E-02,32.97255,5.53E-06,1.22E-06,1.51E-05,101.0801,0.6502345,4.64E-02,1810.248,2.73E-02,0.1433108,2.26E-02,0.1189479
11:51:53,8/22/20,6.958333,-8.95E-03,2.36E-02,8.39E-04,8.57E-03,32.81777,-3.84E-06,4.71E-07,-5.05E-06,101.0688,0.654907,4.62E-02,1808.927,-9.19E-03,6.35E-02,-7.63E-03,0.0526942
11:55:53,8/22/20,6.991667,1.65E-02,2.16E-02,1.93E-03,9.40E-03,32.96404,7.46E-06,1.07E-06,3.38E-05,101.0599,0.6545998,4.63E-02,1811.547,0.0611393,4.68E-02,5.07E-02,3.89E-02
11:59:53,8/22/20,6.966667,-7.05E-03,1.04E-02,9.95E-04,6.61E-03,32.95454,-2.99E-06,5.54E-07,2.08E-05,101.0598,0.6508597,4.63E-02,1810.145,0.0377028,4.46E-02,3.13E-02,3.70E-02
12:03:53,8/22/20,6.975,-2.90E-03,2.44E-02,6.08E-03,3.05E-02,32.89355,-5.61E-07,3.41E-06,-7.60E-06,101.06,0.648027,4.65E-02,1810.941,-0.0139664,0.1523539,-1.16E-02,0.1264537
12:07:53,8/22/20,6.95,-1.57E-03,0.0119729,-1.33E-03,7.66E-03,32.94027,-8.38E-07,-7.35E-07,-2.24E-05,101.0607,0.6527772,4.63E-02,1813.006,-4.07E-02,0.1425396,-3.38E-02,0.1183079
12:11:53,8/22/20,6.941667,7.77E-03,1.22E-02,2.32E-03,1.01E-02,32.92647,3.68E-06,1.29E-06,9.38E-05,101.0576,0.6629919,0.0462983,1810.379,0.1686376,0.6119246,0.1399692,0.5078974
12:15:53,8/22/20,6.983333,0.0016365,0.0137748,1.08E-03,1.03E-02,32.96602,8.45E-07,6.00E-07,3.02E-05,101.0514,0.6566895,4.62E-02,1810.733,5.47E-02,0.038543,4.54E-02,3.20E-02
12:19:53,8/22/20,6.941667,1.57E-02,2.02E-02,1.40E-03,7.30E-03,32.9724,7.09E-06,7.75E-07,9.57E-05,101.0424,0.6646881,4.63E-02,1810.567,0.1715845,0.5874884,0.1424152,0.4876153
12:23:53,8/22/20,6.958333,3.98E-03,2.27E-02,-3.05E-03,9.05E-03,32.9233,1.39E-06,-1.70E-06,2.71E-06,101.0309,0.6541955,4.63E-02,1811.733,4.95E-03,3.51E-02,4.11E-03,2.91E-02
12:27:53,8/22/20,6.991667,1.42E-03,1.58E-02,-2.75E-03,8.34E-03,33.01272,3.02E-07,-1.53E-06,1.39E-05,101.0173,0.6555828,4.61E-02,1811.115,2.52E-02,4.95E-02,2.10E-02,4.10E-02
12:31:53,8/22/20,6.975,-4.92E-03,1.28E-02,1.44E-03,6.98E-03,32.90027,-2.00E-06,8.00E-07,3.09E-07,101.0082,0.652218,4.63E-02,1812.307,5.60E-04,2.61E-02,4.65E-04,0.0216637
12:35:53,8/22/20,6.95,-5.98E-03,1.74E-02,-7.35E-04,9.85E-03,32.85468,-2.72E-06,-4.10E-07,3.62E-06,101.0115,0.6569417,4.62E-02,1807.571,6.64E-03,9.42E-02,5.51E-03,7.82E-02
12:39:53,8/22/20,6.966667,4.76E-03,1.18E-02,1.50E-03,7.57E-03,32.84607,2.27E-06,8.34E-07,1.86E-05,101.0028,0.655715,4.64E-02,1811.381,0.0336926,2.69E-02,2.80E-02,2.24E-02
12:43:53,8/22/20,6.95,0.0112533,1.91E-02,-2.97E-04,8.23E-03,32.89204,4.91E-06,-1.66E-07,-2.60E-06,100.993,0.6503368,4.63E-02,1810.994,-4.72E-03,0.1048928,-3.92E-03,8.71E-02
12:47:53,8/22/20,6.975,2.37E-03,1.76E-02,7.00E-04,7.33E-03,32.97395,1.12E-06,3.90E-07,-1.50E-05,100.99,0.6534742,4.64E-02,1807.344,-2.71E-02,4.59E-02,-2.25E-02,3.81E-02
12:51:53,8/22/20,6.966667,5.39E-03,1.51E-02,-1.16E-03,9.65E-03,32.93427,2.24E-06,-6.48E-07,3.72E-05,100.9857,0.6594114,4.64E-02,1809.306,6.73E-02,4.28E-02,0.0558584,3.55E-02
12:55:53,8/22/20,6.941667,-6.82E-04,2.33E-02,-2.11E-03,7.58E-03,32.95165,-5.45E-07,-1.18E-06,-7.39E-06,100.9844,0.6557988,0.0466187,1809.799,-1.34E-02,2.86E-02,-1.11E-02,0.0237657
12:59:53,8/22/20,6.991667,4.12E-03,0.0153309,-3.30E-03,8.42E-03,32.96332,1.43E-06,-1.84E-06,-2.30E-05,100.9822,0.6624606,4.65E-02,1808.356,-4.16E-02,3.99E-02,-3.45E-02,3.31E-02
13:03:53,8/22/20,6.983333,1.49E-03,0.0150883,-1.29E-03,6.57E-03,32.9498,5.02E-07,-7.18E-07,-3.42E-06,100.9783,0.6592649,0.0466762,1808.745,-6.19E-03,2.33E-02,-5.13E-03,1.94E-02
13:07:53,8/22/20,6.958333,-1.32E-03,1.38E-02,2.02E-04,9.38E-03,32.95182,-5.64E-07,1.11E-07,3.85E-05,100.9731,0.6641451,4.65E-02,1808.179,6.97E-02,7.87E-02,5.79E-02,6.53E-02
13:11:53,8/22/20,6.941667,2.23E-03,1.73E-02,6.34E-04,8.18E-03,32.84092,1.06E-06,3.54E-07,4.73E-05,100.9665,0.6686208,4.63E-02,1807.803,8.49E-02,0.4642329,7.05E-02,0.3853133
13:15:53,8/22/20,6.966667,2.58E-04,1.07E-02,1.33E-03,8.78E-03,32.96579,2.67E-07,7.38E-07,2.09E-05,100.9684,0.6660165,4.65E-02,1807.765,3.79E-02,3.95E-02,3.14E-02,3.28E-02
13:19:53,8/22/20,6.95,-6.39E-04,1.42E-02,-6.18E-04,8.93E-03,33.05053,-3.51E-07,-3.45E-07,4.79E-05,100.9678,0.6634374,4.64E-02,1806.339,8.60E-02,0.3190589,7.14E-02,0.2648189
13:23:53,8/22/20,6.983333,-2.91E-03,1.91E-02,-1.16E-03,1.09E-02,32.89793,-1.41E-06,-6.48E-07,2.84E-05,100.9666,0.6644658,0.0463547,1808.331,5.13E-02,4.57E-02,4.26E-02,3.79E-02
13:27:53,8/22/20,6.991667,-1.50E-03,1.66E-02,-5.32E-05,6.64E-03,32.91977,-6.67E-07,-2.83E-08,2.12E-05,100.9666,0.6663181,4.64E-02,1808.852,3.83E-02,4.91E-02,3.18E-02,4.08E-02
13:31:53,8/22/20,6.975,1.32E-02,1.74E-02,-2.73E-03,8.47E-03,32.92642,5.52E-06,-1.53E-06,1.88E-06,100.964,0.6621483,4.64E-02,1806.981,3.40E-03,2.90E-02,2.82E-03,2.40E-02
13:35:53,8/22/20,6.958333,5.83E-03,1.39E-02,6.24E-04,7.37E-03,32.9405,2.64E-06,3.46E-07,9.26E-06,100.9641,0.6658412,0.0462765,1806.588,1.67E-02,0.1528911,1.39E-02,0.1268996
13:39:53,8/22/20,6.966667,-5.68E-03,1.56E-02,4.20E-04,8.20E-03,32.92432,-2.45E-06,2.37E-07,5.21E-07,100.9543,0.6693038,4.64E-02,1808.011,9.54E-04,4.27E-02,7.92E-04,3.54E-02
13:43:53,8/22/20,6.958333,1.12E-02,1.85E-02,3.49E-03,8.60E-03,32.87455,5.34E-06,1.94E-06,-7.22E-06,100.9587,0.6650307,4.76E-02,1806.499,-1.30E-02,1.60E-02,-1.08E-02,1.33E-02
13:47:53,8/22/20,6.983333,-5.50E-03,1.22E-02,1.85E-03,8.97E-03,32.8967,-2.20E-06,1.03E-06,1.06E-05,100.9477,0.6709115,4.73E-02,1806.53,0.0191231,3.85E-02,1.59E-02,3.20E-02
13:51:53,8/22/20,6.941667,5.39E-03,1.00E-02,-3.16E-03,8.79E-03,32.92113,2.01E-06,-1.76E-06,2.41E-05,100.9443,0.6672176,4.70E-02,1807.738,4.35E-02,5.31E-02,3.61E-02,4.40E-02
13:55:53,8/22/20,6.95,-1.56E-03,1.98E-02,3.55E-04,8.30E-03,32.90944,-6.44E-07,1.98E-07,-2.87E-06,100.9447,0.6655008,4.69E-02,1805.835,-5.16E-03,5.10E-02,-4.28E-03,4.23E-02
13:59:53,8/22/20,6.991667,5.95E-03,0.0219449,-1.77E-03,7.66E-03,32.97535,2.41E-06,-9.88E-07,-4.68E-06,100.9412,0.6604255,4.66E-02,1805.767,-8.45E-03,0.1541395,-7.02E-03,0.1279358
14:03:53,8/22/20,6.975,4.61E-03,1.79E-02,-2.85E-03,8.13E-03,32.95848,1.71E-06,-1.59E-06,-9.80E-06,100.9417,0.6605551,4.65E-02,1806.836,-1.77E-02,4.70E-02,-1.47E-02,3.90E-02
14:07:53,8/22/20,6.991667,-1.50E-02,2.23E-02,2.92E-04,6.15E-03,32.91879,-6.59E-06,1.66E-07,2.37E-05,100.9335,0.6664734,0.0464105,1807.7,4.28E-02,0.1053402,3.55E-02,8.74E-02
14:11:53,8/22/20,6.966667,-4.38E-03,1.26E-02,1.09E-04,6.72E-03,32.91764,-1.92E-06,6.04E-08,3.65E-07,100.9227,0.6641834,0.046412,1803.885,6.83E-04,2.34E-02,5.66E-04,0.0193873
14:15:53,8/22/20,6.941667,-0.0034747,2.79E-02,1.38E-03,8.84E-03,32.88723,-1.36E-06,7.72E-07,1.01E-04,100.9083,0.667681,4.62E-02,1806.477,0.1822543,0.5905554,0.151271,0.490161
14:19:53,8/22/20,6.95,-1.16E-03,1.54E-02,7.90E-04,8.07E-03,32.95782,-4.25E-07,4.43E-07,-1.02E-05,100.9025,0.6647973,0.0463163,1806.004,-1.84E-02,3.10E-02,-1.53E-02,2.57E-02
14:23:53,8/22/20,6.958333,6.46E-04,2.72E-02,4.75E-03,0.0078369,32.92863,8.29E-07,2.66E-06,1.16E-04,100.891,0.6750659,4.65E-02,1801.879,0.207575,0.6454454,0.1722872,0.5357197
14:27:53,8/22/20,6.983333,1.59E-04,1.96E-02,2.46E-03,7.99E-03,32.88855,3.59E-07,1.37E-06,-2.19E-05,100.8879,0.6664068,4.63E-02,1805.992,-3.96E-02,4.93E-02,-0.0328312,4.09E-02
14:31:53,8/22/20,6.975,1.62E-02,1.66E-02,7.84E-04,8.65E-03,32.89897,7.21E-06,4.34E-07,4.14E-05,100.8798,0.668936,4.64E-02,1804.74,7.47E-02,5.38E-02,6.20E-02,4.47E-02
14:35:53,8/22/20,6.991667,-6.56E-03,1.43E-02,-1.76E-03,8.24E-03,32.9366,-3.10E-06,-9.84E-07,2.11E-06,100.8804,0.664938,4.64E-02,1802.255,3.80E-03,4.13E-02,3.15E-03,3.43E-02
14:39:53,8/22/20,6.941667,-2.76E-02,2.39E-02,3.04E-03,8.73E-03,32.90397,-1.18E-05,1.70E-06,4.82E-05,100.8821,0.6652186,4.64E-02,1804.259,8.66E-02,0.3296402,7.19E-02,0.2736013
14:43:53,8/22/20,6.966667,2.91E-03,2.31E-02,-3.56E-03,9.05E-03,32.92527,8.62E-07,-1.99E-06,2.75E-06,100.8771,0.6631812,4.65E-02,1805.689,4.97E-03,4.18E-02,0.0041225,3.47E-02
14:47:53,8/22/20,6.983333,6.39E-03,1.78E-02,2.40E-03,7.10E-03,32.976,3.10E-06,1.34E-06,-2.09E-06,100.8806,0.658265,4.65E-02,1804.99,-3.78E-03,2.71E-02,-3.14E-03,2.25E-02
14:51:53,8/22/20,6.95,2.84E-03,1.50E-02,9.92E-04,8.11E-03,32.98042,1.37E-06,5.52E-07,2.70E-05,100.8844,0.6671423,4.66E-02,1805.011,4.88E-02,5.55E-02,0.0405436,4.61E-02
14:55:53,8/22/20,6.975,-2.65E-02,2.14E-02,1.06E-03,8.70E-03,32.86007,-1.16E-05,5.94E-07,-3.86E-05,100.8848,0.6670293,4.65E-02,1803.495,-6.96E-02,4.66E-02,-5.78E-02,0.0386713
14:59:53,8/22/20,6.958333,-5.08E-03,2.12E-02,1.05E-03,8.16E-03,32.88922,-2.11E-06,5.90E-07,1.02E-05,100.8823,0.667954,4.64E-02,1804.715,0.0183937,4.19E-02,1.53E-02,3.48E-02
15:03:53,8/22/20,6.966667,9.93E-04,1.91E-02,2.46E-03,7.18E-03,32.96115,7.21E-07,1.37E-06,3.07E-05,100.8833,0.6704504,4.64E-02,1806.317,0.0554448,6.39E-02,4.60E-02,5.31E-02
15:07:53,8/22/20,6.983333,-1.65E-02,1.91E-02,2.09E-03,7.74E-03,32.8974,-7.06E-06,1.17E-06,-1.94E-06,100.876,0.6608271,4.65E-02,1803.226,-3.52E-03,2.48E-02,-2.92E-03,2.06E-02
15:11:53,8/22/20,6.941667,2.04E-03,1.11E-02,2.68E-03,7.83E-03,32.88292,1.21E-06,1.49E-06,3.16E-06,100.8787,0.6668581,4.66E-02,1805.076,5.71E-03,4.30E-02,4.74E-03,0.035666
15:15:53,8/22/20,6.966667,-3.84E-03,1.74E-02,-1.66E-03,8.10E-03,32.9374,-1.89E-06,-9.24E-07,2.53E-05,100.8796,0.6694453,4.65E-02,1806.897,0.0456881,4.16E-02,3.79E-02,3.45E-02
15:17:54,8/22/20,6.983333,5.71E-03,1.19E-02,-1.93E-03,7.18E-03,32.94508,2.29E-06,-1.08E-06,-4.34E-06,100.8801,0.6621122,4.63E-02,1805.494,-7.84E-03,3.55E-02,-6.51E-03,2.95E-02
15:21:54,8/22/20,6.958333,-4.20E-03,1.28E-02,-6.42E-04,9.19E-03,32.91505,-1.93E-06,-3.57E-07,3.59E-05,100.8757,0.671653,4.63E-02,1805.539,6.49E-02,0.0440885,5.39E-02,3.66E-02
15:25:54,8/22/20,6.991667,-6.17E-03,1.71E-02,-2.90E-04,7.04E-03,32.93005,-2.75E-06,-1.60E-07,1.87E-07,100.8794,0.6692538,4.63E-02,1805.545,3.32E-04,2.52E-02,2.76E-04,2.09E-02
15:29:54,8/22/20,6.966667,6.59E-03,3.14E-02,-1.59E-03,6.89E-03,32.88125,2.73E-06,-8.90E-07,-3.93E-06,100.8814,0.6653737,4.65E-02,1805.072,-7.11E-03,2.56E-02,-5.90E-03,2.12E-02
15:33:54,8/22/20,6.975,1.16E-02,1.40E-02,-1.58E-03,1.00E-02,32.95005,4.94E-06,-8.79E-07,1.88E-07,100.8832,0.6603833,0.046607,1807.182,3.38E-04,0.016211,2.81E-04,1.35E-02
15:37:54,8/22/20,6.95,1.25E-02,1.46E-02,8.74E-04,8.38E-03,32.9554,5.60E-06,4.85E-07,1.04E-05,100.8888,0.6674346,0.046554,1804.697,1.89E-02,0.1433516,1.57E-02,0.1189818
15:41:54,8/22/20,6.941667,5.40E-03,1.41E-02,1.90E-03,9.69E-03,32.8833,2.60E-06,1.06E-06,2.55E-05,100.8896,0.6684456,4.66E-02,1803.454,4.61E-02,4.81E-02,3.82E-02,0.039932
15:45:54,8/22/20,6.983333,-1.82E-03,1.60E-02,-2.30E-03,0.0086874,32.77713,-1.07E-06,-1.28E-06,3.08E-05,100.8939,0.6705437,4.66E-02,1807.37,5.58E-02,5.27E-02,4.63E-02,0.0437674
15:49:54,8/22/20,6.941667,-8.68E-03,1.40E-02,-0.0020086,9.85E-03,32.98927,-4.06E-06,-1.12E-06,4.55E-05,100.8937,0.6714239,4.65E-02,1806.001,8.18E-02,0.327263,6.79E-02,0.2716283
15:53:54,8/22/20,6.958333,4.63E-03,1.76E-02,-2.58E-03,7.62E-03,32.84893,1.75E-06,-1.44E-06,2.83E-05,100.9086,0.6683902,4.65E-02,1805.421,5.12E-02,4.65E-02,4.25E-02,3.86E-02
15:57:54,8/22/20,6.991667,2.68E-03,1.28E-02,1.29E-04,9.08E-03,32.8784,1.19E-06,7.31E-08,3.54E-06,100.9496,0.6637961,4.67E-02,1806.584,6.40E-03,4.95E-02,5.31E-03,4.11E-02
16:01:54,8/22/20,6.975,-5.85E-03,1.37E-02,8.94E-04,6.24E-03,32.7542,-2.47E-06,4.99E-07,4.93E-06,100.9685,0.658017,4.66E-02,1809.075,8.92E-03,2.23E-02,7.41E-03,1.85E-02
16:05:54,8/22/20,6.95,8.95E-03,1.09E-02,2.25E-04,0.0076343,32.86533,3.97E-06,1.24E-07,5.91E-06,100.9778,0.6586123,4.66E-02,1806.849,1.07E-02,3.15E-02,8.87E-03,2.62E-02
16:09:54,8/22/20,6.966667,-1.23E-02,1.86E-02,-2.06E-03,1.12E-02,32.981,-5.66E-06,-1.14E-06,-3.85E-06,101.0037,0.6550487,4.65E-02,1808.122,-6.97E-03,0.1546483,-5.78E-03,0.1283581
16:13:54,8/22/20,6.95,4.39E-03,2.13E-02,-4.04E-03,8.84E-03,32.84684,1.46E-06,-2.25E-06,1.87E-06,101.0238,0.6498212,4.67E-02,1808.23,3.35E-03,4.88E-02,2.78E-03,4.05E-02
16:17:54,8/22/20,6.975,-7.86E-03,1.31E-02,1.94E-03,6.08E-03,32.76802,-3.23E-06,1.09E-06,6.77E-06,101.0111,0.6523701,4.68E-02,1806.806,1.21E-02,0.1368472,1.00E-02,0.1135832
16:21:54,8/22/20,6.966667,-1.42E-03,1.57E-02,1.66E-03,7.43E-03,32.94595,-4.32E-07,9.26E-07,-3.09E-05,101.0089,0.6544492,0.0468731,1807.828,-0.0557351,0.1745544,-4.63E-02,0.1448802
16:25:54,8/22/20,6.941667,7.53E-03,1.93E-02,-2.48E-03,8.62E-03,32.8466,3.03E-06,-1.38E-06,-5.39E-06,101.001,0.648513,4.66E-02,1809.192,-9.76E-03,1.98E-02,-8.10E-03,0.0163973
16:29:54,8/22/20,6.991667,-8.70E-03,1.57E-02,1.89E-03,8.45E-03,32.8984,-3.60E-06,1.05E-06,1.52E-05,101.0159,0.6554437,0.0466971,1809.172,2.76E-02,3.91E-02,2.29E-02,0.0324414
16:33:54,8/22/20,6.983333,-1.66E-03,1.87E-02,2.01E-03,7.43E-03,32.83733,-4.94E-07,1.12E-06,-5.21E-07,101.0238,0.6503408,0.0466989,1809.987,-9.41E-04,2.37E-02,-7.81E-04,1.97E-02
16:37:54,8/22/20,6.958333,-1.02E-02,1.59E-02,2.53E-03,8.38E-03,32.83953,-4.17E-06,1.41E-06,2.95E-06,101.0212,0.653568,0.0467593,1809.25,5.27E-03,0.2104331,4.38E-03,0.1746595
16:41:54,8/22/20,6.941667,2.17E-05,1.16E-02,-2.88E-03,9.26E-03,32.92547,-3.28E-07,-1.61E-06,-4.04E-05,101.0127,0.6528593,4.65E-02,1808.948,-7.32E-02,0.2099328,-6.08E-02,0.1742442
16:45:54,8/22/20,6.966667,-4.95E-03,1.05E-02,-1.31E-03,8.02E-03,33.00457,-2.33E-06,-7.29E-07,2.81E-06,101.0208,0.6528683,4.66E-02,1809.118,5.07E-03,3.99E-02,4.21E-03,3.31E-02
16:49:54,8/22/20,6.95,7.32E-03,1.53E-02,-1.63E-03,7.61E-03,32.74332,3.02E-06,-9.10E-07,-3.12E-07,101.021,0.6464203,4.66E-02,1809.656,-5.80E-04,2.36E-02,-4.81E-04,1.96E-02
16:53:54,8/22/20,6.983333,6.57E-03,1.89E-02,1.51E-03,2.86E-02,32.75644,3.08E-06,8.84E-07,5.56E-06,101.033,0.6478017,0.0468163,1807.483,9.64E-03,0.2021529,8.00E-03,0.1677869
16:57:54,8/22/20,6.991667,-4.77E-03,9.57E-03,8.57E-04,7.83E-03,32.86422,-2.00E-06,4.79E-07,9.06E-06,101.0337,0.650521,4.65E-02,1809.63,1.64E-02,0.1413464,1.36E-02,0.1173175
17:01:54,8/22/20,6.975,-5.63E-03,2.30E-02,-3.62E-03,1.01E-02,32.9946,-2.90E-06,-2.02E-06,6.98E-06,101.0421,0.6455273,4.64E-02,1808.107,1.26E-02,7.20E-02,1.05E-02,5.97E-02
17:05:54,8/22/20,6.958333,-1.86E-03,8.08E-03,-2.24E-03,8.32E-03,32.82037,-1.08E-06,-1.25E-06,2.29E-05,101.0335,0.648309,0.0465031,1808.579,4.14E-02,5.66E-02,3.43E-02,4.70E-02
17:09:54,8/22/20,6.966667,3.08E-03,1.51E-02,2.80E-03,8.99E-03,32.76822,1.68E-06,1.56E-06,-1.01E-06,101.0317,0.6507347,4.65E-02,1809.974,-1.80E-03,4.15E-02,-1.50E-03,3.44E-02
17:13:54,8/22/20,6.958333,1.55E-03,2.27E-02,4.11E-03,8.14E-03,32.9622,1.16E-06,2.28E-06,-8.75E-06,101.0251,0.6410299,4.65E-02,1809.856,-1.58E-02,2.09E-02,-1.31E-02,1.74E-02
17:17:54,8/22/20,6.983333,3.62E-03,1.65E-02,-1.42E-03,6.16E-03,32.84395,1.43E-06,-7.92E-07,-3.48E-06,101.0184,0.6479844,0.0463756,1809.368,-6.33E-03,0.1584055,-5.25E-03,0.1314765
17:21:54,8/22/20,6.941667,-7.96E-03,2.07E-02,3.20E-03,8.72E-03,32.85522,-3.13E-06,1.79E-06,9.84E-05,101.0274,0.6594411,4.66E-02,1807.96,0.1763969,0.5895857,0.1464094,0.4893561
17:25:54,8/22/20,6.95,3.53E-03,1.11E-02,-1.00E-03,8.52E-03,32.89798,1.43E-06,-5.58E-07,-9.87E-06,101.0302,0.6519595,4.67E-02,1810.443,-1.79E-02,3.96E-02,-1.48E-02,3.29E-02
17:29:54,8/22/20,6.991667,2.43E-02,2.95E-02,-1.21E-03,7.65E-03,32.80482,1.05E-05,-6.78E-07,-2.13E-06,101.0172,0.64978,4.66E-02,1807.915,-3.83E-03,3.06E-02,-3.18E-03,0.0254202
17:33:54,8/22/20,6.975,1.06E-03,1.58E-02,1.58E-03,6.99E-03,32.88459,6.52E-07,8.77E-07,-4.96E-06,101.0297,0.646289,4.65E-02,1809.976,-8.95E-03,4.52E-02,-7.43E-03,0.0375146
17:37:54,8/22/20,6.991667,1.42E-02,2.84E-02,2.95E-03,8.11E-03,32.90903,6.59E-06,1.64E-06,-1.33E-05,101.0346,0.6495977,0.0464222,1810.481,-2.41E-02,6.07E-02,-0.0200179,5.04E-02
17:41:54,8/22/20,6.966667,-7.41E-03,1.76E-02,-2.97E-04,8.42E-03,32.92064,-3.29E-06,-1.66E-07,5.33E-07,101.0307,0.6441829,4.65E-02,1808.509,9.76E-04,2.25E-02,8.10E-04,1.87E-02
17:45:54,8/22/20,6.941667,-1.40E-02,2.13E-02,1.61E-04,9.30E-03,32.84385,-6.16E-06,9.19E-08,-1.30E-06,101.0308,0.6411006,4.64E-02,1809.477,-2.36E-03,2.09E-02,-1.96E-03,1.73E-02
17:49:54,8/22/20,6.95,7.99E-03,2.02E-02,-2.03E-03,8.73E-03,32.87635,3.27E-06,-1.13E-06,7.68E-06,101.025,0.6464824,4.63E-02,1810.285,0.0138958,3.55E-02,1.15E-02,2.95E-02
17:53:54,8/22/20,6.958333,-5.78E-03,1.87E-02,-4.57E-03,1.01E-02,32.81565,-3.08E-06,-2.54E-06,-1.42E-05,101.0237,0.6467486,4.64E-02,1810.111,-2.57E-02,9.09E-02,-2.13E-02,7.55E-02
17:57:54,8/22/20,6.983333,-1.58E-02,2.28E-02,2.13E-03,1.02E-02,32.91959,-6.70E-06,1.19E-06,2.68E-05,101.0259,0.6509328,4.64E-02,1808.944,4.85E-02,4.45E-02,0.0402922,3.70E-02
18:01:54,8/22/20,6.975,-9.82E-04,1.55E-02,1.36E-03,9.53E-03,32.94425,-2.76E-07,7.52E-07,-6.44E-06,101.0269,0.6491941,4.64E-02,1808.523,-1.15E-02,0.1846848,-9.54E-03,0.1532884
18:05:54,8/22/20,6.991667,8.21E-04,0.0126355,6.84E-04,8.99E-03,32.8546,4.40E-07,3.82E-07,1.71E-06,101.0347,0.6509638,4.64E-02,1808.333,3.10E-03,4.44E-02,2.57E-03,3.68E-02
18:09:54,8/22/20,6.941667,3.56E-03,1.53E-02,-3.68E-04,7.98E-03,32.79449,1.52E-06,-2.06E-07,-3.09E-07,101.0377,0.6480485,4.64E-02,1809.875,-5.67E-04,2.17E-02,-4.71E-04,1.80E-02
18:13:54,8/22/20,6.966667,-1.62E-02,2.20E-02,8.52E-04,6.47E-03,32.8976,-7.01E-06,4.78E-07,1.33E-06,101.0413,0.6488913,4.64E-02,1808.107,2.40E-03,2.14E-02,1.99E-03,1.77E-02
18:17:54,8/22/20,6.983333,-1.63E-03,1.22E-02,-1.70E-03,9.07E-03,32.92715,-9.15E-07,-9.46E-07,-7.96E-07,101.0476,0.6433759,4.63E-02,1808.746,-1.43E-03,1.99E-02,-1.19E-03,1.65E-02
18:21:54,8/22/20,6.95,-4.86E-03,1.99E-02,4.54E-03,9.48E-03,32.92605,-1.61E-06,2.53E-06,1.11E-05,101.0562,0.6482312,4.64E-02,1809.24,2.00E-02,4.31E-02,1.66E-02,3.58E-02
18:25:54,8/22/20,6.975,-9.66E-04,0.0162693,4.25E-03,1.00E-02,32.91584,7.08E-08,2.36E-06,6.86E-06,101.0622,0.646304,4.64E-02,1812.043,1.24E-02,2.63E-02,1.03E-02,2.18E-02
18:29:54,8/22/20,6.958333,-8.52E-03,2.08E-02,-1.16E-03,8.19E-03,32.84113,-3.88E-06,-6.43E-07,1.62E-06,101.0713,0.6479852,4.64E-02,1809.931,0.0029366,4.63E-02,2.44E-03,0.0383979
18:33:54,8/22/20,6.966667,-1.27E-04,0.0135101,-8.78E-04,8.05E-03,32.88334,-1.59E-07,-4.87E-07,1.72E-06,101.0661,0.6467698,4.63E-02,1809.909,3.13E-03,3.13E-02,2.60E-03,2.60E-02
18:37:54,8/22/20,6.983333,5.75E-03,0.0130571,-1.20E-03,8.14E-03,32.93758,2.38E-06,-6.70E-07,6.13E-07,101.0653,0.6400775,4.64E-02,1811.317,1.11E-03,1.83E-02,9.23E-04,1.52E-02
18:41:54,8/22/20,6.941667,1.51E-02,2.12E-02,3.84E-03,9.35E-03,32.87574,7.09E-06,2.13E-06,2.66E-05,101.0658,0.6458745,4.64E-02,1811.529,4.81E-02,5.49E-02,3.99E-02,4.55E-02
18:45:54,8/22/20,6.966667,8.81E-04,1.70E-02,-2.52E-03,7.99E-03,32.79068,8.99E-08,-1.40E-06,3.02E-06,101.0649,0.6431774,4.64E-02,1810.087,5.51E-03,0.1429455,4.57E-03,0.1186447
18:47:55,8/22/20,6.983333,4.17E-03,1.44E-02,-1.45E-03,8.35E-03,32.77172,1.66E-06,-8.03E-07,-5.32E-06,101.0685,0.638196,4.62E-02,1812.367,-9.62E-03,0.0293129,-7.98E-03,2.43E-02
18:51:55,8/22/20,6.958333,1.39E-02,1.95E-02,-8.41E-04,8.65E-03,32.8843,6.02E-06,-4.69E-07,1.94E-05,101.0754,0.6437488,4.64E-02,1810.012,3.51E-02,5.27E-02,2.92E-02,4.37E-02
18:55:55,8/22/20,6.991667,-9.23E-03,2.86E-02,-2.76E-03,9.66E-03,32.8968,-4.36E-06,-1.53E-06,-1.16E-05,101.0729,0.6426814,4.64E-02,1811.107,-2.10E-02,0.1839971,-1.74E-02,0.1527176
18:59:55,8/22/20,6.966667,1.27E-02,1.56E-02,2.44E-03,1.09E-02,32.8078,5.87E-06,1.35E-06,9.74E-06,101.0842,0.6418535,4.64E-02,1812.842,1.76E-02,0.0221302,1.46E-02,1.84E-02
19:03:55,8/22/20,6.975,2.17E-03,1.52E-02,-2.08E-03,7.30E-03,32.83118,6.99E-07,-1.16E-06,2.17E-06,101.0874,0.6370779,4.63E-02,1811.082,3.93E-03,2.58E-02,3.26E-03,2.14E-02
19:07:55,8/22/20,6.95,7.13E-04,1.67E-02,-1.80E-03,8.08E-03,32.9072,1.05E-07,-1.00E-06,-2.74E-05,101.0959,0.6432263,4.64E-02,1812.167,-4.97E-02,0.158803,-0.0412496,0.1318065
19:11:55,8/22/20,6.941667,5.55E-04,2.49E-02,2.59E-03,9.40E-03,32.85579,5.42E-07,1.44E-06,1.31E-05,101.1002,0.6432942,0.0464326,1814.473,2.39E-02,0.1362364,1.98E-02,0.1130762
19:15:55,8/22/20,6.983333,3.01E-03,8.84E-03,2.47E-04,8.93E-03,32.88682,1.35E-06,1.38E-07,1.72E-05,101.104,0.6439673,4.64E-02,1814.547,3.12E-02,4.48E-02,2.59E-02,0.0372116
19:19:55,8/22/20,6.941667,-9.30E-04,1.68E-02,1.39E-03,7.78E-03,32.90739,-2.43E-07,7.75E-07,1.97E-05,101.1228,0.6462386,4.64E-02,1814.159,3.57E-02,3.47E-02,0.0296291,0.0287823
19:23:55,8/22/20,6.958333,-7.84E-03,2.50E-02,-1.18E-03,8.87E-03,32.75415,-3.58E-06,-6.56E-07,-4.20E-06,101.1054,0.6436787,4.65E-02,1815.32,-7.62E-03,0.1486964,-6.32E-03,0.123418
19:27:55,8/22/20,6.991667,1.02E-02,1.35E-02,-9.42E-04,7.86E-03,32.94072,4.36E-06,-5.25E-07,3.11E-06,101.1033,0.6435732,4.66E-02,1814.169,5.64E-03,3.17E-02,4.68E-03,0.0262928
19:31:55,8/22/20,6.975,-2.19E-03,1.68E-02,2.27E-03,0.01042,32.91719,-6.95E-07,1.26E-06,-1.79E-06,101.123,0.6387262,4.67E-02,1816.902,-3.26E-03,1.96E-02,-2.70E-03,1.63E-02
19:35:55,8/22/20,6.95,5.19E-03,1.46E-02,-1.90E-03,7.56E-03,32.88704,2.05E-06,-1.05E-06,8.37E-06,101.1221,0.6433139,0.0467148,1816.148,1.52E-02,4.79E-02,0.0126117,3.98E-02
19:39:55,8/22/20,6.966667,-1.56E-02,0.0224274,-2.56E-04,7.60E-03,32.91179,-6.88E-06,-1.39E-07,5.02E-06,101.1126,0.6439559,0.0468144,1815.407,9.12E-03,3.40E-02,7.57E-03,2.82E-02
19:43:55,8/22/20,6.95,-3.81E-02,2.24E-02,2.51E-04,6.47E-03,32.76287,-1.67E-05,1.48E-07,-2.03E-06,101.1174,0.6376363,0.0469291,1814.734,-3.71E-03,2.01E-02,-3.08E-03,0.0166875
19:47:55,8/22/20,6.975,9.86E-03,1.97E-02,3.75E-04,9.08E-03,32.8484,4.35E-06,2.04E-07,-1.94E-06,101.1215,0.6410721,4.69E-02,1817.871,-3.55E-03,2.57E-02,-2.95E-03,2.13E-02
19:51:55,8/22/20,6.966667,-3.24E-03,1.29E-02,-8.27E-04,7.95E-03,32.9082,-1.51E-06,-4.59E-07,6.87E-07,101.1325,0.6438205,4.71E-02,1818.9,1.23E-03,3.09E-02,1.02E-03,2.56E-02
19:55:55,8/22/20,6.941667,3.61E-04,1.21E-02,-3.28E-03,8.02E-03,32.87862,-2.17E-07,-1.82E-06,-5.24E-06,101.1462,0.6384932,4.72E-02,1818.213,-9.50E-03,2.76E-02,-7.89E-03,0.0229443
19:59:55,8/22/20,6.991667,3.73E-03,1.95E-02,4.31E-03,9.84E-03,32.80524,2.13E-06,2.38E-06,1.97E-05,101.1484,0.6438185,4.73E-02,1817.826,3.57E-02,4.71E-02,2.97E-02,3.91E-02
20:03:55,8/22/20,6.983333,-8.49E-04,2.31E-02,-1.11E-04,8.81E-03,32.8897,-3.77E-07,-6.21E-08,2.07E-05,101.136,0.6428295,4.76E-02,1818.375,3.76E-02,3.79E-02,3.12E-02,3.14E-02
20:07:55,8/22/20,6.958333,-6.40E-03,1.47E-02,-1.85E-03,9.17E-03,32.87888,-3.01E-06,-1.02E-06,-5.19E-06,101.145,0.6439492,4.77E-02,1819.823,-9.44E-03,2.91E-02,-7.84E-03,2.42E-02
20:11:55,8/22/20,6.941667,6.59E-03,1.57E-02,-1.72E-03,6.70E-03,32.77447,2.69E-06,-9.51E-07,4.42E-06,101.1539,0.6485763,4.79E-02,1819.184,8.03E-03,4.07E-02,6.67E-03,3.37E-02
20:15:55,8/22/20,6.966667,4.44E-03,1.59E-02,1.74E-04,8.32E-03,31.80654,1.97E-06,9.38E-08,2.40E-05,101.1529,0.6477326,4.82E-02,1818.156,4.36E-02,3.96E-02,3.62E-02,3.29E-02
20:19:55,8/22/20,6.95,1.45E-02,2.00E-02,-6.04E-04,7.75E-03,30.81334,6.28E-06,-3.38E-07,-8.45E-06,101.1612,0.6451671,4.82E-02,1811.914,-0.0152949,1.52E-02,-1.27E-02,1.26E-02
20:23:55,8/22/20,6.983333,3.43E-03,0.0147728,1.51E-03,9.08E-03,30.08935,1.68E-06,8.38E-07,-8.95E-06,101.1682,0.6656168,4.84E-02,1818.698,-1.63E-02,3.49E-02,-1.35E-02,2.90E-02
20:27:55,8/22/20,6.991667,1.61E-02,1.38E-02,-4.02E-03,9.95E-03,29.41127,6.58E-06,-2.22E-06,1.28E-05,101.1665,0.6908036,4.85E-02,1820.788,2.34E-02,2.99E-02,1.94E-02,2.48E-02
20:31:55,8/22/20,6.975,-6.90E-03,0.0195442,-5.59E-05,8.82E-03,28.69105,-3.02E-06,-2.94E-08,-1.85E-06,101.1825,0.7129929,4.88E-02,1821.616,-3.37E-03,2.78E-02,-2.80E-03,2.30E-02
20:35:55,8/22/20,6.958333,-2.55E-03,1.45E-02,2.17E-03,7.62E-03,28.03377,-8.62E-07,1.20E-06,-1.76E-05,101.1946,0.7404377,4.90E-02,1821.243,-3.21E-02,4.32E-02,-2.66E-02,3.59E-02
20:39:55,8/22/20,6.966667,-2.32E-03,1.93E-02,-0.0022033,8.55E-03,27.44954,-1.27E-06,-1.22E-06,9.47E-06,101.2003,0.7593917,4.93E-02,1818.251,1.72E-02,2.45E-02,1.43E-02,0.0203667
20:43:55,8/22/20,6.958333,9.93E-03,2.30E-02,-1.04E-04,9.93E-03,26.57685,4.34E-06,-5.73E-08,-2.18E-06,101.1983,0.766663,4.92E-02,1819.098,-3.99E-03,1.71E-02,-3.31E-03,1.42E-02
20:47:55,8/22/20,6.983333,6.00E-03,1.54E-02,-4.52E-04,8.75E-03,25.83123,2.59E-06,-2.50E-07,-2.71E-06,101.1937,0.7840142,4.92E-02,1814.949,-4.92E-03,2.06E-02,-4.08E-03,1.71E-02
20:51:55,8/22/20,6.941667,-3.67E-04,1.20E-02,-1.35E-03,7.34E-03,24.80282,-3.18E-07,-7.48E-07,-1.40E-05,101.1933,0.7949384,4.92E-02,1813.895,-2.53E-02,4.11E-02,-2.10E-02,3.41E-02
20:55:55,8/22/20,6.95,1.12E-02,0.0303395,1.01E-03,7.60E-03,24.11047,5.04E-06,5.59E-07,-1.09E-05,101.2045,0.8041877,4.92E-02,1814.993,-0.0198152,2.51E-02,-1.64E-02,2.08E-02
20:59:55,8/22/20,6.991667,-6.42E-03,9.78E-03,1.21E-03,7.72E-03,23.76402,-2.67E-06,6.75E-07,-4.68E-07,101.2087,0.8146349,4.90E-02,1819.485,-8.24E-04,2.52E-02,-6.84E-04,2.09E-02
21:03:55,8/22/20,6.975,4.31E-03,1.29E-02,1.04E-03,5.65E-03,23.22973,2.02E-06,5.75E-07,-4.08E-06,101.2157,0.8171418,0.0491218,1814.179,-7.41E-03,1.89E-02,-6.15E-03,1.56E-02
21:07:55,8/22/20,6.991667,-5.16E-03,2.10E-02,1.36E-03,8.42E-03,22.59042,-2.10E-06,7.56E-07,3.07E-06,101.2178,0.8324938,4.90E-02,1817.042,5.58E-03,2.46E-02,4.63E-03,2.04E-02
21:11:55,8/22/20,6.966667,-8.56E-03,2.38E-02,-7.72E-04,8.91E-03,22.2062,-3.85E-06,-4.29E-07,1.18E-06,101.2203,0.8350253,4.91E-02,1815.842,2.14E-03,2.03E-02,1.78E-03,1.68E-02
21:15:55,8/22/20,6.941667,-3.36E-03,1.41E-02,-1.87E-04,7.60E-03,21.81863,-1.50E-06,-1.01E-07,2.24E-05,101.2255,0.8418856,4.92E-02,1816.331,4.08E-02,2.90E-02,3.38E-02,2.41E-02
21:19:55,8/22/20,6.95,6.91E-03,1.45E-02,1.58E-03,7.75E-03,21.74364,3.21E-06,8.77E-07,3.74E-07,101.2303,0.847074,4.92E-02,1819.603,6.72E-04,1.31E-02,5.57E-04,1.09E-02
21:23:55,8/22/20,6.958333,0.0113335,2.10E-02,-3.27E-03,7.97E-03,21.61724,4.58E-06,-1.82E-06,2.20E-06,101.2178,0.8382753,4.93E-02,1820.865,4.00E-03,2.75E-02,3.32E-03,0.0228046
21:27:55,8/22/20,6.983333,-1.26E-03,1.74E-02,1.01E-03,1.03E-02,21.36437,-4.36E-07,5.59E-07,2.90E-07,101.2126,0.8243741,0.0492711,1817.893,5.40E-04,1.77E-02,4.48E-04,1.47E-02
21:31:55,8/22/20,6.975,-7.46E-03,1.18E-02,-6.06E-04,1.07E-02,21.20115,-3.34E-06,-3.35E-07,2.48E-07,101.2186,0.8127282,4.95E-02,1817.551,4.64E-04,0.0208966,3.85E-04,1.73E-02
21:35:55,8/22/20,6.991667,6.74E-03,1.70E-02,1.36E-03,9.91E-03,20.99667,3.10E-06,7.55E-07,8.48E-07,101.2188,0.8061575,4.94E-02,1821.53,1.53E-03,1.97E-02,1.27E-03,1.63E-02
21:39:55,8/22/20,6.941667,-3.81E-03,1.48E-02,-7.12E-04,8.76E-03,20.97248,-1.75E-06,-3.92E-07,-5.54E-06,101.2159,0.7977595,4.95E-02,1821.564,-1.01E-02,2.36E-02,-8.35E-03,1.96E-02
21:43:55,8/22/20,6.966667,5.50E-03,1.03E-02,-1.64E-03,8.08E-03,20.9058,2.22E-06,-9.07E-07,1.71E-06,101.2116,0.7958037,4.96E-02,1820.668,3.13E-03,2.26E-02,2.60E-03,1.88E-02
21:47:55,8/22/20,6.983333,8.77E-03,2.28E-02,-2.02E-03,8.77E-03,20.88013,3.61E-06,-1.12E-06,7.48E-07,101.2194,0.7806061,4.96E-02,1817.753,1.37E-03,0.0163861,1.13E-03,1.36E-02
21:51:55,8/22/20,6.95,-0.0105573,2.17E-02,-1.68E-03,8.99E-03,20.65635,-4.83E-06,-9.28E-07,-5.94E-07,101.2311,0.7760245,4.99E-02,1816.912,-1.10E-03,2.44E-02,-9.13E-04,2.02E-02
21:55:55,8/22/20,6.975,-4.52E-03,1.37E-02,-2.05E-03,8.74E-03,20.58468,-2.22E-06,-1.14E-06,-1.06E-06,101.234,0.774057,5.01E-02,1820.431,-1.92E-03,1.88E-02,-1.60E-03,1.56E-02
21:59:55,8/22/20,6.958333,-8.32E-03,0.0154643,-3.97E-03,6.95E-03,20.49595,-4.10E-06,-2.20E-06,8.36E-06,101.2319,0.7713051,5.00E-02,1822.268,1.52E-02,2.58E-02,1.26E-02,2.14E-02
22:03:55,8/22/20,6.966667,-2.59E-03,2.31E-02,-6.93E-04,9.64E-03,20.4664,-1.21E-06,-3.84E-07,-1.85E-06,101.2305,0.7665406,5.01E-02,1823.06,-3.36E-03,1.65E-02,-2.79E-03,1.37E-02
22:07:55,8/22/20,6.983333,4.05E-03,1.31E-02,-1.38E-03,8.47E-03,20.43929,1.61E-06,-7.64E-07,-2.23E-07,101.2344,0.7545637,5.03E-02,1823.395,-3.84E-04,2.16E-02,-3.19E-04,0.0178944
22:11:55,8/22/20,6.941667,-0.0120152,1.54E-02,1.83E-03,0.0070139,20.214,-5.04E-06,1.02E-06,8.73E-06,101.2426,0.7561089,5.02E-02,1820.679,1.59E-02,2.77E-02,1.32E-02,2.30E-02
22:15:55,8/22/20,6.966667,1.32E-03,1.33E-02,7.77E-04,8.61E-03,20.17113,6.60E-07,4.28E-07,1.32E-06,101.2492,0.7520575,5.03E-02,1822.443,2.39E-03,2.32E-02,1.99E-03,1.92E-02
22:17:56,8/22/20,6.983333,5.33E-03,1.74E-02,-4.01E-03,9.33E-03,20.2225,1.86E-06,-2.21E-06,-8.74E-06,101.2502,0.7472841,5.02E-02,1826.054,-1.60E-02,2.46E-02,-1.33E-02,2.04E-02
22:21:56,8/22/20,6.958333,1.22E-02,1.63E-02,-2.00E-03,7.83E-03,21.05495,5.09E-06,-1.11E-06,-1.12E-05,101.2487,0.7481129,5.03E-02,1823.195,-2.05E-02,2.51E-02,-1.70E-02,2.08E-02
22:25:56,8/22/20,6.991667,1.59E-04,1.06E-02,2.27E-03,8.37E-03,21.79519,3.33E-07,1.26E-06,-2.28E-06,101.2544,0.7516457,5.03E-02,1823.39,-4.16E-03,1.89E-02,-3.45E-03,1.57E-02
22:29:56,8/22/20,6.966667,-3.06E-03,0.0102151,-2.34E-03,8.36E-03,21.71548,-1.61E-06,-1.29E-06,2.88E-06,101.2559,0.7499709,5.02E-02,1821.882,5.25E-03,2.25E-02,4.36E-03,1.87E-02
22:33:56,8/22/20,6.975,-0.0050394,1.92E-02,-2.93E-03,9.74E-03,21.52907,-2.53E-06,-1.62E-06,3.49E-06,101.2535,0.7517882,5.03E-02,1823.417,6.37E-03,2.07E-02,5.28E-03,1.72E-02
22:37:56,8/22/20,6.95,-1.37E-02,0.0305555,4.75E-04,8.21E-03,21.3919,-5.96E-06,2.67E-07,-1.54E-06,101.255,0.7638028,0.0505561,1822.024,-2.81E-03,1.80E-02,-2.33E-03,1.49E-02
22:41:56,8/22/20,6.941667,6.82E-03,1.39E-02,-9.77E-04,8.29E-03,21.25468,2.87E-06,-5.40E-07,-9.58E-06,101.2605,0.7650365,5.03E-02,1824.729,-1.75E-02,2.59E-02,-1.45E-02,2.15E-02
22:45:56,8/22/20,6.983333,-2.30E-02,2.57E-02,1.83E-03,8.27E-03,21.32667,-9.84E-06,1.02E-06,1.81E-05,101.279,0.766556,5.06E-02,1824.235,0.0329821,3.30E-02,2.74E-02,2.74E-02
22:49:56,8/22/20,6.941667,-7.30E-03,1.75E-02,6.67E-04,8.72E-03,21.39508,-3.12E-06,3.72E-07,1.25E-05,101.2797,0.7637848,5.05E-02,1822.42,0.0226927,2.65E-02,1.88E-02,2.20E-02
22:53:56,8/22/20,6.958333,9.10E-03,1.37E-02,3.36E-03,7.86E-03,21.14787,4.37E-06,1.86E-06,-1.19E-05,101.2757,0.7639039,5.04E-02,1822.079,-2.16E-02,2.23E-02,-1.80E-02,1.85E-02
22:57:56,8/22/20,6.991667,5.66E-04,2.25E-02,1.66E-03,8.79E-03,21.26583,4.53E-07,9.12E-07,5.26E-06,101.2806,0.7646919,5.05E-02,1825.43,9.61E-03,1.79E-02,7.98E-03,1.49E-02
23:01:56,8/22/20,6.975,-9.39E-03,1.69E-02,-7.25E-04,7.31E-03,21.21368,-4.18E-06,-3.99E-07,4.66E-06,101.2808,0.7585525,5.04E-02,1825.856,8.50E-03,2.13E-02,7.05E-03,1.77E-02
23:05:56,8/22/20,6.95,-4.74E-03,1.29E-02,9.00E-05,8.90E-03,21.17712,-2.06E-06,4.99E-08,-4.68E-07,101.2851,0.7626908,5.06E-02,1823.912,-8.50E-04,0.0262174,-7.06E-04,2.18E-02
23:09:56,8/22/20,6.966667,-1.15E-03,1.70E-02,-6.47E-03,9.31E-03,21.23393,-1.25E-06,-3.58E-06,2.27E-06,101.2894,0.7608666,5.07E-02,1823.278,4.14E-03,0.0245561,3.43E-03,2.04E-02
23:13:56,8/22/20,6.95,4.89E-03,0.0160261,-2.39E-03,9.64E-03,21.40053,1.86E-06,-1.32E-06,5.81E-07,101.2881,0.7502213,5.07E-02,1824.197,1.05E-03,1.97E-02,8.72E-04,1.64E-02
23:17:56,8/22/20,6.975,1.16E-03,1.30E-02,-3.54E-03,9.38E-03,21.5217,9.04E-08,-1.95E-06,1.19E-05,101.2836,0.7564147,5.09E-02,1825.154,2.17E-02,3.28E-02,1.80E-02,2.72E-02
23:21:56,8/22/20,6.966667,4.17E-03,1.64E-02,1.71E-03,7.46E-03,21.76328,2.02E-06,9.46E-07,8.07E-07,101.2783,0.7572702,5.09E-02,1824.204,1.46E-03,2.05E-02,1.22E-03,1.71E-02
23:25:56,8/22/20,6.941667,4.98E-03,1.55E-02,3.83E-04,7.64E-03,21.72928,2.22E-06,2.11E-07,-1.14E-06,101.2786,0.7501833,0.050849,1824.941,-2.07E-03,1.48E-02,-1.72E-03,1.23E-02
23:29:56,8/22/20,6.991667,1.50E-02,1.92E-02,-7.00E-04,1.01E-02,21.87045,6.47E-06,-3.89E-07,-1.17E-06,101.2719,0.7579986,5.09E-02,1824.704,-2.14E-03,2.69E-02,-1.78E-03,0.022344
23:33:56,8/22/20,6.983333,1.19E-03,1.64E-02,-2.49E-03,7.78E-03,21.85432,2.29E-07,-1.37E-06,1.50E-06,101.2744,0.7524839,5.11E-02,1827.162,2.75E-03,1.62E-02,2.28E-03,1.34E-02
23:37:56,8/22/20,6.958333,-6.58E-03,1.34E-02,2.92E-03,6.71E-03,21.73729,-2.53E-06,1.62E-06,-2.64E-07,101.27,0.7537979,5.11E-02,1823.91,-4.81E-04,1.61E-02,-3.99E-04,1.33E-02
23:41:56,8/22/20,6.941667,9.46E-03,1.71E-02,2.32E-04,8.06E-03,21.70472,4.15E-06,1.25E-07,-5.50E-06,101.2669,0.7565414,5.11E-02,1824.956,-1.00E-02,2.64E-02,-8.33E-03,0.0219405
23:45:56,8/22/20,6.966667,1.43E-03,1.84E-02,7.97E-04,6.82E-03,21.72762,7.17E-07,4.38E-07,1.17E-05,101.2659,0.7577165,5.13E-02,1827.266,2.14E-02,3.28E-02,1.77E-02,2.72E-02
23:49:56,8/22/20,6.95,8.25E-03,1.20E-02,-1.51E-03,8.83E-03,21.67233,3.43E-06,-8.37E-07,-5.76E-08,101.2673,0.7475231,0.0513398,1824.85,-9.53E-05,1.39E-02,-7.91E-05,1.16E-02
23:53:56,8/22/20,6.983333,-8.15E-04,0.0168503,-6.85E-04,8.35E-03,21.8252,-4.38E-07,-3.81E-07,1.71E-07,101.2693,0.7535638,5.15E-02,1826.344,2.83E-04,0.0248963,2.35E-04,2.07E-02
23:57:56,8/22/20,6.991667,7.29E-04,1.48E-02,3.92E-03,1.00E-02,21.93184,7.72E-07,2.17E-06,6.69E-06,101.2678,0.7544535,5.17E-02,1824.444,1.22E-02,2.48E-02,0.0101472,2.06E-02
0:01:56,8/23/20,6.975,9.18E-03,1.75E-02,-1.13E-03,9.05E-03,21.84348,3.88E-06,-6.30E-07,-9.36E-06,101.2672,0.7478165,0.051811,1825.821,-1.71E-02,2.36E-02,-1.42E-02,0.0195768
0:05:56,8/23/20,6.958333,1.96E-03,1.44E-02,3.47E-04,1.03E-02,21.87227,8.99E-07,1.93E-07,7.33E-06,101.2657,0.7540982,5.18E-02,1824.455,1.34E-02,3.07E-02,1.11E-02,2.55E-02
0:09:56,8/23/20,6.966667,-9.63E-04,1.08E-02,-1.30E-03,8.40E-03,21.96642,-5.67E-07,-7.18E-07,-3.94E-06,101.2726,0.7534834,5.18E-02,1825.843,-7.22E-03,0.0219051,-5.99E-03,1.82E-02
0:13:56,8/23/20,6.958333,1.04E-02,2.30E-02,2.02E-04,6.22E-03,21.94815,4.58E-06,1.10E-07,-1.23E-05,101.2736,0.7454215,5.19E-02,1824.011,-2.25E-02,2.03E-02,-1.87E-02,1.68E-02
0:17:56,8/23/20,6.983333,2.21E-03,1.66E-02,-0.001709,9.30E-03,21.91023,7.65E-07,-9.44E-07,7.92E-06,101.2711,0.7511929,5.18E-02,1825.929,1.45E-02,3.17E-02,0.012007,2.63E-02
0:21:56,8/23/20,6.941667,-1.27E-02,1.92E-02,-8.19E-04,7.19E-03,21.9584,-5.63E-06,-4.50E-07,1.67E-05,101.2703,0.752505,5.18E-02,1826.864,3.05E-02,3.23E-02,2.53E-02,0.0267904
0:25:56,8/23/20,6.95,5.80E-04,2.20E-02,2.47E-04,7.20E-03,21.95057,2.86E-07,1.36E-07,2.02E-05,101.2691,0.7526586,5.19E-02,1825.226,3.69E-02,3.87E-02,3.06E-02,3.21E-02
0:29:56,8/23/20,6.991667,-5.92E-04,1.42E-02,-4.06E-03,8.75E-03,21.85148,-7.28E-07,-2.24E-06,-6.39E-06,101.2696,0.7513881,5.19E-02,1824.726,-1.17E-02,2.57E-02,-9.69E-03,2.13E-02
0:33:56,8/23/20,6.975,-2.66E-03,2.73E-02,-1.08E-03,9.01E-03,21.96447,-1.29E-06,-5.98E-07,-9.28E-07,101.2702,0.7461592,5.22E-02,1824.626,-1.69E-03,1.45E-02,-1.40E-03,1.20E-02
0:37:56,8/23/20,6.991667,-4.01E-03,0.0206645,-1.49E-03,1.02E-02,21.98545,-1.93E-06,-8.18E-07,-3.48E-06,101.2703,0.7492988,0.0522311,1825.779,-6.34E-03,0.0288516,-5.26E-03,2.39E-02
0:41:56,8/23/20,6.966667,4.36E-03,1.59E-02,1.51E-03,8.32E-03,22.0044,2.08E-06,8.31E-07,-6.06E-08,101.2684,0.7463638,5.24E-02,1827.443,-1.18E-04,1.10E-02,-9.77E-05,9.16E-03
0:45:56,8/23/20,6.941667,-6.60E-03,1.66E-02,4.28E-03,8.53E-03,22.01155,-2.38E-06,2.36E-06,-1.73E-06,101.2719,0.7454251,0.0524745,1825.97,-3.15E-03,1.84E-02,-2.61E-03,1.53E-02
0:49:56,8/23/20,6.95,-9.56E-03,1.39E-02,1.12E-03,8.60E-03,22.05342,-4.04E-06,6.23E-07,2.41E-05,101.2714,0.7527221,5.25E-02,1823.485,0.0439992,3.30E-02,3.65E-02,2.74E-02
0:53:56,8/23/20,6.958333,-3.29E-03,1.18E-02,-1.97E-03,9.81E-03,22.06513,-1.66E-06,-1.09E-06,-1.53E-05,101.2736,0.7518855,5.25E-02,1825.439,-2.80E-02,0.0385618,-2.32E-02,3.20E-02
0:57:56,8/23/20,6.983333,-1.50E-02,1.92E-02,9.61E-05,8.65E-03,22.0803,-6.51E-06,5.75E-08,3.40E-06,101.269,0.7542589,5.26E-02,1826.098,6.21E-03,1.74E-02,5.15E-03,1.45E-02
1:01:56,8/23/20,6.975,-5.08E-03,1.68E-02,-2.08E-03,9.89E-03,22.1778,-2.46E-06,-1.15E-06,-3.74E-06,101.2726,0.7532436,5.25E-02,1825.826,-6.83E-03,2.24E-02,-5.66E-03,1.86E-02
1:05:56,8/23/20,6.991667,-8.85E-03,1.61E-02,9.03E-04,7.27E-03,22.0283,-3.75E-06,4.99E-07,1.81E-05,101.277,0.7558453,5.24E-02,1826.808,3.31E-02,2.88E-02,2.75E-02,2.39E-02
1:09:56,8/23/20,6.941667,6.37E-03,2.64E-02,2.48E-04,8.67E-03,22.11473,2.80E-06,1.38E-07,-4.55E-06,101.2799,0.750995,5.24E-02,1825.956,-8.34E-03,1.98E-02,-6.92E-03,1.64E-02
1:13:56,8/23/20,6.966667,1.40E-02,2.04E-02,-3.34E-04,9.82E-03,22.08747,6.07E-06,-1.89E-07,7.49E-06,101.2838,0.7558131,5.24E-02,1827.006,1.37E-02,3.37E-02,1.13E-02,0.0279775
1:17:56,8/23/20,6.983333,5.70E-04,1.91E-02,-8.81E-04,8.38E-03,22.08702,1.52E-07,-4.85E-07,-1.28E-06,101.2872,0.7496885,0.0522493,1827.614,-2.35E-03,2.32E-02,-1.95E-03,1.93E-02
1:21:56,8/23/20,6.95,-8.56E-04,1.06E-02,1.72E-03,8.51E-03,22.13228,-1.75E-07,9.47E-07,-1.26E-06,101.2877,0.7534502,5.20E-02,1827.584,-2.30E-03,1.81E-02,-1.91E-03,1.50E-02
1:25:56,8/23/20,6.975,-8.83E-03,2.68E-02,1.48E-03,9.67E-03,22.16077,-3.67E-06,8.22E-07,1.02E-05,101.2871,0.7549916,0.0519544,1826.992,1.87E-02,2.87E-02,1.55E-02,2.39E-02
1:29:56,8/23/20,6.958333,1.34E-03,1.41E-02,-2.16E-03,6.66E-03,22.1268,3.38E-07,-1.20E-06,-2.27E-05,101.2906,0.7544914,5.18E-02,1824.771,-4.14E-02,3.57E-02,-3.44E-02,0.0296697
1:33:56,8/23/20,6.966667,-3.52E-03,1.35E-02,-1.10E-03,9.19E-03,22.09364,-1.66E-06,-6.03E-07,-2.82E-06,101.299,0.7529421,5.19E-02,1830.201,-5.15E-03,2.31E-02,-4.28E-03,1.92E-02
1:37:56,8/23/20,6.983333,1.53E-03,1.09E-02,-3.88E-03,0.0108677,22.13855,2.18E-07,-2.14E-06,-1.67E-06,101.2982,0.7477738,5.19E-02,1826.047,-3.04E-03,1.44E-02,-2.53E-03,1.20E-02
1:41:56,8/23/20,6.941667,3.24E-02,2.50E-02,-5.67E-04,8.42E-03,22.14492,1.41E-05,-3.18E-07,5.66E-06,101.2933,0.7526504,5.19E-02,1825.47,1.03E-02,2.68E-02,8.57E-03,0.0222368
1:45:56,8/23/20,6.966667,-1.16E-02,1.63E-02,3.57E-03,8.82E-03,22.13197,-4.64E-06,1.97E-06,2.05E-06,101.2964,0.7530881,5.21E-02,1824.319,3.75E-03,2.69E-02,3.11E-03,0.0222926
1:47:57,8/23/20,6.983333,5.08E-03,1.27E-02,-7.89E-04,0.0101283,22.1205,2.13E-06,-4.35E-07,-4.99E-06,101.3007,0.7496554,5.19E-02,1828.448,-0.0091393,2.38E-02,-7.59E-03,1.97E-02
1:51:57,8/23/20,6.958333,-0.0333126,2.23E-02,-5.18E-04,1.03E-02,22.13144,-1.46E-05,-2.78E-07,-2.33E-07,101.3062,0.7511265,5.21E-02,1828.738,-4.08E-04,2.38E-02,-3.39E-04,1.97E-02
1:55:57,8/23/20,6.991667,-2.96E-03,0.0130573,3.98E-04,8.28E-03,22.1707,-1.24E-06,2.20E-07,8.24E-06,101.3099,0.7514933,5.24E-02,1828.771,1.51E-02,3.05E-02,1.25E-02,2.53E-02
1:59:57,8/23/20,6.966667,-2.18E-02,1.84E-02,1.35E-03,7.91E-03,22.13628,-9.34E-06,7.46E-07,-4.12E-06,101.3109,0.7459966,0.0524181,1826.045,-7.52E-03,2.04E-02,-6.24E-03,1.69E-02
2:03:57,8/23/20,6.975,1.10E-02,2.20E-02,-2.51E-04,9.00E-03,22.14982,4.79E-06,-1.40E-07,-4.96E-08,101.3138,0.745683,5.25E-02,1826.558,-6.86E-05,2.24E-02,-5.69E-05,1.86E-02
2:07:57,8/23/20,6.95,2.63E-03,2.62E-02,8.48E-04,9.56E-03,22.12315,1.26E-06,4.70E-07,1.63E-05,101.3135,0.7527192,5.29E-02,1827.282,2.98E-02,3.57E-02,2.48E-02,2.96E-02
2:11:57,8/23/20,6.941667,-2.10E-03,2.10E-02,2.13E-04,1.00E-02,22.109,-8.91E-07,1.17E-07,8.81E-07,101.3141,0.7544687,5.28E-02,1827.134,1.60E-03,2.48E-02,1.33E-03,2.06E-02
2:15:57,8/23/20,6.983333,2.10E-03,0.0187497,-0.0015154,8.77E-03,22.17987,7.42E-07,-8.37E-07,1.41E-05,101.3159,0.7551099,5.27E-02,1826.784,2.58E-02,4.15E-02,2.14E-02,3.45E-02
2:19:57,8/23/20,6.941667,9.74E-03,1.84E-02,-1.78E-03,9.70E-03,22.15687,4.04E-06,-9.86E-07,8.56E-07,101.3179,0.7524034,5.24E-02,1827.623,1.57E-03,2.79E-02,1.30E-03,2.32E-02
2:23:57,8/23/20,6.958333,9.71E-03,1.73E-02,-6.21E-04,7.38E-03,22.17073,4.16E-06,-3.44E-07,4.84E-06,101.3177,0.7535082,5.23E-02,1829.153,8.85E-03,3.46E-02,7.34E-03,0.0286766
2:27:57,8/23/20,6.991667,2.42E-04,2.15E-02,-4.64E-04,7.17E-03,22.1005,4.77E-08,-2.56E-07,-1.11E-05,101.3141,0.7549125,5.22E-02,1828,-2.03E-02,3.55E-02,-1.69E-02,2.95E-02
2:31:57,8/23/20,6.975,-2.43E-03,1.91E-02,1.37E-04,1.09E-02,22.12482,-1.05E-06,7.61E-08,-1.89E-06,101.3118,0.7495647,5.22E-02,1827.7,-3.44E-03,2.28E-02,-2.86E-03,1.89E-02
2:35:57,8/23/20,6.95,-2.89E-03,1.96E-02,1.56E-03,9.25E-03,22.18247,-1.08E-06,8.61E-07,7.87E-06,101.3085,0.7511676,0.0522964,1827.218,1.44E-02,3.08E-02,1.19E-02,2.56E-02
2:39:57,8/23/20,6.966667,-2.23E-03,0.0177465,3.88E-03,9.41E-03,22.15835,-5.26E-07,2.14E-06,1.10E-05,101.3105,0.75191,5.25E-02,1828.165,2.01E-02,3.27E-02,1.67E-02,2.71E-02
2:43:57,8/23/20,6.95,8.05E-03,1.31E-02,-1.52E-03,8.06E-03,22.09475,3.34E-06,-8.42E-07,5.82E-07,101.3099,0.7447443,5.25E-02,1826.232,1.07E-03,1.68E-02,8.88E-04,1.40E-02
2:47:57,8/23/20,6.975,-1.86E-02,2.21E-02,7.01E-04,8.20E-03,22.12442,-8.02E-06,3.91E-07,6.63E-06,101.3071,0.7499682,5.26E-02,1829.277,1.21E-02,2.43E-02,1.01E-02,2.02E-02
2:51:57,8/23/20,6.966667,1.54E-03,1.03E-02,7.51E-04,9.49E-03,22.1585,7.58E-07,4.15E-07,9.41E-06,101.3051,0.7508228,0.0525182,1827.62,1.72E-02,2.41E-02,1.43E-02,2.00E-02
2:55:57,8/23/20,6.941667,1.59E-02,3.18E-02,1.27E-03,9.01E-03,22.14018,7.09E-06,6.97E-07,-7.01E-06,101.308,0.7453254,0.0525941,1829.601,-1.28E-02,0.0301406,-1.07E-02,2.50E-02
2:59:57,8/23/20,6.991667,-1.04E-02,1.91E-02,-2.20E-04,8.34E-03,22.1006,-4.58E-06,-1.19E-07,-7.75E-06,101.3089,0.7487193,5.25E-02,1827.493,-1.42E-02,2.46E-02,-1.17E-02,2.04E-02
3:03:57,8/23/20,6.983333,-2.39E-02,3.06E-02,-1.23E-03,8.32E-03,22.08065,-1.05E-05,-6.72E-07,4.72E-06,101.3095,0.7457383,5.29E-02,1828.335,8.63E-03,2.16E-02,7.16E-03,1.79E-02
3:07:57,8/23/20,6.958333,6.41E-03,1.91E-02,4.61E-03,8.94E-03,22.06348,3.32E-06,2.54E-06,2.07E-06,101.3118,0.7498989,5.30E-02,1827.781,3.79E-03,3.05E-02,3.15E-03,2.53E-02
3:11:57,8/23/20,6.941667,7.57E-03,1.21E-02,-3.18E-03,8.65E-03,22.14082,2.93E-06,-1.75E-06,-1.86E-07,101.3055,0.749146,5.31E-02,1829.608,-3.43E-04,0.0232601,-2.85E-04,1.93E-02
3:15:57,8/23/20,6.966667,-7.22E-03,2.01E-02,3.21E-04,8.88E-03,22.17605,-3.11E-06,1.79E-07,1.10E-06,101.3057,0.7502689,5.31E-02,1827.939,2.02E-03,1.67E-02,1.67E-03,1.39E-02
3:19:57,8/23/20,6.95,-9.63E-03,1.57E-02,1.60E-03,7.48E-03,22.14945,-4.01E-06,8.86E-07,-3.98E-06,101.3086,0.7469354,5.36E-02,1827.741,-7.28E-03,2.35E-02,-6.04E-03,1.95E-02
3:23:57,8/23/20,6.983333,9.05E-03,1.24E-02,2.36E-04,8.49E-03,22.07732,3.97E-06,1.28E-07,-4.09E-06,101.3074,0.7499208,5.37E-02,1828.786,-7.49E-03,2.07E-02,-6.21E-03,1.72E-02
3:27:57,8/23/20,6.991667,-4.74E-03,1.32E-02,1.91E-03,7.47E-03,22.16147,-1.85E-06,1.06E-06,3.96E-06,101.3129,0.7505183,0.0538159,1828.418,7.26E-03,3.21E-02,6.02E-03,0.0266522
3:31:57,8/23/20,6.975,1.04E-03,1.00E-02,7.99E-04,9.44E-03,22.08208,5.46E-07,4.38E-07,-3.52E-06,101.3142,0.7468653,5.39E-02,1828.591,-6.46E-03,2.32E-02,-5.36E-03,0.019286
3:35:57,8/23/20,6.958333,-2.24E-03,1.31E-02,-6.55E-04,7.82E-03,22.13268,-1.06E-06,-3.61E-07,-1.59E-05,101.3146,0.7494569,5.41E-02,1828.682,-2.91E-02,3.89E-02,-2.42E-02,3.23E-02
3:39:57,8/23/20,6.966667,-3.69E-03,1.54E-02,-4.93E-03,9.18E-03,22.15178,-2.17E-06,-2.71E-06,-7.20E-06,101.3122,0.7493734,5.41E-02,1832.345,-1.32E-02,2.40E-02,-1.09E-02,1.99E-02
3:43:57,8/23/20,6.958333,9.46E-03,1.90E-02,5.60E-04,1.00E-02,22.15647,4.19E-06,3.06E-07,6.16E-07,101.3106,0.7459732,5.43E-02,1828.548,1.15E-03,1.84E-02,9.50E-04,1.53E-02
3:47:57,8/23/20,6.983333,-1.43E-03,1.72E-02,-3.43E-03,7.78E-03,22.10775,-1.02E-06,-1.89E-06,2.43E-05,101.3114,0.7521979,5.40E-02,1828.128,4.45E-02,4.27E-02,3.69E-02,3.54E-02
3:51:57,8/23/20,6.941667,-1.20E-02,1.94E-02,3.11E-03,8.16E-03,22.07854,-4.88E-06,1.72E-06,9.58E-06,101.3055,0.7497818,0.0540975,1828.924,1.75E-02,3.16E-02,1.45E-02,2.63E-02
3:55:57,8/23/20,6.95,-9.30E-03,1.99E-02,2.86E-03,9.88E-03,22.11702,-3.71E-06,1.57E-06,-3.67E-06,101.3047,0.7496514,5.42E-02,1829.732,-6.69E-03,3.07E-02,-5.55E-03,2.55E-02
3:59:57,8/23/20,6.991667,7.49E-03,1.96E-02,5.58E-04,7.82E-03,22.11622,3.32E-06,3.06E-07,3.03E-06,101.3111,0.7479461,5.40E-02,1829.03,5.54E-03,2.57E-02,4.60E-03,2.14E-02
4:03:57,8/23/20,6.975,1.43E-04,1.88E-02,3.16E-03,8.97E-03,22.11938,4.26E-07,1.75E-06,-1.89E-06,101.3218,0.7483947,5.43E-02,1825.569,-3.46E-03,1.80E-02,-2.88E-03,1.49E-02
4:07:57,8/23/20,6.991667,-7.95E-03,1.66E-02,2.42E-03,9.18E-03,22.11422,-3.18E-06,1.33E-06,1.02E-05,101.3215,0.759486,5.41E-02,1829.972,1.87E-02,2.52E-02,1.55E-02,2.09E-02
4:11:57,8/23/20,6.966667,1.01E-03,1.37E-02,-2.13E-03,8.76E-03,22.22167,1.99E-07,-1.17E-06,1.57E-06,101.3258,0.7604959,5.44E-02,1830.286,2.88E-03,1.88E-02,2.39E-03,1.56E-02
4:15:57,8/23/20,6.941667,9.40E-03,1.43E-02,-1.48E-03,1.03E-02,22.17407,3.92E-06,-8.20E-07,-4.14E-06,101.3324,0.7559666,5.46E-02,1828.992,-7.58E-03,2.45E-02,-6.29E-03,2.03E-02
4:19:57,8/23/20,6.95,6.26E-03,0.0117155,1.01E-03,8.32E-03,22.16287,2.84E-06,5.57E-07,2.37E-07,101.3384,0.7569302,5.46E-02,1829.542,3.93E-04,3.33E-02,3.26E-04,2.77E-02
4:23:57,8/23/20,6.958333,-1.19E-02,1.38E-02,-0.0022008,8.49E-03,22.09027,-5.43E-06,-1.21E-06,4.94E-06,101.3406,0.7522923,5.46E-02,1830.585,9.03E-03,2.42E-02,7.50E-03,2.01E-02
4:27:57,8/23/20,6.983333,1.97E-03,1.79E-02,-2.42E-03,8.94E-03,22.11982,5.77E-07,-1.33E-06,2.65E-05,101.3446,0.7550728,5.45E-02,1831.239,0.0485705,3.39E-02,4.03E-02,2.81E-02
4:31:57,8/23/20,6.975,1.38E-02,1.96E-02,2.44E-04,6.48E-03,22.13585,6.05E-06,1.31E-07,-6.37E-06,101.354,0.7542757,5.46E-02,1827.374,-1.16E-02,2.91E-02,-9.66E-03,2.41E-02
4:35:57,8/23/20,6.991667,7.28E-03,1.06E-02,4.79E-04,7.49E-03,22.08717,3.22E-06,2.61E-07,-1.60E-06,101.3507,0.7567524,5.47E-02,1829.552,-2.93E-03,3.53E-02,-2.43E-03,0.0292673
4:39:57,8/23/20,6.941667,6.97E-03,1.83E-02,-2.06E-03,1.03E-02,22.13042,2.80E-06,-1.14E-06,-3.38E-07,101.3503,0.7510224,5.47E-02,1829.242,-6.29E-04,0.0149758,-5.22E-04,1.24E-02
4:43:57,8/23/20,6.966667,4.72E-03,1.98E-02,-8.40E-04,7.05E-03,22.14998,1.96E-06,-4.62E-07,1.89E-05,101.353,0.7548175,5.48E-02,1830.921,3.46E-02,0.0347153,2.87E-02,0.0288137
4:47:57,8/23/20,6.983333,3.87E-03,1.83E-02,-2.07E-03,8.99E-03,22.10929,1.44E-06,-1.14E-06,-1.20E-05,101.3521,0.7493747,5.47E-02,1828.817,-2.19E-02,0.0215754,-1.82E-02,1.79E-02
4:51:57,8/23/20,6.95,3.01E-03,1.77E-02,1.28E-03,9.24E-03,22.10028,1.46E-06,7.07E-07,-1.47E-07,101.3543,0.7555929,5.48E-02,1831.608,-2.80E-04,2.27E-02,-2.33E-04,1.88E-02
4:55:57,8/23/20,6.975,-1.15E-02,1.63E-02,-4.58E-03,1.00E-02,22.1802,-5.51E-06,-2.52E-06,4.37E-06,101.3529,0.754893,5.48E-02,1829.988,8.01E-03,2.52E-02,6.65E-03,2.09E-02
4:59:57,8/23/20,6.958333,-3.07E-02,2.03E-02,-1.14E-03,6.57E-03,22.19145,-1.35E-05,-6.16E-07,-3.57E-07,101.3557,0.7551631,5.47E-02,1829.831,-6.63E-04,2.28E-02,-5.50E-04,1.89E-02
5:03:57,8/23/20,6.966667,2.20E-03,1.68E-02,2.63E-03,8.81E-03,22.07767,1.26E-06,1.45E-06,2.30E-05,101.3577,0.7570421,5.48E-02,1829.96,4.20E-02,4.04E-02,3.49E-02,3.35E-02
5:07:57,8/23/20,6.983333,-2.44E-03,1.08E-02,2.03E-03,6.49E-03,22.12962,-8.22E-07,1.12E-06,-7.98E-06,101.365,0.7497986,0.0549286,1830.815,-0.0145764,2.39E-02,-1.21E-02,1.98E-02
5:11:57,8/23/20,6.941667,-1.53E-03,1.24E-02,-1.83E-03,9.21E-03,22.14897,-8.72E-07,-1.01E-06,1.33E-05,101.3666,0.7543532,5.49E-02,1830.453,2.43E-02,2.96E-02,2.02E-02,2.46E-02
5:15:57,8/23/20,6.966667,0.0120724,0.0192004,-5.48E-03,8.91E-03,22.11394,4.62E-06,-3.02E-06,-7.52E-06,101.3663,0.7509401,5.48E-02,1830.355,-1.38E-02,0.0168975,-1.14E-02,1.40E-02
5:17:58,8/23/20,6.983333,7.16E-03,0.019682,7.91E-04,9.32E-03,22.0745,3.22E-06,4.34E-07,-2.05E-06,101.3676,0.7469497,5.49E-02,1827.932,-3.74E-03,2.10E-02,-3.11E-03,1.74E-02
5:21:58,8/23/20,6.958333,-7.86E-03,1.88E-02,-7.60E-04,8.23E-03,22.15608,-3.51E-06,-4.15E-07,1.92E-05,101.3679,0.7500134,5.47E-02,1831.568,3.52E-02,3.29E-02,2.92E-02,2.73E-02
5:25:58,8/23/20,6.991667,5.13E-03,1.86E-02,1.44E-03,7.87E-03,22.10052,2.40E-06,7.93E-07,-2.05E-07,101.3732,0.7498134,5.49E-02,1832.038,-3.83E-04,2.29E-02,-3.18E-04,1.90E-02
5:29:58,8/23/20,6.966667,6.85E-03,0.0149285,1.62E-03,7.99E-03,22.08972,3.17E-06,8.92E-07,-8.43E-06,101.3707,0.7483083,5.49E-02,1829.197,-1.54E-02,1.89E-02,-1.28E-02,0.0157214
5:33:58,8/23/20,6.975,1.87E-03,1.20E-02,-7.33E-04,8.21E-03,22.16987,7.28E-07,-4.04E-07,-2.99E-06,101.3713,0.7476588,5.47E-02,1829.97,-5.47E-03,2.24E-02,-4.54E-03,0.0186285
5:37:58,8/23/20,6.95,-8.56E-03,2.44E-02,1.17E-03,1.13E-02,22.09014,-3.58E-06,6.47E-07,-1.88E-05,101.3809,0.751247,5.48E-02,1832.58,-3.45E-02,0.0284986,-2.86E-02,2.37E-02
5:41:58,8/23/20,6.941667,-1.53E-03,1.26E-02,2.54E-03,7.73E-03,22.08207,-3.71E-07,1.40E-06,-5.60E-07,101.3794,0.7510465,5.49E-02,1827.931,-1.04E-03,2.37E-02,-8.65E-04,1.97E-02
5:45:58,8/23/20,6.983333,1.92E-03,1.69E-02,5.97E-03,1.14E-02,22.08477,1.52E-06,3.29E-06,2.31E-05,101.3821,0.753544,5.50E-02,1830.048,4.23E-02,3.96E-02,3.51E-02,3.29E-02
5:49:58,8/23/20,6.941667,-1.05E-03,2.28E-02,-5.54E-03,8.22E-03,22.07817,-1.10E-06,-3.05E-06,-2.34E-05,101.3824,0.7529634,5.49E-02,1829.363,-4.28E-02,3.01E-02,-3.55E-02,2.50E-02
5:53:58,8/23/20,6.958333,8.40E-03,1.93E-02,-4.71E-04,7.88E-03,22.10347,3.59E-06,-2.62E-07,2.14E-05,101.3911,0.756606,5.49E-02,1830.975,3.93E-02,3.55E-02,3.26E-02,2.94E-02
5:57:58,8/23/20,6.991667,-2.14E-02,1.98E-02,2.95E-04,0.0124428,22.10602,-9.28E-06,1.70E-07,5.93E-06,101.402,0.7527432,5.48E-02,1831.041,1.08E-02,2.72E-02,8.99E-03,2.26E-02
6:01:58,8/23/20,6.975,-1.16E-03,1.62E-02,3.20E-03,8.70E-03,22.1117,-1.33E-07,1.76E-06,5.77E-06,101.4081,0.7479647,5.48E-02,1832.993,1.05E-02,3.12E-02,8.74E-03,0.025858
6:05:58,8/23/20,6.95,-8.74E-04,2.10E-02,-6.71E-04,8.80E-03,22.09012,-4.58E-07,-3.68E-07,-8.59E-07,101.4175,0.7534507,0.0547258,1830.036,-1.57E-03,3.13E-02,-1.30E-03,2.59E-02
6:09:58,8/23/20,6.966667,-2.45E-03,1.16E-02,-1.61E-03,1.13E-02,22.07547,-1.25E-06,-8.85E-07,7.28E-06,101.428,0.7541237,5.49E-02,1832.522,0.0133417,2.37E-02,1.11E-02,1.97E-02
6:13:58,8/23/20,6.95,1.56E-03,2.25E-02,-2.81E-03,8.43E-03,22.18555,3.54E-07,-1.55E-06,-1.56E-05,101.4278,0.7492382,5.46E-02,1831.01,-2.86E-02,1.93E-02,-2.38E-02,1.60E-02
6:17:58,8/23/20,6.975,-4.49E-03,1.44E-02,-3.21E-03,7.91E-03,22.49479,-2.32E-06,-1.77E-06,-2.11E-05,101.4274,0.7526194,5.46E-02,1831.103,-3.87E-02,4.36E-02,-3.21E-02,3.62E-02
6:21:58,8/23/20,6.966667,6.09E-04,7.62E-03,-1.73E-03,8.96E-03,22.89763,6.76E-08,-9.55E-07,-9.05E-06,101.4321,0.7540228,5.46E-02,1830.336,-1.65E-02,0.0311357,-1.37E-02,2.58E-02
6:25:58,8/23/20,6.941667,1.54E-03,1.59E-02,-2.34E-03,9.05E-03,23.11415,4.00E-07,-1.29E-06,-1.29E-06,101.4282,0.7508445,5.46E-02,1832.637,-2.36E-03,1.48E-02,-1.96E-03,1.23E-02
6:29:58,8/23/20,6.991667,9.08E-03,1.97E-02,3.20E-04,9.48E-03,23.43543,3.99E-06,1.76E-07,2.55E-05,101.4284,0.7563488,5.45E-02,1830.278,0.0467545,4.38E-02,3.88E-02,3.63E-02
6:33:58,8/23/20,6.983333,3.83E-03,1.74E-02,3.09E-05,9.21E-03,23.54363,1.66E-06,1.67E-08,-2.22E-07,101.4382,0.754039,5.47E-02,1831.759,-4.02E-04,1.32E-02,-3.34E-04,1.10E-02
6:37:58,8/23/20,6.958333,8.63E-04,1.50E-02,-2.58E-04,8.99E-03,23.67795,3.47E-07,-1.40E-07,1.87E-05,101.4443,0.7615215,5.46E-02,1832.516,3.44E-02,2.92E-02,2.85E-02,2.42E-02
6:41:58,8/23/20,6.941667,-6.11E-03,1.44E-02,-1.73E-03,8.98E-03,23.98944,-2.85E-06,-9.49E-07,-1.93E-05,101.4454,0.7623105,5.46E-02,1832.731,-0.0353175,2.62E-02,-2.93E-02,2.17E-02
6:45:58,8/23/20,6.966667,-7.08E-03,2.61E-02,-6.51E-04,9.52E-03,24.17339,-3.15E-06,-3.56E-07,1.06E-05,101.4458,0.7649986,0.0544262,1832.053,1.94E-02,3.64E-02,1.61E-02,3.02E-02
6:49:58,8/23/20,6.95,2.77E-03,2.96E-02,-0.0012737,9.96E-03,24.37012,1.06E-06,-7.01E-07,-2.23E-07,101.4553,0.7616003,5.44E-02,1833.619,-4.16E-04,1.36E-02,-3.45E-04,1.13E-02
6:53:58,8/23/20,6.983333,2.02E-02,3.00E-02,1.77E-03,9.46E-03,24.6768,8.99E-06,9.66E-07,2.68E-05,101.4622,0.7668902,5.44E-02,1832.923,4.92E-02,4.13E-02,4.08E-02,3.43E-02
6:57:58,8/23/20,6.991667,-1.42E-02,1.92E-02,2.56E-03,8.93E-03,24.91535,-5.89E-06,1.41E-06,-7.93E-06,101.4577,0.7678459,0.0541824,1831.851,-1.45E-02,3.57E-02,-1.20E-02,2.97E-02
7:01:58,8/23/20,6.975,-5.00E-03,0.0229343,2.85E-04,1.06E-02,25.13142,-2.14E-06,1.56E-07,1.14E-05,101.4586,0.7699319,0.0540909,1832.851,2.08E-02,2.64E-02,1.73E-02,0.0219269
7:05:58,8/23/20,6.958333,-3.62E-03,1.21E-02,-2.50E-04,7.75E-03,25.43663,-1.60E-06,-1.37E-07,7.89E-06,101.464,0.7707915,5.37E-02,1832.08,0.0144885,3.63E-02,1.20E-02,3.01E-02
7:09:58,8/23/20,6.966667,-7.45E-04,2.32E-02,1.94E-03,9.48E-03,25.56552,-1.06E-07,1.07E-06,1.30E-05,101.466,0.77147,5.36E-02,1832.398,2.38E-02,7.63E-02,1.98E-02,6.33E-02
7:13:58,8/23/20,6.958333,9.15E-03,2.19E-02,-1.93E-03,8.67E-03,25.91215,3.75E-06,-1.07E-06,5.82E-06,101.4611,0.7693176,5.36E-02,1831.154,1.07E-02,7.87E-02,8.87E-03,6.53E-02
7:17:58,8/23/20,6.983333,-5.21E-05,1.93E-02,-3.62E-03,8.95E-03,26.13334,-4.49E-07,-1.99E-06,1.22E-05,101.4651,0.7741461,5.35E-02,1830.906,2.23E-02,4.17E-02,1.85E-02,3.46E-02
7:21:58,8/23/20,6.941667,6.26E-03,1.75E-02,-2.72E-03,9.41E-03,26.45763,2.40E-06,-1.50E-06,2.09E-05,101.4716,0.7760594,5.34E-02,1830.25,3.82E-02,3.68E-02,0.0317444,3.06E-02
7:25:58,8/23/20,6.95,-3.99E-03,1.32E-02,-2.88E-03,8.32E-03,26.57082,-2.07E-06,-1.58E-06,2.75E-05,101.4702,0.7786276,5.32E-02,1830.811,5.04E-02,3.66E-02,4.18E-02,3.04E-02
7:29:58,8/23/20,6.991667,-4.27E-03,1.50E-02,-2.09E-03,7.50E-03,27.002,-2.10E-06,-1.15E-06,-1.37E-05,101.4687,0.7773107,5.31E-02,1831.582,-0.0250755,0.0368612,-2.08E-02,3.06E-02
7:33:58,8/23/20,6.975,8.93E-04,1.91E-02,-4.32E-04,1.19E-02,27.15482,3.46E-07,-2.46E-07,2.57E-05,101.476,0.7752542,0.0529227,1830.898,4.70E-02,0.1890205,3.90E-02,0.156887
7:37:58,8/23/20,6.991667,3.87E-03,1.30E-02,-2.00E-03,7.78E-03,27.3577,1.45E-06,-1.10E-06,2.43E-06,101.4751,0.7773535,5.26E-02,1832.177,4.45E-03,2.55E-02,3.69E-03,2.12E-02
7:41:58,8/23/20,6.966667,3.70E-03,2.56E-02,9.27E-04,8.15E-03,27.75942,1.73E-06,5.08E-07,-7.05E-06,101.4819,0.7729868,5.24E-02,1831.976,-1.29E-02,2.52E-02,-1.07E-02,0.0208863
7:45:58,8/23/20,6.941667,-1.22E-02,1.28E-02,6.27E-03,1.18E-02,27.92159,-4.60E-06,3.45E-06,-2.58E-06,101.4824,0.7630611,5.21E-02,1831.558,-4.73E-03,2.51E-02,-3.93E-03,2.09E-02
7:49:58,8/23/20,6.95,-7.35E-03,1.41E-02,3.84E-03,8.96E-03,28.12475,-2.75E-06,2.12E-06,-1.53E-05,101.4771,0.7611395,5.19E-02,1830.711,-0.0280331,3.29E-02,-2.33E-02,2.73E-02
7:53:58,8/23/20,6.958333,-5.73E-03,1.43E-02,2.44E-03,9.05E-03,28.31715,-2.21E-06,1.34E-06,2.91E-05,101.4725,0.7562892,5.17E-02,1831.98,5.33E-02,5.00E-02,4.42E-02,4.15E-02
7:57:58,8/23/20,6.983333,4.44E-03,0.0101054,3.32E-03,9.36E-03,28.70165,2.31E-06,1.82E-06,2.72E-05,101.47,0.7537016,5.18E-02,1831.493,4.98E-02,6.45E-02,4.13E-02,5.36E-02
8:01:58,8/23/20,6.975,-8.45E-03,2.30E-02,-4.11E-04,1.04E-02,29.07427,-3.72E-06,-2.27E-07,-8.36E-06,101.4736,0.7550164,5.12E-02,1831.442,-1.53E-02,4.05E-02,-1.27E-02,3.36E-02
8:05:58,8/23/20,6.991667,9.86E-03,0.0181631,3.00E-03,9.98E-03,29.23262,4.63E-06,1.65E-06,-8.72E-06,101.4673,0.7574731,5.12E-02,1829.953,-1.60E-02,0.0488387,-1.32E-02,4.05E-02
8:09:58,8/23/20,6.941667,-6.47E-03,1.49E-02,-1.87E-03,8.11E-03,29.51225,-3.03E-06,-1.03E-06,4.16E-07,101.4677,0.7537693,5.12E-02,1830.653,7.35E-04,2.91E-02,6.10E-04,2.41E-02
8:13:58,8/23/20,6.966667,-2.16E-03,1.95E-02,1.56E-03,8.73E-03,29.66835,-7.61E-07,8.61E-07,-1.69E-05,101.4649,0.7549476,5.12E-02,1830.13,-3.09E-02,2.66E-02,-0.0256501,2.21E-02
8:17:58,8/23/20,6.983333,1.35E-02,1.81E-02,2.67E-04,8.17E-03,30.00524,5.88E-06,1.44E-07,-4.30E-06,101.4681,0.7467589,5.13E-02,1830.091,-8.04E-03,0.1677688,-6.68E-03,0.1392481
8:21:58,8/23/20,6.95,6.45E-03,1.00E-02,1.71E-03,8.19E-03,30.25367,3.01E-06,9.43E-07,-1.57E-06,101.4744,0.7484072,5.11E-02,1831.423,-3.13E-03,0.2322898,-2.60E-03,0.1928005
8:25:58,8/23/20,6.975,1.11E-03,1.89E-02,-1.34E-04,8.44E-03,30.45615,4.70E-07,-7.43E-08,2.55E-06,101.471,0.7452701,5.10E-02,1830.821,4.66E-03,4.25E-02,3.86E-03,3.53E-02
8:29:58,8/23/20,6.958333,-4.57E-02,2.53E-02,-1.96E-03,9.83E-03,30.70105,-2.01E-05,-1.07E-06,-1.64E-07,101.4651,0.7426142,5.09E-02,1828.913,-3.11E-04,3.81E-02,-2.58E-04,3.16E-02
8:33:58,8/23/20,6.966667,2.33E-02,1.89E-02,-4.77E-04,0.0106262,30.95917,1.01E-05,-2.66E-07,2.42E-05,101.4676,0.7421672,5.07E-02,1830.198,4.44E-02,4.91E-02,3.69E-02,4.07E-02
8:37:58,8/23/20,6.983333,5.64E-03,0.0192611,-2.09E-04,7.45E-03,31.21878,2.43E-06,-1.15E-07,3.97E-06,101.458,0.7343467,5.06E-02,1830.824,7.30E-03,4.03E-02,6.06E-03,3.35E-02
8:41:58,8/23/20,6.941667,8.35E-03,1.75E-02,-1.19E-03,8.52E-03,31.51524,3.49E-06,-6.57E-07,-2.58E-05,101.4575,0.7325031,5.04E-02,1830.541,-0.0472307,4.67E-02,-3.92E-02,3.88E-02
8:45:58,8/23/20,6.966667,1.37E-02,1.77E-02,7.06E-04,8.95E-03,31.76642,6.03E-06,3.86E-07,-9.15E-06,101.4571,0.7263412,0.0502346,1829.709,-1.67E-02,2.29E-02,-1.39E-02,1.90E-02
8:47:59,8/23/20,6.983333,1.95E-03,1.72E-02,3.30E-03,8.02E-03,31.83327,1.23E-06,1.82E-06,-1.86E-06,101.4565,0.7185663,5.03E-02,1829.607,-3.41E-03,1.85E-02,-2.83E-03,1.54E-02
8:51:59,8/23/20,6.958333,9.48E-03,0.0142016,1.33E-03,6.91E-03,32.08877,4.28E-06,7.30E-07,2.93E-06,101.4568,0.7213349,5.01E-02,1829.168,5.37E-03,4.37E-02,4.46E-03,3.63E-02
8:55:59,8/23/20,6.991667,-6.99E-04,2.07E-02,-9.02E-04,6.92E-03,32.28754,-4.17E-07,-4.99E-07,4.16E-05,101.4569,0.7228115,4.98E-02,1829.222,7.62E-02,7.27E-02,6.33E-02,6.04E-02
8:59:59,8/23/20,6.966667,3.55E-03,8.98E-03,1.23E-03,1.14E-02,32.5224,1.69E-06,6.78E-07,2.79E-05,101.4466,0.7162895,4.96E-02,1827.895,5.09E-02,5.09E-02,4.23E-02,4.22E-02
9:03:59,8/23/20,6.975,1.40E-02,2.56E-02,-1.58E-03,8.73E-03,32.83577,5.92E-06,-8.77E-07,-3.11E-07,101.4502,0.7041169,4.91E-02,1827.969,-5.79E-04,1.93E-02,-4.80E-04,1.60E-02
9:07:59,8/23/20,6.95,-8.65E-03,2.29E-02,2.05E-03,9.94E-03,33.13433,-3.53E-06,1.13E-06,-5.07E-05,101.4508,0.6989399,4.90E-02,1830.47,-9.28E-02,5.87E-02,-7.71E-02,4.87E-02
9:11:59,8/23/20,6.941667,-1.95E-02,1.52E-02,3.10E-03,1.05E-02,33.43969,-8.12E-06,1.72E-06,3.74E-07,101.4549,0.6960229,4.88E-02,1827.249,6.71E-04,3.49E-02,5.57E-04,2.90E-02
9:15:59,8/23/20,6.983333,1.17E-02,1.47E-02,4.96E-04,9.27E-03,33.54435,5.17E-06,2.69E-07,1.70E-05,101.4592,0.6929765,4.85E-02,1827.188,3.11E-02,4.37E-02,2.58E-02,3.62E-02
9:19:59,8/23/20,6.941667,-0.0112033,1.61E-02,1.49E-03,7.32E-03,33.63272,-4.71E-06,8.20E-07,1.15E-05,101.4604,0.6854164,4.83E-02,1827.089,2.09E-02,6.26E-02,1.74E-02,5.20E-02
9:23:59,8/23/20,6.958333,1.66E-02,1.97E-02,9.83E-04,9.05E-03,33.33237,7.36E-06,5.39E-07,-3.43E-06,101.4576,0.6836936,4.83E-02,1827.333,-6.23E-03,6.49E-02,-5.17E-03,5.38E-02
9:27:59,8/23/20,6.991667,1.51E-02,2.01E-02,-3.54E-04,6.68E-03,32.87429,6.53E-06,-1.99E-07,2.38E-05,101.4603,0.680211,4.82E-02,1826.361,4.35E-02,6.93E-02,3.61E-02,5.75E-02
9:31:59,8/23/20,6.975,-3.35E-02,2.51E-02,3.99E-03,8.73E-03,32.79957,-1.42E-05,2.21E-06,1.17E-05,101.4656,0.6735437,4.82E-02,1826.478,2.13E-02,4.74E-02,1.77E-02,3.93E-02
9:35:59,8/23/20,6.95,3.66E-04,2.25E-02,1.89E-03,9.50E-03,32.98452,3.77E-07,1.04E-06,1.89E-05,101.4589,0.6734024,4.80E-02,1824.312,3.45E-02,0.1990285,0.0286188,0.1651937
9:39:59,8/23/20,6.966667,7.04E-03,1.29E-02,-2.82E-03,7.06E-03,33.04908,2.75E-06,-1.56E-06,8.54E-05,101.4613,0.6803725,4.79E-02,1821.721,0.1543486,0.5399725,0.1281093,0.4481771
9:43:59,8/23/20,6.95,2.35E-03,1.26E-02,-7.33E-04,1.07E-02,33.02012,9.39E-07,-4.05E-07,9.95E-06,101.4659,0.6688717,4.79E-02,1823.686,0.0181325,4.82E-02,1.50E-02,4.00E-02
9:47:59,8/23/20,6.975,-1.26E-02,1.99E-02,1.74E-03,7.85E-03,32.9793,-5.31E-06,9.63E-07,4.17E-05,101.469,0.6748154,4.78E-02,1824.04,7.61E-02,0.0697541,6.32E-02,5.79E-02
9:51:59,8/23/20,6.966667,7.97E-04,2.83E-02,-1.49E-03,9.69E-03,32.96097,1.76E-07,-8.24E-07,4.47E-05,101.4756,0.6756535,4.79E-02,1823.019,8.13E-02,0.3243422,6.75E-02,0.2692041
9:55:59,8/23/20,6.941667,6.11E-03,1.25E-02,7.74E-04,8.62E-03,32.95224,2.76E-06,4.26E-07,-1.21E-06,101.4767,0.6691628,4.78E-02,1825.151,-2.24E-03,4.08E-02,-1.86E-03,3.39E-02
9:59:59,8/23/20,6.991667,-1.94E-03,1.45E-02,2.23E-04,0.009965,33.03035,-8.19E-07,1.24E-07,-3.96E-06,101.475,0.6736059,4.78E-02,1824.514,-7.24E-03,0.0444997,-6.01E-03,3.69E-02
10:03:59,8/23/20,6.983333,-5.66E-03,2.29E-02,-1.75E-03,8.45E-03,33.15602,-2.67E-06,-9.68E-07,2.15E-05,101.4805,0.6707565,4.76E-02,1824.992,3.93E-02,4.04E-02,3.27E-02,3.35E-02
10:07:59,8/23/20,6.958333,9.86E-03,3.13E-02,9.30E-04,8.25E-03,32.9578,4.41E-06,5.09E-07,3.51E-06,101.4796,0.6712132,4.75E-02,1827.11,6.43E-03,5.12E-02,5.33E-03,4.25E-02
10:11:59,8/23/20,6.941667,-5.41E-03,1.63E-02,-8.02E-04,7.17E-03,32.86988,-2.46E-06,-4.43E-07,5.85E-06,101.4703,0.6737561,4.75E-02,1821.99,1.07E-02,5.06E-02,8.89E-03,0.0420344
10:15:59,8/23/20,6.966667,-2.75E-02,1.80E-02,2.48E-03,8.25E-03,32.84637,-1.17E-05,1.37E-06,9.34E-06,101.4624,0.6715559,4.75E-02,1821.016,1.70E-02,4.62E-02,1.41E-02,3.84E-02
10:19:59,8/23/20,6.95,-4.08E-03,0.0129436,-1.27E-03,6.61E-03,33.00238,-1.92E-06,-7.02E-07,-5.79E-06,101.462,0.6704976,4.74E-02,1825.861,-0.010518,4.28E-02,-8.73E-03,3.55E-02
10:23:59,8/23/20,6.983333,-5.75E-03,1.66E-02,2.51E-03,9.34E-03,33.01615,-2.22E-06,1.39E-06,2.17E-05,101.4631,0.672224,0.0474965,1822.304,3.95E-02,5.05E-02,0.0327476,4.19E-02
10:27:59,8/23/20,6.991667,-4.87E-03,2.37E-02,8.19E-04,8.46E-03,32.94312,-2.02E-06,4.53E-07,-9.46E-06,101.462,0.6674627,4.71E-02,1822.386,-1.71E-02,4.64E-02,-1.42E-02,3.85E-02
10:31:59,8/23/20,6.975,-7.48E-03,2.75E-02,1.79E-03,8.58E-03,32.95694,-3.07E-06,9.93E-07,-2.85E-05,101.4563,0.6627572,4.70E-02,1820.729,-5.19E-02,3.21E-02,-4.31E-02,2.66E-02
10:35:59,8/23/20,6.958333,1.44E-03,9.88E-03,-1.43E-03,8.10E-03,32.97927,4.64E-07,-7.92E-07,4.39E-05,101.4596,0.6702964,4.70E-02,1819.591,7.98E-02,6.58E-02,6.63E-02,5.46E-02
10:39:59,8/23/20,6.966667,-1.01E-02,1.82E-02,2.56E-03,8.95E-03,32.94593,-4.09E-06,1.42E-06,1.41E-05,101.4626,0.6694157,4.69E-02,1822.896,2.56E-02,4.58E-02,2.13E-02,3.80E-02
10:43:59,8/23/20,6.958333,-9.25E-03,1.91E-02,2.79E-03,8.80E-03,32.95134,-3.72E-06,1.55E-06,6.84E-06,101.4633,0.6638968,4.68E-02,1818.965,1.24E-02,8.50E-02,1.03E-02,7.05E-02
10:47:59,8/23/20,6.983333,-4.38E-02,1.79E-02,3.46E-03,9.26E-03,32.94605,-1.87E-05,1.92E-06,6.36E-07,101.4609,0.6710184,4.68E-02,1822.805,1.18E-03,5.71E-02,9.77E-04,4.74E-02
10:51:59,8/23/20,6.941667,3.44E-03,1.55E-02,2.06E-03,7.90E-03,32.98935,1.73E-06,1.14E-06,9.87E-06,101.4624,0.6735969,4.69E-02,1819.891,1.79E-02,0.1168551,1.49E-02,9.70E-02
10:55:59,8/23/20,6.95,-1.48E-02,0.0146608,2.08E-03,9.88E-03,32.93662,-6.23E-06,1.15E-06,1.12E-05,101.4655,0.6756393,4.71E-02,1823.737,2.04E-02,0.1274128,1.70E-02,0.1057526
10:59:59,8/23/20,6.991667,-8.05E-04,1.66E-02,-1.60E-03,8.72E-03,32.96952,-5.42E-07,-8.86E-07,3.16E-05,101.4666,0.6772642,4.71E-02,1822.374,5.76E-02,5.38E-02,0.0478235,4.47E-02
11:03:59,8/23/20,6.975,-8.21E-03,1.14E-02,4.23E-03,1.28E-02,32.94479,-3.09E-06,2.34E-06,9.58E-06,101.4663,0.6737289,4.81E-02,1821.09,1.75E-02,8.96E-02,1.45E-02,7.44E-02
11:07:59,8/23/20,6.991667,-5.80E-03,2.41E-02,-9.25E-04,8.72E-03,32.9412,-2.64E-06,-5.10E-07,1.77E-06,101.4637,0.6829871,4.83E-02,1820.779,3.23E-03,4.73E-02,2.68E-03,3.93E-02
11:11:59,8/23/20,6.966667,1.42E-02,2.09E-02,4.78E-04,7.47E-03,32.9651,6.24E-06,2.61E-07,-2.34E-05,101.4655,0.6769388,4.79E-02,1820.093,-4.27E-02,3.07E-02,-3.54E-02,2.55E-02
11:15:59,8/23/20,6.941667,4.02E-03,1.49E-02,2.37E-05,7.83E-03,33.05897,1.76E-06,1.03E-08,-1.38E-05,101.4611,0.6730412,4.76E-02,1820.47,-2.51E-02,2.95E-02,-2.08E-02,2.45E-02
11:19:59,8/23/20,6.95,9.83E-03,1.95E-02,3.06E-03,9.26E-03,32.91994,4.65E-06,1.69E-06,-5.12E-07,101.4542,0.6765034,4.74E-02,1822.148,-9.15E-04,4.32E-02,-7.59E-04,3.59E-02
11:23:59,8/23/20,6.958333,8.07E-04,1.82E-02,-2.99E-03,9.64E-03,32.94968,1.02E-08,-1.65E-06,-2.16E-05,101.4431,0.6785277,4.73E-02,1822.239,-3.94E-02,0.1480098,-3.27E-02,0.1228481
11:27:59,8/23/20,6.983333,-5.75E-03,2.46E-02,-1.40E-03,8.13E-03,32.92557,-2.68E-06,-7.75E-07,1.49E-05,101.4361,0.6812972,4.72E-02,1821.25,2.72E-02,5.09E-02,2.26E-02,4.22E-02
11:31:59,8/23/20,6.975,-1.41E-02,1.91E-02,1.38E-03,7.04E-03,32.9807,-6.01E-06,7.66E-07,8.85E-06,101.4321,0.6802484,0.0472144,1821.108,1.61E-02,4.93E-02,1.33E-02,4.09E-02
11:35:59,8/23/20,6.991667,-8.37E-03,1.63E-02,1.62E-03,7.79E-03,33.07338,-3.47E-06,9.00E-07,3.86E-05,101.4307,0.6858632,4.72E-02,1822.004,7.03E-02,5.43E-02,5.84E-02,4.51E-02
11:39:59,8/23/20,6.941667,-1.71E-02,2.16E-02,-8.41E-04,1.07E-02,32.84523,-7.56E-06,-4.62E-07,-9.79E-06,101.4269,0.6798596,4.69E-02,1822.371,-1.78E-02,0.1724841,-1.48E-02,0.1431618
11:43:59,8/23/20,6.966667,-6.58E-04,1.50E-02,1.36E-03,7.75E-03,32.95537,-1.28E-07,7.53E-07,3.64E-05,101.4234,0.6881685,0.0469869,1820.915,6.64E-02,5.73E-02,5.51E-02,4.75E-02
11:47:59,8/23/20,6.983333,1.13E-03,1.86E-02,-9.76E-05,7.65E-03,32.96077,4.88E-07,-5.55E-08,2.55E-05,101.418,0.6825739,4.69E-02,1820.149,4.65E-02,0.2082479,3.86E-02,0.1728457
11:51:59,8/23/20,6.95,6.71E-03,2.75E-02,-1.28E-03,7.98E-03,32.84343,2.79E-06,-7.10E-07,-2.59E-07,101.4099,0.6852956,4.68E-02,1817.2,-4.81E-04,4.32E-02,-3.99E-04,3.59E-02
11:55:59,8/23/20,6.975,-2.23E-02,2.64E-02,-2.95E-03,7.23E-03,32.94199,-1.01E-05,-1.63E-06,-3.34E-05,101.4101,0.6850598,4.68E-02,1819.031,-6.08E-02,4.71E-02,-5.05E-02,3.91E-02
11:59:59,8/23/20,6.958333,-7.29E-03,1.22E-02,1.61E-03,8.67E-03,32.97167,-3.00E-06,8.87E-07,4.11E-07,101.4059,0.6914833,4.68E-02,1822.372,6.97E-04,3.63E-02,5.78E-04,3.01E-02
12:03:59,8/23/20,6.966667,-3.77E-03,1.77E-02,-2.83E-03,1.03E-02,33.0083,-1.98E-06,-1.57E-06,2.24E-06,101.3983,0.6857011,4.67E-02,1819.783,4.08E-03,3.11E-02,3.38E-03,2.58E-02
12:07:59,8/23/20,6.983333,1.38E-03,2.24E-02,-2.45E-04,7.83E-03,32.96917,5.76E-07,-1.37E-07,-5.68E-07,101.3916,0.6805292,4.65E-02,1818.705,-0.0010156,2.65E-02,-8.43E-04,2.20E-02
12:11:59,8/23/20,6.941667,-5.56E-03,1.58E-02,0.0022071,7.85E-03,32.85062,-2.17E-06,1.22E-06,6.19E-06,101.3857,0.6864285,4.67E-02,1819.359,1.13E-02,4.62E-02,9.37E-03,3.84E-02
12:15:59,8/23/20,6.966667,-8.37E-03,1.76E-02,2.06E-03,6.54E-03,32.90682,-3.43E-06,1.14E-06,-4.67E-06,101.3788,0.6885042,0.046481,1817.209,-8.46E-03,0.1291486,-7.02E-03,0.1071933
12:18:00,8/23/20,6.983333,-0.0199077,1.66E-02,5.89E-04,8.05E-03,32.91545,-8.66E-06,3.29E-07,-4.11E-06,101.3702,0.6803735,4.64E-02,1816.187,-7.45E-03,1.84E-02,-6.18E-03,1.53E-02
12:22:00,8/23/20,6.958333,1.57E-02,1.95E-02,-4.93E-05,9.42E-03,32.93322,6.88E-06,-3.15E-08,1.20E-05,101.3596,0.6891055,4.64E-02,1815.739,2.19E-02,4.93E-02,1.82E-02,4.09E-02
12:26:00,8/23/20,6.991667,1.04E-03,1.59E-02,2.61E-03,9.73E-03,32.92065,7.54E-07,1.45E-06,-5.96E-07,101.3503,0.6933956,4.66E-02,1816.629,-1.09E-03,3.99E-02,-9.03E-04,3.31E-02
12:30:00,8/23/20,6.966667,3.18E-03,0.0138201,-6.91E-06,8.88E-03,32.8191,1.40E-06,-3.72E-09,1.76E-05,101.3489,0.6941291,4.65E-02,1815.131,3.18E-02,3.37E-02,2.64E-02,2.80E-02
12:34:00,8/23/20,6.975,6.57E-03,2.43E-02,1.84E-03,7.14E-03,32.98982,3.10E-06,1.01E-06,-1.30E-05,101.3466,0.691945,4.65E-02,1816.521,-2.36E-02,3.69E-02,-1.96E-02,3.06E-02
12:38:00,8/23/20,6.95,-8.50E-03,1.31E-02,2.68E-04,7.73E-03,32.9727,-3.69E-06,1.51E-07,1.40E-05,101.3415,0.7002933,4.64E-02,1815.39,2.53E-02,5.60E-02,2.10E-02,4.65E-02
12:42:00,8/23/20,6.941667,3.95E-04,1.97E-02,-5.20E-03,9.73E-03,32.89895,-4.36E-07,-2.89E-06,-1.94E-05,101.3361,0.6991519,4.64E-02,1815.995,-3.52E-02,4.12E-02,-2.92E-02,3.42E-02
12:46:00,8/23/20,6.983333,-3.41E-02,1.65E-02,-9.67E-04,8.91E-03,32.8429,-1.51E-05,-5.31E-07,1.52E-05,101.3328,0.702253,4.65E-02,1816.692,2.75E-02,4.81E-02,2.28E-02,3.99E-02
12:50:00,8/23/20,6.941667,-4.36E-02,1.81E-02,-3.72E-04,9.26E-03,32.87545,-1.91E-05,-1.97E-07,8.17E-07,101.3303,0.7001022,4.63E-02,1815.611,1.47E-03,2.96E-02,1.22E-03,2.46E-02
12:54:00,8/23/20,6.958333,2.83E-03,2.45E-02,-1.05E-03,8.69E-03,32.99137,1.12E-06,-5.82E-07,3.51E-05,101.3283,0.7011908,4.64E-02,1815.061,6.36E-02,5.26E-02,5.28E-02,4.37E-02
12:58:00,8/23/20,6.991667,6.73E-03,2.51E-02,-7.77E-04,9.45E-03,32.92222,2.86E-06,-4.34E-07,3.60E-05,101.3265,0.7023192,4.64E-02,1814.663,6.53E-02,5.79E-02,5.42E-02,4.81E-02
13:02:00,8/23/20,6.975,7.08E-03,1.42E-02,-1.70E-03,0.0090413,32.92812,2.90E-06,-9.45E-07,2.00E-05,101.3282,0.6936839,4.62E-02,1814.284,3.63E-02,4.85E-02,3.01E-02,4.02E-02
13:06:00,8/23/20,6.95,-1.28E-03,0.0233945,1.40E-03,8.41E-03,32.99415,-4.03E-07,7.77E-07,2.34E-05,101.3213,0.695906,4.63E-02,1814.694,4.25E-02,5.47E-02,3.53E-02,0.0454147
13:10:00,8/23/20,6.966667,-6.80E-03,1.52E-02,-1.97E-03,7.84E-03,32.8194,-3.21E-06,-1.09E-06,2.16E-05,101.3144,0.6946649,4.63E-02,1815.732,3.93E-02,5.96E-02,3.26E-02,4.95E-02
13:14:00,8/23/20,6.95,6.77E-03,1.55E-02,-8.95E-04,7.83E-03,32.92155,2.87E-06,-4.98E-07,1.45E-06,101.3142,0.6891769,4.62E-02,1813.238,2.64E-03,2.07E-02,2.19E-03,1.72E-02
13:18:00,8/23/20,6.975,1.22E-02,1.54E-02,-2.47E-03,7.84E-03,32.89193,5.07E-06,-1.37E-06,2.18E-05,101.3135,0.6944836,4.63E-02,1814.802,3.95E-02,4.63E-02,3.28E-02,0.038398
13:22:00,8/23/20,6.966667,-1.05E-02,2.41E-02,2.06E-03,9.78E-03,32.93355,-4.35E-06,1.15E-06,2.30E-05,101.3159,0.6990057,4.64E-02,1815.355,4.18E-02,5.02E-02,3.47E-02,4.17E-02
13:26:00,8/23/20,6.941667,7.23E-03,2.22E-02,1.43E-03,8.06E-03,32.92189,3.34E-06,7.96E-07,9.47E-05,101.3117,0.7045981,4.63E-02,1812.79,0.1706021,0.6183513,0.1415997,0.5132315
13:30:00,8/23/20,6.991667,1.37E-02,2.18E-02,-2.57E-03,8.09E-03,32.96065,5.73E-06,-1.43E-06,-6.57E-07,101.3074,0.7070684,4.62E-02,1810.775,-1.18E-03,5.67E-02,-9.82E-04,4.71E-02
13:34:00,8/23/20,6.983333,2.40E-03,1.65E-02,-3.70E-03,9.09E-03,32.88474,6.21E-07,-2.06E-06,-1.27E-05,101.3074,0.7046677,4.64E-02,1813.477,-0.0230797,2.93E-02,-1.92E-02,2.43E-02
13:38:00,8/23/20,6.958333,-6.52E-03,2.15E-02,7.66E-04,8.70E-03,32.91449,-2.77E-06,4.28E-07,3.29E-07,101.3023,0.7080364,4.65E-02,1814.23,6.19E-04,0.1808918,5.14E-04,0.1501402
13:42:00,8/23/20,6.941667,-3.75E-03,1.67E-02,2.29E-03,9.70E-03,32.91613,-1.38E-06,1.28E-06,7.60E-07,101.2893,0.7134717,4.64E-02,1813.447,1.40E-03,2.72E-02,1.16E-03,2.26E-02
13:46:00,8/23/20,6.966667,1.05E-02,1.17E-02,4.71E-05,8.92E-03,32.88599,4.60E-06,2.41E-08,2.70E-05,101.2839,0.717306,0.0462045,1811.866,4.89E-02,4.49E-02,4.06E-02,3.73E-02
13:50:00,8/23/20,6.95,-5.22E-03,1.35E-02,7.58E-05,8.68E-03,32.81998,-2.29E-06,4.43E-08,1.12E-05,101.2781,0.7101114,0.0463497,1812.436,2.02E-02,0.1032029,1.68E-02,8.57E-02
13:54:00,8/23/20,6.983333,-5.70E-03,1.92E-02,2.47E-03,8.80E-03,32.90849,-2.22E-06,1.37E-06,-2.39E-06,101.264,0.7138706,4.64E-02,1811.479,-4.32E-03,2.65E-02,-3.59E-03,2.20E-02
13:58:00,8/23/20,6.991667,-7.76E-04,0.0196358,1.87E-03,8.51E-03,33.01337,-1.29E-07,1.04E-06,3.76E-05,101.254,0.7202466,0.046316,1811.895,6.81E-02,5.46E-02,5.65E-02,4.54E-02
14:02:00,8/23/20,6.975,1.99E-03,1.84E-02,-1.41E-03,6.88E-03,32.87144,7.14E-07,-7.84E-07,1.15E-05,101.249,0.7151179,4.62E-02,1812.971,2.08E-02,4.34E-02,1.73E-02,0.0360194
14:06:00,8/23/20,6.958333,-2.53E-03,1.89E-02,-3.81E-04,7.21E-03,32.7349,-1.16E-06,-2.11E-07,1.57E-05,101.2487,0.7213022,4.62E-02,1813.665,2.84E-02,0.1697632,2.36E-02,0.1409035
14:10:00,8/23/20,6.966667,7.80E-03,1.31E-02,-3.57E-03,1.01E-02,32.85508,3.01E-06,-1.99E-06,3.24E-05,101.2501,0.7250175,4.60E-02,1813.746,5.88E-02,5.16E-02,4.88E-02,4.28E-02
14:14:00,8/23/20,6.958333,-5.87E-04,1.43E-02,-9.74E-04,9.27E-03,32.93568,-3.70E-07,-5.40E-07,-8.30E-07,101.2439,0.7127569,0.0462269,1812.517,-1.51E-03,0.0236093,-1.25E-03,1.96E-02
14:18:00,8/23/20,6.983333,5.49E-03,1.41E-02,-3.20E-04,8.34E-03,32.89932,2.38E-06,-1.82E-07,2.46E-05,101.2385,0.7196823,0.0462188,1812.718,4.47E-02,0.1336758,3.71E-02,0.1109509
14:22:00,8/23/20,6.941667,-1.40E-02,1.82E-02,-1.40E-03,9.85E-03,32.87408,-6.31E-06,-7.73E-07,3.13E-05,101.2445,0.7187142,4.62E-02,1813.601,5.69E-02,5.50E-02,4.72E-02,4.56E-02
14:26:00,8/23/20,6.95,8.64E-03,2.22E-02,-1.29E-03,9.33E-03,32.84312,3.64E-06,-7.21E-07,1.04E-05,101.2417,0.7165599,4.64E-02,1812.301,1.88E-02,3.93E-02,0.0155959,3.26E-02
14:30:00,8/23/20,6.991667,1.15E-02,0.0266157,-2.36E-03,1.08E-02,32.88085,4.80E-06,-1.31E-06,-2.36E-05,101.2348,0.7100117,4.61E-02,1809.382,-4.28E-02,0.1759946,-0.0355016,0.1460755
14:34:00,8/23/20,6.975,1.09E-02,1.58E-02,-2.33E-03,8.18E-03,32.86635,4.53E-06,-1.30E-06,-6.93E-07,101.214,0.7076606,4.61E-02,1810.5,-1.25E-03,0.0455046,-1.04E-03,3.78E-02
14:38:00,8/23/20,6.991667,3.53E-03,1.33E-02,1.14E-03,8.08E-03,32.93419,1.69E-06,6.37E-07,-1.34E-05,101.2008,0.7124525,4.60E-02,1810.769,-2.43E-02,4.81E-02,-2.02E-02,4.00E-02
14:42:00,8/23/20,6.966667,3.13E-04,1.63E-02,-1.61E-03,7.87E-03,32.84215,-5.12E-08,-8.92E-07,-7.05E-07,101.2142,0.7067038,4.59E-02,1811.234,-1.30E-03,1.82E-02,-1.08E-03,1.51E-02
14:46:00,8/23/20,6.941667,1.03E-03,8.29E-03,-5.06E-06,6.76E-03,32.80748,4.54E-07,-3.65E-09,-1.10E-06,101.2009,0.7006796,4.62E-02,1810.459,-2.00E-03,0.0215646,-1.66E-03,1.79E-02
14:50:00,8/23/20,6.95,-6.90E-03,1.61E-02,-4.23E-04,9.92E-03,32.91707,-3.08E-06,-2.34E-07,8.84E-07,101.2065,0.7060027,0.0462259,1811.394,1.60E-03,4.28E-02,1.33E-03,0.0355116
14:54:00,8/23/20,6.958333,1.26E-02,1.66E-02,2.07E-03,7.52E-03,32.86465,5.77E-06,1.14E-06,-2.85E-06,101.2155,0.7049987,4.62E-02,1814.367,-5.15E-03,3.79E-02,-4.27E-03,3.14E-02
14:58:00,8/23/20,6.983333,-9.91E-03,1.94E-02,2.84E-03,7.65E-03,32.8302,-4.02E-06,1.58E-06,-2.37E-06,101.2176,0.7050401,4.61E-02,1811.901,-4.27E-03,3.53E-02,-3.55E-03,2.93E-02
15:02:00,8/23/20,6.975,-1.15E-02,2.04E-02,-1.99E-03,8.42E-03,32.8451,-5.31E-06,-1.11E-06,3.05E-05,101.2213,0.7059095,4.62E-02,1812.249,5.53E-02,4.59E-02,4.59E-02,3.81E-02
15:06:00,8/23/20,6.991667,-9.81E-03,0.015936,-1.77E-03,7.84E-03,32.88078,-4.53E-06,-9.83E-07,1.13E-05,101.235,0.7013727,4.63E-02,1810.771,2.05E-02,3.71E-02,1.70E-02,3.08E-02
15:10:00,8/23/20,6.941667,-5.01E-03,1.74E-02,-6.79E-04,8.62E-03,32.85408,-2.28E-06,-3.75E-07,5.15E-06,101.2421,0.6917161,4.63E-02,1811.9,9.34E-03,2.06E-02,7.75E-03,0.0171095
15:14:00,8/23/20,6.966667,2.45E-03,2.06E-02,1.65E-03,9.36E-03,32.93072,1.26E-06,9.17E-07,1.94E-05,101.2619,0.6931454,4.64E-02,1814.908,0.0352762,4.94E-02,2.93E-02,4.10E-02
15:18:00,8/23/20,6.983333,-8.66E-03,1.91E-02,-2.76E-03,8.19E-03,32.83612,-4.12E-06,-1.53E-06,1.64E-06,101.2656,0.6842329,4.64E-02,1812.014,2.98E-03,1.44E-02,2.47E-03,1.19E-02
15:22:00,8/23/20,6.95,-6.69E-03,1.81E-02,1.72E-03,7.94E-03,32.89008,-2.74E-06,9.57E-07,3.92E-05,101.2646,0.6954268,4.63E-02,1813.293,7.12E-02,4.97E-02,5.91E-02,4.12E-02
15:26:00,8/23/20,6.975,-1.70E-03,1.08E-02,-6.71E-04,8.94E-03,32.86082,-8.25E-07,-3.72E-07,-1.90E-06,101.2854,0.6950393,4.65E-02,1813.378,-3.45E-03,3.36E-02,-2.87E-03,2.79E-02
15:30:00,8/23/20,6.958333,8.38E-03,1.79E-02,2.11E-03,9.48E-03,32.85182,3.92E-06,1.17E-06,-2.21E-06,101.3033,0.7039859,0.0465609,1812.856,-4.00E-03,0.0442543,-3.32E-03,3.67E-02
15:34:00,8/23/20,6.966667,1.37E-03,1.99E-02,5.65E-04,8.66E-03,32.79362,6.64E-07,3.12E-07,2.92E-05,101.291,0.7064897,4.64E-02,1814.618,5.30E-02,5.18E-02,4.40E-02,4.30E-02
15:38:00,8/23/20,6.983333,-4.53E-03,1.24E-02,9.78E-04,8.47E-03,32.92345,-1.87E-06,5.43E-07,-1.23E-06,101.2915,0.6964326,0.0465727,1815.75,-2.22E-03,2.30E-02,-1.84E-03,0.0191046
15:42:00,8/23/20,6.941667,3.28E-03,0.0215046,-9.61E-04,7.82E-03,32.88428,1.33E-06,-5.34E-07,5.10E-05,101.2885,0.7056533,4.66E-02,1813.252,9.24E-02,0.3493996,7.67E-02,0.2900016
15:46:00,8/23/20,6.966667,-5.03E-03,0.0115694,-2.76E-03,8.26E-03,32.73342,-2.53E-06,-1.53E-06,3.46E-05,101.3008,0.7002865,4.66E-02,1813.732,6.28E-02,4.42E-02,5.21E-02,0.0366497
15:48:01,8/23/20,6.983333,-2.13E-03,1.24E-02,-2.29E-03,8.55E-03,32.81205,-1.20E-06,-1.27E-06,-1.07E-05,101.3015,0.6890271,4.65E-02,1811.526,-1.94E-02,4.26E-02,-1.61E-02,3.54E-02
15:52:01,8/23/20,6.958333,3.34E-03,1.78E-02,-9.09E-04,8.47E-03,32.7746,1.36E-06,-5.05E-07,2.80E-05,101.3135,0.6910828,4.66E-02,1816.371,5.08E-02,5.60E-02,4.22E-02,0.0465174
15:56:01,8/23/20,6.991667,4.02E-03,1.49E-02,-1.55E-03,1.20E-02,32.881,1.59E-06,-8.65E-07,-5.50E-05,101.3621,0.6802416,4.65E-02,1815.041,-9.99E-02,0.2600998,-8.29E-02,0.2158828
16:00:01,8/23/20,6.966667,2.85E-03,1.90E-02,-8.76E-04,7.69E-03,32.84742,1.14E-06,-4.87E-07,-6.58E-06,101.3146,0.6699759,4.66E-02,1815.275,-1.20E-02,2.57E-02,-9.92E-03,2.14E-02
16:04:01,8/23/20,6.975,-1.04E-02,2.19E-02,7.19E-04,9.03E-03,32.78883,-4.48E-06,4.02E-07,-1.13E-06,101.3188,0.6632933,4.67E-02,1814.511,-2.06E-03,1.71E-02,-1.71E-03,1.42E-02
16:08:01,8/23/20,6.95,-2.66E-02,2.21E-02,1.37E-03,8.49E-03,32.84819,-1.15E-05,7.66E-07,6.99E-05,101.2457,0.6729237,4.68E-02,1811.705,0.1249574,0.4386836,0.1037147,0.3641074
16:12:01,8/23/20,6.941667,6.51E-03,2.43E-02,-4.21E-03,1.22E-02,32.78742,2.37E-06,-2.34E-06,-4.49E-05,101.2449,0.6638028,4.66E-02,1811.932,-8.12E-02,0.176948,-6.74E-02,0.1468669
16:16:01,8/23/20,6.983333,-8.67E-04,1.49E-02,2.12E-04,8.13E-03,32.81805,-3.56E-07,1.20E-07,-1.10E-05,101.2453,0.6675727,4.68E-02,1810.839,-1.99E-02,0.2147038,-1.65E-02,0.1782041
16:20:01,8/23/20,6.941667,-9.22E-03,1.81E-02,3.10E-03,8.13E-03,32.88185,-3.69E-06,1.72E-06,6.62E-06,101.249,0.6711684,4.70E-02,1811.818,1.20E-02,0.148862,0.0099926,0.1235554
16:24:01,8/23/20,6.958333,-1.45E-02,2.60E-02,6.55E-04,9.93E-03,32.88772,-6.27E-06,3.66E-07,2.63E-05,101.2698,0.6752995,4.71E-02,1814,4.78E-02,0.2104144,3.97E-02,0.1746439
16:28:01,8/23/20,6.991667,8.37E-03,1.68E-02,1.83E-03,7.49E-03,32.8337,3.88E-06,1.02E-06,2.78E-05,101.2712,0.6756669,4.71E-02,1813.876,5.05E-02,4.69E-02,4.19E-02,3.89E-02
16:32:01,8/23/20,6.975,9.85E-03,1.56E-02,-1.83E-03,7.60E-03,32.79609,4.10E-06,-1.02E-06,-1.18E-05,101.2727,0.6674564,4.70E-02,1812.936,-2.13E-02,2.67E-02,-1.77E-02,2.21E-02
16:36:01,8/23/20,6.95,-2.28E-03,1.74E-02,1.63E-04,7.02E-03,32.93512,-9.82E-07,8.86E-08,-1.11E-05,101.2486,0.6726833,4.71E-02,1814.076,-2.02E-02,0.1654809,-1.68E-02,0.1373491
16:40:01,8/23/20,6.966667,9.19E-03,1.14E-02,1.92E-04,7.40E-03,32.83213,4.06E-06,1.04E-07,-2.05E-05,101.236,0.6675015,4.71E-02,1809.74,-3.71E-02,2.92E-02,-0.0307644,2.42E-02
16:44:01,8/23/20,6.95,3.21E-03,1.15E-02,-1.96E-03,9.23E-03,32.83617,1.18E-06,-1.09E-06,-1.18E-06,101.2436,0.6655563,4.71E-02,1813.207,-2.12E-03,0.0646554,-1.76E-03,5.37E-02
16:48:01,8/23/20,6.975,4.64E-03,1.47E-02,1.79E-03,8.25E-03,32.84397,2.24E-06,9.93E-07,2.86E-05,101.2494,0.6708594,4.73E-02,1813.9,5.19E-02,3.67E-02,4.31E-02,3.04E-02
16:52:01,8/23/20,6.966667,8.22E-03,1.59E-02,7.72E-04,1.03E-02,32.90502,3.70E-06,4.29E-07,3.44E-05,101.2746,0.6761489,4.74E-02,1812.321,6.23E-02,5.57E-02,5.17E-02,4.62E-02
16:56:01,8/23/20,6.941667,-0.0171916,1.97E-02,1.26E-03,8.82E-03,32.78785,-7.40E-06,7.05E-07,3.30E-06,101.2783,0.6686486,4.73E-02,1811.498,5.99E-03,2.39E-02,4.97E-03,1.98E-02
17:00:01,8/23/20,6.991667,-1.32E-02,1.96E-02,7.91E-04,9.49E-03,32.75895,-5.71E-06,4.42E-07,-3.55E-05,101.2844,0.6706715,4.73E-02,1814.682,-6.43E-02,0.1785607,-5.33E-02,0.1482054
17:04:01,8/23/20,6.983333,0.0244361,2.06E-02,4.18E-03,7.90E-03,32.81165,1.12E-05,2.31E-06,7.00E-06,101.2779,0.6683026,4.74E-02,1813.824,1.27E-02,3.84E-02,1.06E-02,3.19E-02
17:08:01,8/23/20,6.958333,-5.50E-03,1.87E-02,-2.87E-04,6.95E-03,32.82905,-2.45E-06,-1.58E-07,2.35E-05,101.2797,0.6716518,4.72E-02,1815.507,0.0426859,7.21E-02,0.0354293,5.99E-02
17:12:01,8/23/20,6.941667,3.12E-03,1.38E-02,-2.62E-03,8.25E-03,32.87485,1.07E-06,-1.46E-06,1.88E-05,101.265,0.6709163,0.0473608,1813.009,3.41E-02,4.81E-02,0.0282961,0.039931
17:16:01,8/23/20,6.966667,-6.94E-03,1.52E-02,5.94E-04,0.007969,32.7661,-2.97E-06,3.31E-07,6.41E-06,101.2634,0.6673908,4.73E-02,1814.698,1.16E-02,2.28E-02,9.65E-03,1.89E-02
17:20:01,8/23/20,6.95,1.30E-02,1.90E-02,-4.93E-03,9.55E-03,32.8051,5.12E-06,-2.74E-06,-4.67E-06,101.2618,0.6594537,4.73E-02,1811.982,-8.47E-03,2.66E-02,-7.03E-03,2.21E-02
17:24:01,8/23/20,6.983333,5.80E-03,1.28E-02,1.24E-03,8.26E-03,32.85167,2.69E-06,6.91E-07,7.69E-05,101.2411,0.6693848,4.73E-02,1812.212,0.1383236,0.4766649,0.1148086,0.3956318
17:28:01,8/23/20,6.991667,7.52E-03,1.88E-02,-3.29E-03,7.91E-03,32.93034,2.91E-06,-1.83E-06,5.12E-06,101.2322,0.6648026,4.74E-02,1813.863,9.31E-03,6.56E-02,7.73E-03,5.44E-02
17:32:01,8/23/20,6.975,8.11E-03,1.90E-02,-4.17E-04,1.31E-02,32.89612,3.52E-06,-2.33E-07,5.56E-06,101.236,0.6626229,4.75E-02,1810.297,1.01E-02,0.1303307,8.40E-03,0.1081745
17:36:01,8/23/20,6.958333,-4.27E-03,1.59E-02,-9.95E-04,6.05E-03,32.84602,-1.98E-06,-5.52E-07,-4.82E-06,101.2418,0.6694303,4.73E-02,1814.37,-8.76E-03,0.0494981,-7.27E-03,4.11E-02
17:40:01,8/23/20,6.966667,-2.90E-03,1.89E-02,-6.14E-04,8.73E-03,32.88673,-1.34E-06,-3.38E-07,7.03E-06,101.2463,0.6690069,4.75E-02,1812.212,0.0127507,3.77E-02,1.06E-02,3.13E-02
17:44:01,8/23/20,6.958333,-4.46E-03,2.19E-02,0.0024441,9.61E-03,32.80937,-1.68E-06,1.36E-06,-3.80E-06,101.2549,0.6611903,4.74E-02,1813.13,-6.88E-03,2.43E-02,-5.71E-03,2.02E-02
17:48:01,8/23/20,6.983333,-1.39E-03,1.84E-02,-1.18E-03,9.02E-03,32.85443,-7.52E-07,-6.55E-07,8.34E-06,101.2506,0.6679387,0.0474012,1814.498,1.52E-02,4.20E-02,1.26E-02,3.48E-02
17:52:01,8/23/20,6.941667,7.38E-03,1.67E-02,-7.86E-04,9.42E-03,32.72885,3.14E-06,-4.36E-07,1.57E-05,101.261,0.6712381,4.75E-02,1813.658,2.84E-02,0.1534776,2.35E-02,0.1273864
17:56:01,8/23/20,6.95,4.52E-03,1.23E-02,-4.23E-03,7.87E-03,32.88022,1.49E-06,-2.35E-06,1.00E-05,101.2493,0.6711492,4.73E-02,1812.233,1.81E-02,3.04E-02,0.0150351,2.52E-02
18:00:01,8/23/20,6.991667,-8.55E-03,0.0100598,1.85E-03,1.01E-02,32.99962,-3.53E-06,1.03E-06,-1.14E-05,101.2494,0.6702231,4.74E-02,1813.468,-2.07E-02,2.88E-02,-1.72E-02,2.39E-02
18:04:01,8/23/20,6.975,7.88E-03,1.94E-02,-3.35E-03,8.12E-03,32.84399,3.07E-06,-1.86E-06,5.45E-06,101.2617,0.6680198,4.72E-02,1813.19,9.87E-03,3.77E-02,8.19E-03,3.13E-02
18:08:01,8/23/20,6.991667,5.24E-03,2.15E-02,-8.14E-04,9.36E-03,32.76923,2.20E-06,-4.52E-07,9.82E-06,101.2645,0.6734397,4.72E-02,1811.973,1.78E-02,4.66E-02,1.48E-02,3.87E-02
18:12:01,8/23/20,6.966667,-2.91E-03,1.35E-02,-8.13E-04,9.31E-03,32.85699,-1.38E-06,-4.51E-07,-4.43E-07,101.2646,0.6689754,4.72E-02,1813.429,-8.36E-04,2.58E-02,-6.94E-04,2.14E-02
18:16:01,8/23/20,6.941667,-2.58E-03,0.0209528,-1.14E-03,8.71E-03,32.86255,-1.26E-06,-6.33E-07,5.34E-06,101.2574,0.6653437,4.73E-02,1814.24,9.69E-03,1.53E-02,8.05E-03,1.27E-02
18:20:01,8/23/20,6.95,-3.76E-03,1.64E-02,-4.15E-03,7.79E-03,32.81989,-2.14E-06,-2.30E-06,1.52E-05,101.2621,0.6721757,4.72E-02,1812.662,2.76E-02,3.72E-02,2.29E-02,3.09E-02
18:24:01,8/23/20,6.958333,6.83E-03,1.23E-02,1.90E-03,7.27E-03,32.76664,3.22E-06,1.05E-06,9.81E-06,101.2655,0.6716315,4.72E-02,1812.786,1.78E-02,3.19E-02,1.47E-02,2.65E-02
18:28:01,8/23/20,6.983333,-7.90E-03,1.82E-02,-3.89E-03,7.40E-03,32.86832,-3.92E-06,-2.16E-06,1.82E-05,101.2747,0.6757147,4.72E-02,1813.163,3.30E-02,3.99E-02,2.74E-02,0.0330876
18:32:01,8/23/20,6.975,3.77E-03,2.18E-02,4.22E-03,9.93E-03,32.89959,2.15E-06,2.34E-06,-2.61E-05,101.2607,0.6712467,4.90E-02,1812.727,-4.73E-02,9.97E-02,-3.92E-02,8.28E-02
18:36:01,8/23/20,6.991667,2.73E-03,1.48E-02,1.52E-03,9.59E-03,32.83637,1.37E-06,8.46E-07,-2.22E-05,101.2785,0.6979387,4.96E-02,1811.867,-4.02E-02,5.31E-02,-3.34E-02,4.41E-02
18:40:01,8/23/20,6.941667,-6.89E-03,1.11E-02,2.79E-03,9.33E-03,32.8654,-2.70E-06,1.56E-06,1.81E-05,101.2759,0.6906461,4.93E-02,1811.567,3.28E-02,2.92E-02,2.72E-02,2.42E-02
18:44:01,8/23/20,6.966667,2.74E-03,1.19E-02,1.76E-03,8.38E-03,32.71067,1.40E-06,9.83E-07,7.89E-07,101.287,0.688659,4.87E-02,1813.774,1.43E-03,4.22E-02,1.19E-03,3.50E-02
18:48:01,8/23/20,6.983333,6.09E-03,1.43E-02,-4.11E-03,8.72E-03,32.7358,2.20E-06,-2.29E-06,3.51E-06,101.2997,0.6767858,4.80E-02,1812.146,6.36E-03,2.38E-02,5.28E-03,1.97E-02
18:52:01,8/23/20,6.95,-6.59E-03,1.63E-02,4.50E-04,7.42E-03,32.86887,-2.84E-06,2.52E-07,3.25E-05,101.3162,0.68231,4.78E-02,1814.37,5.90E-02,4.75E-02,4.90E-02,3.94E-02
18:56:01,8/23/20,6.975,9.06E-04,1.18E-02,-2.42E-03,7.45E-03,32.76178,1.18E-07,-1.34E-06,3.39E-05,101.3269,0.6817219,4.78E-02,1815.201,6.15E-02,5.24E-02,5.11E-02,4.35E-02
19:00:01,8/23/20,6.958333,-8.67E-03,1.88E-02,4.50E-04,9.08E-03,32.82143,-3.75E-06,2.52E-07,1.23E-06,101.3214,0.6798211,4.77E-02,1813.829,2.19E-03,5.47E-02,1.82E-03,4.54E-02
19:04:01,8/23/20,6.966667,-3.44E-03,1.72E-02,-6.05E-04,7.68E-03,32.83183,-1.58E-06,-3.37E-07,5.63E-06,101.3277,0.6793815,4.76E-02,1813.894,1.03E-02,0.208785,8.51E-03,0.1732915
19:08:01,8/23/20,6.983333,2.37E-03,0.0143881,-2.52E-03,6.66E-03,32.86269,7.41E-07,-1.40E-06,-7.26E-06,101.3239,0.6725705,4.74E-02,1813.042,-1.32E-02,8.60E-02,-0.0109201,7.14E-02
19:12:01,8/23/20,6.941667,-1.37E-02,2.16E-02,-4.38E-03,1.11E-02,32.81925,-6.51E-06,-2.42E-06,5.51E-06,101.3171,0.6756963,4.74E-02,1816.702,1.00E-02,0.2111018,8.34E-03,0.1752145
19:16:01,8/23/20,6.966667,-1.00E-02,0.013938,1.55E-03,7.54E-03,32.77755,-4.22E-06,8.60E-07,1.97E-05,101.3093,0.6769665,4.75E-02,1814.29,3.58E-02,7.37E-02,2.97E-02,6.11E-02
19:18:02,8/23/20,6.983333,0.0023962,1.81E-02,3.29E-03,8.38E-03,32.69067,1.44E-06,1.82E-06,-1.32E-05,101.3062,0.6678315,4.76E-02,1812.457,-2.39E-02,0.0479565,-1.99E-02,0.0398039
19:22:02,8/23/20,6.958333,-1.21E-02,1.78E-02,6.03E-04,9.73E-03,32.8145,-5.25E-06,3.35E-07,-1.73E-05,101.2984,0.6739045,4.77E-02,1815.028,-3.14E-02,4.74E-02,-2.60E-02,3.94E-02
19:26:02,8/23/20,6.991667,-7.49E-03,0.023018,-7.29E-04,6.96E-03,32.87235,-3.36E-06,-4.03E-07,3.23E-06,101.2882,0.6727997,4.75E-02,1813.672,5.86E-03,3.44E-02,4.87E-03,2.86E-02
19:30:02,8/23/20,6.966667,-1.01E-02,1.26E-02,6.34E-04,7.86E-03,32.83764,-4.35E-06,3.53E-07,6.83E-06,101.2876,0.669745,4.78E-02,1813.079,1.24E-02,2.57E-02,1.03E-02,2.13E-02
19:34:02,8/23/20,6.975,-1.23E-02,1.79E-02,-6.72E-04,7.92E-03,32.82999,-5.49E-06,-3.72E-07,2.35E-06,101.2948,0.6644075,4.79E-02,1813.754,4.25E-03,4.58E-02,3.53E-03,3.80E-02
19:38:02,8/23/20,6.95,-4.73E-04,0.0159104,-5.68E-04,8.48E-03,32.77998,-2.75E-07,-3.16E-07,-1.05E-06,101.302,0.6721672,4.80E-02,1813.415,-1.93E-03,5.11E-02,-1.60E-03,4.24E-02
19:42:02,8/23/20,6.941667,1.93E-02,2.76E-02,2.72E-03,1.07E-02,32.7938,8.77E-06,1.50E-06,1.75E-05,101.3171,0.6685213,4.82E-02,1812.936,3.17E-02,4.13E-02,2.63E-02,3.42E-02
19:46:02,8/23/20,6.983333,1.57E-02,2.14E-02,3.03E-03,9.56E-03,32.83772,7.22E-06,1.68E-06,3.83E-06,101.3216,0.6661326,4.82E-02,1813.6,7.00E-03,3.71E-02,5.81E-03,3.08E-02
19:50:02,8/23/20,6.941667,2.47E-03,1.83E-02,6.35E-04,1.08E-02,32.82717,1.16E-06,3.53E-07,2.74E-05,101.3206,0.6698939,4.81E-02,1814.053,0.04963,4.90E-02,0.0411929,4.06E-02
19:54:02,8/23/20,6.958333,-4.36E-03,1.12E-02,5.13E-04,7.41E-03,32.80615,-1.85E-06,2.87E-07,9.30E-06,101.3195,0.6667411,4.83E-02,1814.959,1.69E-02,3.73E-02,1.40E-02,3.10E-02
19:58:02,8/23/20,6.991667,8.84E-03,1.89E-02,1.80E-03,7.59E-03,32.88139,4.10E-06,9.93E-07,-2.91E-07,101.3143,0.6664957,4.84E-02,1813.149,-5.50E-04,2.90E-02,-4.56E-04,2.41E-02
20:02:02,8/23/20,6.975,5.82E-03,1.77E-02,5.49E-04,1.20E-02,32.79902,2.62E-06,3.06E-07,-1.14E-05,101.3171,0.6633524,4.86E-02,1814.863,-2.07E-02,8.33E-02,-1.72E-02,6.91E-02
20:06:02,8/23/20,6.95,-2.43E-02,2.62E-02,1.74E-03,0.0085619,32.87003,-1.05E-05,9.73E-07,4.13E-06,101.3254,0.6670488,4.87E-02,1812.786,7.47E-03,3.48E-02,6.20E-03,2.89E-02
20:10:02,8/23/20,6.966667,-9.69E-03,1.63E-02,-2.77E-03,9.26E-03,32.80347,-4.57E-06,-1.53E-06,-8.71E-06,101.3323,0.6671633,4.89E-02,1814.717,-1.58E-02,0.0369954,-1.31E-02,3.07E-02
20:14:02,8/23/20,6.95,-3.77E-03,1.33E-02,5.71E-04,6.29E-03,32.19249,-1.58E-06,3.18E-07,2.96E-06,101.3281,0.6599993,4.93E-02,1814.337,5.39E-03,2.28E-02,4.47E-03,1.89E-02
20:18:02,8/23/20,6.975,6.36E-03,1.91E-02,2.08E-03,8.10E-03,31.15217,3.03E-06,1.16E-06,3.71E-07,101.3243,0.667245,4.95E-02,1814.515,6.96E-04,4.17E-02,5.78E-04,3.46E-02
20:22:02,8/23/20,6.966667,-6.82E-03,2.57E-02,-1.58E-04,7.58E-03,30.46492,-3.01E-06,-8.46E-08,1.86E-05,101.3481,0.6821266,4.98E-02,1815.763,3.37E-02,6.54E-02,2.80E-02,5.43E-02
20:26:02,8/23/20,6.941667,8.71E-03,2.06E-02,2.42E-03,8.25E-03,29.73325,4.10E-06,1.34E-06,3.23E-06,101.3518,0.6941728,4.99E-02,1812.565,5.87E-03,2.39E-02,4.87E-03,1.98E-02
20:30:02,8/23/20,6.991667,-2.79E-03,1.70E-02,2.80E-03,9.17E-03,29.08434,-8.94E-07,1.56E-06,2.78E-05,101.3411,0.7240688,5.01E-02,1815.993,5.05E-02,4.58E-02,4.19E-02,3.80E-02
20:34:02,8/23/20,6.983333,1.88E-03,1.35E-02,-1.53E-03,9.32E-03,28.32314,6.45E-07,-8.50E-07,-4.89E-07,101.3484,0.7404026,0.0502571,1818.157,-8.95E-04,1.85E-02,-7.43E-04,1.54E-02
20:38:02,8/23/20,6.958333,-1.05E-02,2.09E-02,1.60E-03,0.0078813,27.65784,-4.41E-06,8.91E-07,1.25E-05,101.3616,0.7632564,0.0504955,1818.64,2.27E-02,3.84E-02,1.89E-02,0.0318513
20:42:02,8/23/20,6.941667,-7.56E-03,1.63E-02,1.75E-03,7.08E-03,26.95929,-3.11E-06,9.72E-07,1.96E-06,101.3591,0.7792689,5.05E-02,1817.826,3.55E-03,4.20E-02,2.95E-03,3.49E-02
20:46:02,8/23/20,6.966667,-3.15E-03,1.65E-02,4.30E-03,8.33E-03,26.3669,-8.71E-07,2.38E-06,-1.29E-05,101.3537,0.7926994,5.07E-02,1818.35,-2.33E-02,3.21E-02,-1.93E-02,2.66E-02
20:50:02,8/23/20,6.95,-3.85E-03,1.54E-02,1.02E-03,7.95E-03,25.5213,-1.56E-06,5.66E-07,-7.32E-06,101.3574,0.7965682,5.08E-02,1820.031,-1.33E-02,1.88E-02,-1.11E-02,0.0156028
20:54:02,8/23/20,6.983333,-2.94E-03,1.32E-02,1.50E-03,7.03E-03,24.80593,-1.11E-06,8.32E-07,1.56E-05,101.3636,0.8166628,5.09E-02,1821.885,2.84E-02,2.75E-02,2.36E-02,2.28E-02
20:58:02,8/23/20,6.991667,9.59E-03,1.30E-02,-1.52E-03,1.05E-02,24.30368,4.02E-06,-8.42E-07,8.09E-06,101.3594,0.8271433,5.08E-02,1821.977,1.47E-02,2.03E-02,1.22E-02,1.69E-02
21:02:02,8/23/20,6.975,3.93E-03,1.90E-02,4.13E-03,7.98E-03,23.95917,2.20E-06,2.29E-06,-5.29E-07,101.3587,0.8318057,5.10E-02,1821.611,-9.67E-04,1.25E-02,-8.03E-04,1.04E-02
21:06:02,8/23/20,6.958333,1.24E-02,2.27E-02,2.87E-03,9.79E-03,23.4637,5.76E-06,1.59E-06,1.70E-05,101.3614,0.8465449,5.09E-02,1819.037,0.0309552,2.83E-02,2.57E-02,2.35E-02
21:10:02,8/23/20,6.966667,-7.84E-03,1.92E-02,7.68E-04,7.84E-03,22.87543,-3.35E-06,4.27E-07,7.62E-06,101.3554,0.8578916,5.11E-02,1821.202,1.39E-02,4.45E-02,1.15E-02,3.70E-02
21:14:02,8/23/20,6.958333,-8.89E-03,2.18E-02,-4.74E-03,7.99E-03,22.48849,-4.44E-06,-2.63E-06,-3.44E-06,101.3627,0.862386,5.11E-02,1820.28,-6.23E-03,0.0221655,-5.17E-03,1.84E-02
21:18:02,8/23/20,6.983333,7.29E-03,0.0171813,-1.20E-03,9.54E-03,22.17533,3.04E-06,-6.68E-07,5.74E-07,101.3616,0.8737899,5.12E-02,1821.632,1.05E-03,1.85E-02,8.75E-04,1.54E-02
21:22:02,8/23/20,6.941667,-5.82E-03,1.53E-02,2.25E-03,8.45E-03,22.22593,-2.28E-06,1.24E-06,1.29E-07,101.3602,0.8683031,5.12E-02,1823.152,2.55E-04,3.07E-02,2.11E-04,2.55E-02
21:26:02,8/23/20,6.95,2.82E-04,1.23E-02,-9.02E-04,6.88E-03,22.12542,1.61E-08,-5.00E-07,-3.08E-06,101.3677,0.8526736,5.12E-02,1822.662,-5.60E-03,1.91E-02,-4.65E-03,1.58E-02
21:30:02,8/23/20,6.991667,2.86E-02,2.40E-02,7.57E-04,8.77E-03,21.86017,1.26E-05,4.14E-07,1.60E-06,101.3698,0.8364869,5.14E-02,1824.637,2.92E-03,1.67E-02,2.42E-03,0.0138316
21:34:02,8/23/20,6.975,7.77E-03,1.40E-02,-1.63E-03,7.38E-03,21.5824,3.21E-06,-9.06E-07,5.26E-06,101.3724,0.8256337,5.14E-02,1822.425,9.58E-03,1.90E-02,7.95E-03,1.58E-02
21:38:02,8/23/20,6.991667,1.06E-02,2.01E-02,1.87E-03,8.05E-03,21.45377,4.85E-06,1.03E-06,1.31E-05,101.3708,0.83007,5.14E-02,1822.049,2.38E-02,3.17E-02,1.98E-02,2.63E-02
21:42:02,8/23/20,6.966667,2.99E-03,1.56E-02,2.50E-03,8.72E-03,21.38544,1.60E-06,1.38E-06,5.75E-06,101.368,0.8213481,5.14E-02,1824.732,1.05E-02,2.38E-02,8.71E-03,1.98E-02
21:46:02,8/23/20,6.941667,3.10E-03,1.29E-02,-2.07E-03,1.14E-02,21.40908,1.12E-06,-1.14E-06,5.79E-06,101.3632,0.8119382,0.051609,1822.115,1.06E-02,2.66E-02,8.76E-03,2.20E-02
21:50:02,8/23/20,6.95,-6.12E-03,0.0160574,4.72E-03,9.55E-03,21.31894,-2.14E-06,2.61E-06,4.66E-06,101.3713,0.8098314,5.17E-02,1821.667,8.49E-03,0.0256836,7.05E-03,2.13E-02
21:54:02,8/23/20,6.958333,5.15E-04,1.74E-02,3.87E-03,0.0101571,21.11819,6.81E-07,2.13E-06,1.37E-05,101.367,0.803852,5.19E-02,1824.509,2.50E-02,2.67E-02,2.07E-02,2.22E-02
21:58:02,8/23/20,6.983333,3.80E-03,1.28E-02,6.66E-04,7.88E-03,21.01637,1.74E-06,3.67E-07,1.48E-05,101.3627,0.7994872,5.18E-02,1823.526,2.70E-02,3.10E-02,2.24E-02,2.58E-02
22:02:02,8/23/20,6.975,5.08E-03,1.19E-02,-5.07E-03,8.97E-03,20.93963,1.63E-06,-2.80E-06,-6.99E-06,101.3826,0.7957056,5.17E-02,1825.786,-1.28E-02,2.75E-02,-1.06E-02,0.0228413
22:06:02,8/23/20,6.991667,-9.94E-03,1.70E-02,3.80E-03,8.73E-03,21.08485,-3.90E-06,2.10E-06,1.54E-05,101.3869,0.7949654,5.19E-02,1824.937,2.81E-02,2.62E-02,0.0233507,2.17E-02
22:10:02,8/23/20,6.941667,-7.36E-03,1.84E-02,-5.27E-04,9.06E-03,20.99445,-3.28E-06,-2.88E-07,-5.04E-07,101.3754,0.7798724,5.19E-02,1825.019,-9.22E-04,1.77E-02,-7.65E-04,1.47E-02
22:14:02,8/23/20,6.966667,7.85E-05,1.70E-02,-1.59E-03,7.43E-03,20.75167,-1.52E-07,-8.80E-07,1.57E-05,101.373,0.7818658,5.19E-02,1822.802,2.87E-02,3.68E-02,2.38E-02,3.06E-02
22:18:02,8/23/20,6.983333,-1.78E-03,1.01E-02,-5.54E-04,7.25E-03,20.6782,-8.42E-07,-3.06E-07,2.70E-06,101.3759,0.7710302,5.20E-02,1825.504,4.93E-03,2.43E-02,4.09E-03,2.01E-02
22:22:02,8/23/20,6.95,-6.23E-05,1.21E-02,-1.88E-04,8.89E-03,20.7045,-4.64E-08,-1.04E-07,6.43E-07,101.3677,0.7760735,5.17E-02,1823.992,1.17E-03,1.71E-02,9.69E-04,1.42E-02
22:26:02,8/23/20,6.975,-4.09E-03,1.88E-02,1.92E-03,8.87E-03,20.74067,-1.56E-06,1.06E-06,1.41E-05,101.367,0.7735937,5.16E-02,1824.094,2.57E-02,3.29E-02,2.13E-02,2.73E-02
22:30:02,8/23/20,6.958333,-1.17E-02,0.0179313,2.88E-03,8.07E-03,20.549,-4.79E-06,1.59E-06,4.92E-07,101.3764,0.7727569,5.15E-02,1826.434,8.90E-04,2.53E-02,7.39E-04,2.10E-02
22:34:02,8/23/20,6.966667,-5.61E-03,1.50E-02,2.09E-04,1.01E-02,20.4549,-2.43E-06,1.17E-07,1.55E-05,101.3702,0.768956,5.18E-02,1822.456,2.82E-02,2.65E-02,2.34E-02,2.20E-02
22:38:02,8/23/20,6.983333,-0.0121859,1.77E-02,-9.11E-05,8.58E-03,20.5541,-5.33E-06,-4.80E-08,-5.17E-07,101.3672,0.759389,5.16E-02,1824.451,-9.55E-04,1.78E-02,-7.93E-04,0.0147513
22:42:02,8/23/20,6.941667,6.35E-03,2.03E-02,3.22E-03,8.56E-03,21.1917,3.14E-06,1.78E-06,1.18E-05,101.3592,0.7642322,5.18E-02,1825.831,2.16E-02,2.91E-02,1.79E-02,2.41E-02
22:46:02,8/23/20,6.966667,-2.05E-03,1.35E-02,-1.82E-03,7.79E-03,21.78018,-1.10E-06,-1.01E-06,7.70E-07,101.361,0.7672885,5.16E-02,1826.33,1.41E-03,1.35E-02,1.17E-03,1.12E-02
22:48:03,8/23/20,6.983333,6.99E-03,1.31E-02,8.00E-04,8.72E-03,21.83972,3.14E-06,4.41E-07,-1.15E-05,101.3615,0.7633675,5.17E-02,1823.982,-0.0208901,2.98E-02,-1.73E-02,2.48E-02
22:52:03,8/23/20,6.958333,3.92E-04,1.34E-02,2.95E-03,8.20E-03,21.80012,5.17E-07,1.63E-06,9.85E-06,101.3533,0.7710723,5.18E-02,1821.588,1.79E-02,2.48E-02,1.49E-02,2.06E-02
22:56:03,8/23/20,6.991667,-1.57E-03,0.0219073,9.74E-04,8.95E-03,21.50113,-5.68E-07,5.37E-07,1.41E-05,101.3517,0.777091,5.20E-02,1821.772,2.58E-02,2.51E-02,0.0214024,2.09E-02
23:00:03,8/23/20,6.966667,1.88E-02,1.91E-02,-2.62E-04,9.41E-03,21.3625,8.19E-06,-1.50E-07,-1.09E-09,101.3494,0.7714518,5.19E-02,1818.099,-9.47E-06,1.44E-02,-7.86E-06,1.20E-02
23:04:03,8/23/20,6.975,1.00E-02,2.08E-02,1.35E-03,8.57E-03,21.37968,4.53E-06,7.46E-07,-1.77E-06,101.341,0.7697876,5.19E-02,1822.156,-3.23E-03,0.0171139,-2.68E-03,1.42E-02
23:08:03,8/23/20,6.95,-1.15E-03,0.0195413,2.83E-04,9.15E-03,21.26652,-4.71E-07,1.56E-07,6.92E-06,101.3272,0.7755765,5.17E-02,1820.185,1.26E-02,3.34E-02,1.05E-02,2.77E-02
23:12:03,8/23/20,6.941667,2.29E-03,9.70E-03,-1.44E-03,7.58E-03,21.1972,8.35E-07,-7.98E-07,4.10E-06,101.3205,0.7730905,5.15E-02,1824.391,7.48E-03,2.54E-02,6.21E-03,2.11E-02
23:16:03,8/23/20,6.983333,-5.03E-03,1.44E-02,1.19E-03,1.03E-02,21.0963,-2.07E-06,6.65E-07,7.66E-06,101.3276,0.7764127,5.14E-02,1818.137,1.39E-02,3.12E-02,1.15E-02,2.59E-02
23:20:03,8/23/20,6.941667,5.52E-03,2.09E-02,1.51E-03,9.79E-03,21.14707,2.60E-06,8.32E-07,4.32E-06,101.319,0.7751598,5.14E-02,1822.615,7.91E-03,2.51E-02,6.57E-03,2.09E-02
23:24:03,8/23/20,6.958333,-2.38E-02,2.18E-02,-4.15E-03,1.13E-02,21.30073,-1.09E-05,-2.29E-06,-2.44E-05,101.3232,0.7754341,5.12E-02,1819.403,-4.44E-02,3.45E-02,-3.68E-02,2.86E-02
23:28:03,8/23/20,6.991667,6.95E-03,2.06E-02,-1.92E-03,9.05E-03,21.31218,2.82E-06,-1.07E-06,3.51E-07,101.3275,0.7757781,5.13E-02,1820.622,6.21E-04,2.74E-02,5.15E-04,2.27E-02
23:32:03,8/23/20,6.975,-4.62E-03,2.69E-02,2.07E-03,7.87E-03,21.45238,-1.77E-06,1.14E-06,3.86E-07,101.3188,0.7684595,5.13E-02,1821.421,7.00E-04,2.12E-02,5.81E-04,1.76E-02
23:36:03,8/23/20,6.95,-9.15E-03,1.18E-02,-8.20E-04,9.69E-03,21.50159,-4.10E-06,-4.51E-07,7.58E-06,101.3029,0.7744775,5.11E-02,1819.659,1.38E-02,3.14E-02,1.14E-02,2.61E-02
23:40:03,8/23/20,6.966667,-1.12E-02,1.63E-02,5.33E-04,8.26E-03,21.60814,-4.81E-06,2.99E-07,2.74E-07,101.293,0.7751668,5.12E-02,1825.382,5.13E-04,2.51E-02,4.26E-04,2.09E-02
23:44:03,8/23/20,6.95,-1.40E-02,2.16E-02,-1.51E-03,7.57E-03,21.89047,-6.30E-06,-8.33E-07,-7.41E-06,101.287,0.7689821,5.10E-02,1820.631,-1.35E-02,1.52E-02,-1.12E-02,1.27E-02
23:48:03,8/23/20,6.975,-1.14E-03,2.02E-02,1.44E-03,0.0109871,21.91992,-3.24E-07,8.01E-07,7.55E-06,101.3021,0.7751384,5.12E-02,1820.279,1.37E-02,0.0397534,1.14E-02,3.30E-02
23:52:03,8/23/20,6.966667,8.74E-03,2.36E-02,8.32E-04,8.78E-03,21.90862,3.92E-06,4.57E-07,9.70E-06,101.3037,0.7809111,5.10E-02,1822.758,1.77E-02,3.48E-02,1.47E-02,2.89E-02
23:56:03,8/23/20,6.941667,-3.96E-04,1.46E-02,-3.99E-04,7.06E-03,21.79424,-2.25E-07,-2.21E-07,4.48E-07,101.2939,0.7713696,5.10E-02,1824.276,8.14E-04,1.84E-02,6.76E-04,1.53E-02
0:00:03,8/24/20,6.991667,4.52E-03,1.50E-02,-5.51E-04,8.10E-03,21.80595,1.91E-06,-3.06E-07,3.97E-06,101.2879,0.7779632,5.10E-02,1822.991,7.26E-03,2.82E-02,6.03E-03,2.34E-02
0:04:03,8/24/20,6.983333,-3.07E-03,1.46E-02,1.79E-03,9.21E-03,21.81647,-1.14E-06,9.93E-07,-1.23E-06,101.2895,0.7716167,5.10E-02,1824.682,-2.25E-03,1.75E-02,-1.87E-03,1.45E-02
0:08:03,8/24/20,6.958333,-5.75E-03,2.23E-02,-2.95E-03,8.47E-03,21.79052,-2.87E-06,-1.64E-06,1.06E-05,101.2919,0.7767364,5.11E-02,1820.025,1.94E-02,3.28E-02,1.61E-02,2.72E-02
0:12:03,8/24/20,6.941667,8.19E-03,1.13E-02,-1.75E-03,9.42E-03,21.772,3.38E-06,-9.67E-07,1.28E-05,101.2821,0.7784595,5.09E-02,1820.165,0.023349,2.93E-02,1.94E-02,2.43E-02
0:16:03,8/24/20,6.966667,-3.82E-03,1.27E-02,2.56E-03,9.51E-03,21.70053,-1.38E-06,1.42E-06,2.99E-07,101.2766,0.7796743,5.12E-02,1821.33,5.33E-04,1.75E-02,4.43E-04,1.45E-02
0:20:03,8/24/20,6.95,5.55E-03,0.0235068,-1.06E-03,6.60E-03,21.77275,2.31E-06,-5.91E-07,-7.37E-06,101.2746,0.7693808,0.0509863,1820.274,-1.34E-02,2.55E-02,-1.11E-02,2.12E-02
0:24:03,8/24/20,6.983333,9.98E-03,1.61E-02,-1.15E-04,9.44E-03,21.76243,4.35E-06,-6.67E-08,1.27E-07,101.2696,0.7748847,5.08E-02,1821.068,2.29E-04,2.21E-02,1.90E-04,1.83E-02
0:28:03,8/24/20,6.991667,-1.09E-02,1.50E-02,1.60E-03,6.29E-03,21.93817,-4.58E-06,8.85E-07,-8.75E-06,101.268,0.775388,5.09E-02,1820.187,-1.59E-02,1.55E-02,-1.32E-02,1.29E-02
0:32:03,8/24/20,6.975,-2.89E-03,1.27E-02,1.10E-03,7.99E-03,22.02123,-1.14E-06,6.09E-07,-7.30E-06,101.2593,0.771211,5.10E-02,1819.014,-1.33E-02,2.97E-02,-1.10E-02,2.46E-02
0:36:03,8/24/20,6.958333,1.02E-03,1.55E-02,1.32E-03,9.95E-03,22.03242,6.03E-07,7.32E-07,1.90E-05,101.2579,0.7785119,5.08E-02,1818.849,3.45E-02,4.12E-02,2.86E-02,3.42E-02
0:40:03,8/24/20,6.966667,6.09E-03,2.05E-02,-9.92E-04,6.68E-03,22.02825,2.55E-06,-5.51E-07,1.21E-05,101.267,0.779521,5.07E-02,1819.88,2.21E-02,2.63E-02,1.83E-02,2.18E-02
0:44:03,8/24/20,6.958333,-6.09E-03,1.40E-02,1.29E-03,7.84E-03,22.00798,-2.51E-06,7.16E-07,-2.69E-06,101.2701,0.7722026,5.07E-02,1819.507,-4.90E-03,1.59E-02,-4.07E-03,1.32E-02
0:48:03,8/24/20,6.983333,1.32E-02,1.75E-02,1.76E-03,8.37E-03,22.0222,5.97E-06,9.71E-07,8.44E-06,101.2767,0.7778639,5.07E-02,1819.277,1.54E-02,3.52E-02,1.28E-02,2.92E-02
0:52:03,8/24/20,6.941667,-2.90E-03,0.0144495,7.85E-04,9.36E-03,22.03847,-1.17E-06,4.35E-07,1.88E-05,101.2809,0.7791664,5.09E-02,1820.041,3.41E-02,4.16E-02,2.83E-02,3.45E-02
0:56:03,8/24/20,6.95,-1.11E-02,1.89E-02,1.03E-03,8.31E-03,22.17058,-4.71E-06,5.73E-07,-3.41E-08,101.2852,0.7819943,0.0509805,1822.678,-4.75E-05,2.93E-02,-3.94E-05,2.43E-02
1:00:03,8/24/20,6.991667,7.68E-03,2.11E-02,-1.27E-03,7.03E-03,22.14312,3.20E-06,-7.02E-07,5.65E-07,101.2746,0.7788574,5.12E-02,1822.796,1.03E-03,1.73E-02,8.54E-04,1.44E-02
1:04:03,8/24/20,6.975,1.29E-03,0.0126477,6.26E-04,9.47E-03,22.05372,6.38E-07,3.47E-07,-5.03E-07,101.2716,0.775506,0.051289,1820.514,-9.28E-04,1.75E-02,-7.70E-04,1.45E-02
1:08:03,8/24/20,6.991667,-1.16E-02,0.0106094,-1.79E-03,8.81E-03,21.97335,-5.27E-06,-9.90E-07,-1.78E-05,101.2721,0.7818804,5.15E-02,1819.76,-3.25E-02,3.45E-02,-0.026937,2.86E-02
1:12:03,8/24/20,6.966667,-4.58E-03,1.17E-02,-9.05E-04,9.13E-03,22.09193,-2.11E-06,-5.00E-07,7.08E-07,101.2649,0.7763335,5.17E-02,1821.49,1.29E-03,1.83E-02,1.07E-03,1.52E-02
1:16:03,8/24/20,6.941667,-9.80E-03,2.10E-02,3.35E-03,9.40E-03,22.14298,-3.90E-06,1.86E-06,-2.61E-08,101.2705,0.770979,5.21E-02,1820.748,-4.36E-05,1.54E-02,-3.62E-05,1.28E-02
1:20:03,8/24/20,6.95,-1.35E-02,1.90E-02,4.32E-03,1.03E-02,22.08917,-5.41E-06,2.40E-06,2.10E-05,101.2665,0.7804363,5.24E-02,1821.098,3.83E-02,3.56E-02,3.18E-02,2.95E-02
1:24:03,8/24/20,6.958333,4.48E-03,0.0126712,-1.53E-03,8.77E-03,22.12323,1.78E-06,-8.42E-07,4.68E-07,101.2599,0.7781397,5.26E-02,1822.868,8.36E-04,2.05E-02,6.93E-04,1.70E-02
1:28:03,8/24/20,6.983333,2.85E-03,2.05E-02,-3.79E-04,8.62E-03,22.14982,1.21E-06,-2.11E-07,5.28E-06,101.2706,0.7785081,5.27E-02,1818.678,9.58E-03,3.05E-02,7.96E-03,2.53E-02
1:32:03,8/24/20,6.975,-0.0104737,2.21E-02,-2.01E-04,7.83E-03,22.13172,-4.61E-06,-1.09E-07,-1.24E-05,101.2767,0.7784821,5.28E-02,1820.931,-2.27E-02,3.94E-02,-1.88E-02,3.27E-02
1:36:03,8/24/20,6.991667,-5.28E-03,1.84E-02,3.65E-03,8.04E-03,22.05902,-1.88E-06,2.02E-06,1.79E-05,101.2779,0.781945,5.28E-02,1821.716,3.26E-02,3.99E-02,2.71E-02,3.31E-02
1:40:03,8/24/20,6.941667,-4.10E-03,1.22E-02,4.57E-03,8.34E-03,22.07177,-1.26E-06,2.53E-06,4.24E-06,101.2787,0.7752764,5.29E-02,1820.454,7.72E-03,0.0217396,6.41E-03,1.80E-02
1:44:03,8/24/20,6.966667,-6.60E-03,2.06E-02,1.63E-03,9.99E-03,22.1834,-2.69E-06,8.99E-07,2.31E-05,101.2734,0.7797934,5.28E-02,1821.902,4.21E-02,3.91E-02,3.49E-02,3.24E-02
1:48:03,8/24/20,6.983333,-7.31E-03,1.52E-02,-3.07E-03,8.01E-03,22.30707,-3.55E-06,-1.70E-06,3.88E-07,101.2682,0.7697266,5.29E-02,1821.057,7.21E-04,2.25E-02,5.98E-04,1.87E-02
1:52:03,8/24/20,6.95,1.69E-03,1.32E-02,-1.33E-03,7.66E-03,22.14322,5.81E-07,-7.36E-07,4.91E-07,101.2605,0.7746235,5.29E-02,1819.951,8.81E-04,2.92E-02,7.31E-04,2.43E-02
1:56:03,8/24/20,6.975,1.23E-02,2.00E-02,-3.62E-03,8.50E-03,22.15977,4.94E-06,-2.00E-06,-4.49E-06,101.2534,0.775832,5.31E-02,1824.978,-8.19E-03,0.0312524,-6.80E-03,2.59E-02
2:00:03,8/24/20,6.958333,-2.36E-02,2.37E-02,-1.38E-03,8.48E-03,22.16753,-1.05E-05,-7.56E-07,-3.53E-06,101.255,0.777118,5.29E-02,1819.575,-6.42E-03,2.63E-02,-5.33E-03,2.18E-02
2:04:03,8/24/20,6.966667,-9.20E-03,1.66E-02,1.05E-03,7.92E-03,22.20765,-3.91E-06,5.85E-07,-1.21E-05,101.2506,0.7775075,5.29E-02,1821.573,-2.21E-02,2.82E-02,-1.83E-02,2.34E-02
2:08:03,8/24/20,6.983333,4.05E-03,2.06E-02,-2.29E-03,6.95E-03,22.16502,1.51E-06,-1.27E-06,-3.20E-06,101.2489,0.7700983,5.30E-02,1820.391,-5.81E-03,2.04E-02,-4.82E-03,1.69E-02
2:12:03,8/24/20,6.941667,-4.20E-04,1.70E-02,3.65E-03,1.04E-02,22.15747,2.44E-07,2.03E-06,-1.95E-07,101.2437,0.7729656,5.30E-02,1818.255,-3.66E-04,1.94E-02,-3.04E-04,1.61E-02
2:16:03,8/24/20,6.966667,-2.45E-03,0.0212612,3.80E-03,9.22E-03,22.09848,-6.32E-07,2.10E-06,2.27E-05,101.2413,0.7778433,5.29E-02,1823.648,4.14E-02,3.83E-02,3.44E-02,3.18E-02
2:18:04,8/24/20,6.983333,1.10E-03,1.96E-02,-1.21E-04,8.68E-03,22.14655,4.65E-07,-6.75E-08,-2.14E-06,101.2412,0.7721986,5.28E-02,1819.439,-3.89E-03,1.45E-02,-3.23E-03,1.21E-02
2:22:04,8/24/20,6.958333,-6.94E-03,0.0156173,-9.13E-04,9.05E-03,22.08642,-3.15E-06,-5.04E-07,1.91E-07,101.24,0.7749665,5.26E-02,1819.648,3.50E-04,2.41E-02,2.91E-04,2.00E-02
2:26:04,8/24/20,6.991667,9.61E-04,1.94E-02,2.80E-04,1.08E-02,22.1611,4.52E-07,1.55E-07,1.27E-05,101.2385,0.7766551,5.27E-02,1820.793,2.31E-02,3.53E-02,1.91E-02,2.93E-02
2:30:04,8/24/20,6.966667,-6.03E-03,1.61E-02,4.02E-04,8.85E-03,22.16078,-2.60E-06,2.24E-07,-2.78E-06,101.2415,0.7709784,5.31E-02,1821.161,-5.08E-03,2.38E-02,-4.21E-03,1.98E-02
2:34:04,8/24/20,6.975,9.86E-03,2.14E-02,5.28E-04,7.27E-03,22.16555,4.38E-06,2.92E-07,-3.75E-06,101.2425,0.7688659,5.31E-02,1818.93,-6.81E-03,2.05E-02,-5.65E-03,1.70E-02
2:38:04,8/24/20,6.95,9.73E-03,1.35E-02,1.72E-03,8.73E-03,22.137,4.46E-06,9.49E-07,1.77E-05,101.2419,0.7746285,0.0531362,1819.785,0.0321303,4.42E-02,2.67E-02,3.67E-02
2:42:04,8/24/20,6.941667,4.39E-04,2.41E-02,2.08E-03,6.98E-03,22.16147,4.22E-07,1.15E-06,1.73E-06,101.2425,0.7729498,5.32E-02,1820.934,3.16E-03,3.39E-02,2.62E-03,2.82E-02
2:46:04,8/24/20,6.983333,1.46E-03,2.76E-02,2.24E-03,8.54E-03,22.08085,9.01E-07,1.24E-06,4.14E-06,101.243,0.773681,5.36E-02,1819.448,7.56E-03,2.94E-02,6.28E-03,2.44E-02
2:50:04,8/24/20,6.941667,-7.59E-03,1.46E-02,2.85E-03,7.51E-03,22.01792,-3.00E-06,1.58E-06,1.86E-05,101.2427,0.7741552,5.41E-02,1815.112,3.38E-02,3.07E-02,2.80E-02,2.55E-02
2:54:04,8/24/20,6.958333,-6.64E-03,1.39E-02,8.01E-04,6.61E-03,22.1257,-2.81E-06,4.45E-07,1.37E-05,101.2387,0.7747359,5.42E-02,1820.992,2.49E-02,4.21E-02,2.07E-02,3.49E-02
2:58:04,8/24/20,6.991667,-1.19E-02,2.03E-02,4.49E-04,9.48E-03,22.09095,-5.16E-06,2.53E-07,-1.37E-05,101.2423,0.7732832,5.43E-02,1819.839,-2.48E-02,2.96E-02,-2.06E-02,2.46E-02
3:02:04,8/24/20,6.975,1.36E-02,2.28E-02,-2.18E-03,8.47E-03,22.11165,5.72E-06,-1.22E-06,3.93E-07,101.2525,0.768863,5.44E-02,1819.946,7.11E-04,1.83E-02,5.90E-04,1.52E-02
3:06:04,8/24/20,6.95,-6.24E-03,1.28E-02,-3.37E-04,7.59E-03,22.08445,-2.77E-06,-1.87E-07,2.22E-05,101.2578,0.7727903,5.48E-02,1822.088,4.04E-02,3.56E-02,3.36E-02,2.95E-02
3:10:04,8/24/20,6.966667,7.55E-03,1.98E-02,-1.62E-04,5.98E-03,22.15619,3.29E-06,-9.30E-08,-3.58E-06,101.2694,0.7716222,5.49E-02,1820.535,-6.52E-03,2.11E-02,-5.41E-03,1.75E-02
3:14:04,8/24/20,6.95,-3.23E-03,2.31E-02,-2.26E-03,9.11E-03,22.16205,-1.67E-06,-1.25E-06,-3.62E-06,101.2695,0.7677813,5.44E-02,1819.97,-6.57E-03,0.0183827,-5.46E-03,1.53E-02
3:18:04,8/24/20,6.975,-1.95E-03,7.52E-03,-1.29E-03,8.30E-03,22.23549,-1.00E-06,-7.14E-07,-2.14E-05,101.2709,0.7698592,5.43E-02,1819.873,-3.89E-02,2.72E-02,-3.23E-02,2.26E-02
3:22:04,8/24/20,6.966667,-6.10E-03,2.55E-02,2.40E-03,7.56E-03,22.10847,-2.39E-06,1.33E-06,2.12E-05,101.2697,0.7745063,5.39E-02,1822.01,3.86E-02,2.84E-02,3.21E-02,2.36E-02
3:26:04,8/24/20,6.941667,-4.51E-03,1.93E-02,5.61E-03,9.18E-03,22.09224,-1.32E-06,3.11E-06,9.51E-07,101.2688,0.7672065,5.39E-02,1819.718,1.74E-03,1.81E-02,1.45E-03,1.50E-02
3:30:04,8/24/20,6.991667,-4.96E-03,2.11E-02,2.89E-04,7.92E-03,22.17977,-2.14E-06,1.59E-07,-1.47E-05,101.2648,0.770853,5.38E-02,1819.207,-2.67E-02,3.60E-02,-2.22E-02,2.98E-02
3:34:04,8/24/20,6.983333,6.07E-03,2.23E-02,-2.16E-03,7.08E-03,22.13157,2.40E-06,-1.20E-06,3.46E-06,101.2664,0.7659642,5.39E-02,1819.875,6.32E-03,2.05E-02,0.0052483,1.70E-02
3:38:04,8/24/20,6.958333,1.69E-03,2.45E-02,-3.03E-03,7.67E-03,22.04802,3.94E-07,-1.67E-06,7.09E-07,101.2617,0.7687799,5.38E-02,1821.908,1.27E-03,2.98E-02,1.05E-03,2.48E-02
3:42:04,8/24/20,6.941667,7.64E-03,1.56E-02,-2.51E-03,1.02E-02,22.05345,3.05E-06,-1.39E-06,1.40E-05,101.2618,0.7714581,5.36E-02,1822.114,2.56E-02,3.30E-02,0.0212219,2.74E-02
3:46:04,8/24/20,6.966667,-7.24E-03,0.0232171,1.26E-03,6.88E-03,22.11792,-3.01E-06,7.00E-07,-2.35E-05,101.2599,0.7700922,5.36E-02,1820.414,-4.28E-02,0.0365068,-3.55E-02,3.03E-02
3:50:04,8/24/20,6.95,8.85E-03,2.09E-02,-2.10E-03,7.32E-03,22.17785,3.62E-06,-1.16E-06,5.78E-06,101.2613,0.7653623,5.36E-02,1820.167,1.05E-02,2.41E-02,8.73E-03,2.00E-02
3:54:04,8/24/20,6.983333,2.98E-03,1.56E-02,1.72E-03,9.37E-03,22.21648,1.51E-06,9.54E-07,-1.28E-05,101.2674,0.7673133,0.0538513,1819.727,-2.33E-02,3.68E-02,-1.94E-02,3.06E-02
3:58:04,8/24/20,6.991667,-2.30E-02,1.71E-02,2.00E-04,8.99E-03,22.12165,-1.00E-05,1.14E-07,3.47E-06,101.2675,0.7676861,5.38E-02,1823.079,6.30E-03,0.0329222,5.23E-03,2.73E-02
4:02:04,8/24/20,6.975,-3.02E-03,9.81E-03,3.67E-03,8.35E-03,22.1156,-8.92E-07,2.03E-06,3.08E-06,101.2645,0.7639133,0.0539969,1821.942,5.59E-03,2.43E-02,4.64E-03,2.02E-02
4:06:04,8/24/20,6.958333,1.08E-02,1.41E-02,-3.13E-03,8.43E-03,22.17592,4.37E-06,-1.74E-06,-2.29E-05,101.2588,0.7685239,5.36E-02,1820.544,-4.17E-02,2.92E-02,-3.46E-02,2.43E-02
4:10:04,8/24/20,6.966667,-1.46E-03,1.70E-02,-6.87E-04,9.32E-03,22.08412,-7.22E-07,-3.78E-07,1.53E-05,101.261,0.7709259,5.40E-02,1821.133,0.0279164,3.25E-02,2.32E-02,2.70E-02
4:14:04,8/24/20,6.958333,-8.47E-03,2.53E-02,9.80E-04,9.73E-03,22.12868,-3.59E-06,5.46E-07,5.15E-06,101.2597,0.7629161,0.0543103,1819.843,9.36E-03,1.66E-02,7.77E-03,1.38E-02
4:18:04,8/24/20,6.983333,-6.43E-03,1.36E-02,-1.10E-03,9.86E-03,22.13337,-2.94E-06,-6.09E-07,1.61E-06,101.2594,0.766054,5.43E-02,1819.512,2.92E-03,3.84E-02,2.43E-03,3.19E-02
4:22:04,8/24/20,6.941667,-3.85E-04,1.85E-02,-1.95E-03,8.56E-03,22.12327,-3.95E-07,-1.08E-06,-1.65E-05,101.257,0.7645026,5.43E-02,1820.237,-3.00E-02,3.95E-02,-2.49E-02,3.28E-02
4:26:04,8/24/20,6.95,5.59E-03,1.29E-02,-4.11E-03,1.18E-02,22.1323,1.97E-06,-2.28E-06,1.20E-05,101.2608,0.7672855,5.46E-02,1821.338,2.19E-02,3.77E-02,1.82E-02,3.13E-02
4:30:04,8/24/20,6.991667,6.14E-03,1.77E-02,-9.14E-04,7.78E-03,22.1247,2.57E-06,-5.08E-07,-4.70E-07,101.2648,0.7676944,5.49E-02,1821.635,-8.51E-04,0.0173042,-7.06E-04,1.44E-02
4:34:04,8/24/20,6.975,1.84E-03,2.05E-02,-2.81E-04,7.29E-03,22.15432,7.69E-07,-1.55E-07,-5.57E-06,101.2698,0.7603986,5.50E-02,1822.152,-1.02E-02,3.24E-02,-8.44E-03,2.69E-02
4:38:04,8/24/20,6.991667,1.17E-02,1.40E-02,-8.11E-04,8.17E-03,22.08673,5.01E-06,-4.48E-07,-7.02E-06,101.2706,0.763262,5.50E-02,1821.134,-1.28E-02,2.77E-02,-1.06E-02,2.30E-02
4:42:04,8/24/20,6.966667,-1.01E-02,1.96E-02,-2.24E-03,6.97E-03,22.1067,-4.68E-06,-1.24E-06,1.63E-06,101.2722,0.7604717,0.0550329,1821.012,2.98E-03,1.60E-02,2.47E-03,1.33E-02
4:46:04,8/24/20,6.941667,-5.97E-03,1.28E-02,-1.81E-03,8.25E-03,22.15022,-2.81E-06,-9.97E-07,8.03E-06,101.2739,0.760039,0.0551125,1823.174,1.46E-02,2.44E-02,1.22E-02,2.02E-02
4:50:04,8/24/20,6.95,3.45E-02,1.42E-02,-6.69E-06,9.75E-03,22.1054,1.51E-05,-1.31E-08,2.54E-05,101.2738,0.765797,5.53E-02,1823.497,4.63E-02,3.61E-02,3.84E-02,3.00E-02
4:54:04,8/24/20,6.958333,1.34E-03,1.55E-02,-6.03E-04,6.61E-03,22.11935,5.18E-07,-3.34E-07,1.01E-05,101.2735,0.7635562,5.51E-02,1822.516,1.84E-02,3.64E-02,1.52E-02,3.02E-02
4:58:04,8/24/20,6.983333,1.13E-03,2.44E-02,-3.41E-04,8.59E-03,22.07077,4.62E-07,-1.90E-07,-6.72E-06,101.2712,0.7631933,5.51E-02,1821.554,-1.23E-02,0.0329356,-1.02E-02,2.73E-02
5:02:04,8/24/20,6.975,-1.28E-02,2.11E-02,1.89E-03,8.24E-03,22.07922,-5.36E-06,1.05E-06,2.08E-05,101.2689,0.7627359,5.53E-02,1822.064,3.79E-02,3.48E-02,0.0314219,2.89E-02
5:06:04,8/24/20,6.991667,-3.79E-03,1.52E-02,2.10E-03,9.66E-03,22.107,-1.41E-06,1.16E-06,2.20E-05,101.2704,0.7647688,5.51E-02,1823.965,4.01E-02,2.82E-02,3.33E-02,2.34E-02
5:10:04,8/24/20,6.941667,3.67E-03,1.48E-02,-8.88E-04,7.33E-03,22.07435,1.51E-06,-4.92E-07,-3.90E-06,101.2717,0.7586132,0.0550294,1823.866,-7.13E-03,1.97E-02,-5.92E-03,1.64E-02
5:14:04,8/24/20,6.966667,1.83E-04,1.74E-02,3.09E-03,8.12E-03,22.09002,4.39E-07,1.71E-06,-2.82E-06,101.2756,0.7622226,0.0552875,1822.159,-5.15E-03,2.91E-02,-4.27E-03,2.42E-02
5:18:04,8/24/20,6.983333,1.28E-02,2.34E-02,-1.38E-03,9.17E-03,22.09975,5.42E-06,-7.64E-07,-4.40E-06,101.2779,0.7590417,0.0555465,1822.904,-8.03E-03,1.85E-02,-6.66E-03,0.0153381
5:22:04,8/24/20,6.95,4.96E-03,2.26E-02,1.26E-03,9.17E-03,22.12405,2.32E-06,6.99E-07,-4.76E-06,101.2773,0.7607472,5.54E-02,1821.312,-8.65E-03,2.99E-02,-7.18E-03,2.48E-02
5:26:04,8/24/20,6.975,-3.72E-03,2.15E-02,2.28E-03,9.74E-03,22.10457,-1.35E-06,1.27E-06,1.57E-05,101.2751,0.7628837,5.57E-02,1822.813,2.86E-02,0.0315837,2.37E-02,2.62E-02
5:30:04,8/24/20,6.958333,6.01E-03,2.20E-02,3.68E-03,9.89E-03,22.11283,3.05E-06,2.03E-06,2.32E-06,101.2797,0.7625451,0.055753,1824.051,4.25E-03,2.62E-02,3.53E-03,2.17E-02
5:34:04,8/24/20,6.966667,-3.91E-03,1.58E-02,1.95E-03,1.05E-02,22.08813,-1.48E-06,1.08E-06,2.02E-05,101.2787,0.7643,5.56E-02,1825.047,3.69E-02,4.04E-02,3.06E-02,3.36E-02
5:38:04,8/24/20,6.983333,7.89E-03,1.42E-02,-3.18E-04,9.53E-03,22.18237,3.41E-06,-1.79E-07,-2.28E-07,101.2831,0.7596628,5.56E-02,1822.665,-4.15E-04,1.22E-02,-3.45E-04,1.02E-02
5:42:04,8/24/20,6.941667,-6.68E-03,1.58E-02,-2.32E-03,8.73E-03,22.13795,-3.19E-06,-1.28E-06,-9.44E-07,101.2767,0.7607762,5.59E-02,1824.914,-1.72E-03,2.34E-02,-1.42E-03,1.94E-02
5:46:04,8/24/20,6.966667,-7.71E-03,2.01E-02,-1.18E-03,8.03E-03,22.12553,-3.51E-06,-6.49E-07,2.16E-06,101.2763,0.7653361,5.56E-02,1822.184,3.92E-03,2.84E-02,3.25E-03,0.0235936
5:48:05,8/24/20,6.983333,5.51E-03,1.93E-02,1.71E-03,8.61E-03,22.0867,2.61E-06,9.47E-07,-5.53E-06,101.2809,0.7588485,5.59E-02,1821.745,-1.01E-02,2.81E-02,-8.36E-03,2.34E-02
5:52:05,8/24/20,6.958333,7.08E-03,1.68E-02,2.87E-03,7.95E-03,22.1119,3.43E-06,1.59E-06,1.08E-05,101.2925,0.7624179,5.56E-02,1822.719,0.0196534,2.74E-02,1.63E-02,2.27E-02
5:56:05,8/24/20,6.991667,1.88E-03,2.06E-02,-2.46E-03,1.02E-02,22.1571,5.29E-07,-1.36E-06,1.93E-05,101.2977,0.7657382,5.55E-02,1823.661,3.53E-02,4.49E-02,2.93E-02,3.73E-02
6:00:05,8/24/20,6.966667,-6.12E-04,1.30E-02,-5.29E-04,9.92E-03,22.0691,-3.31E-07,-2.94E-07,-5.46E-06,101.2963,0.7601481,5.52E-02,1824.041,-9.96E-03,2.07E-02,-8.27E-03,1.72E-02
6:04:05,8/24/20,6.975,6.97E-03,1.87E-02,9.11E-05,1.05E-02,22.12692,3.05E-06,5.03E-08,-1.26E-05,101.2927,0.7581831,0.0552811,1821.748,-2.29E-02,2.21E-02,-1.90E-02,1.83E-02
6:08:05,8/24/20,6.95,-6.78E-03,1.52E-02,7.86E-04,8.10E-03,22.07927,-2.87E-06,4.36E-07,-6.74E-07,101.2933,0.7646444,5.48E-02,1821.298,-1.18E-03,4.32E-02,-9.79E-04,3.58E-02
6:12:05,8/24/20,6.941667,-2.87E-03,1.58E-02,1.55E-03,9.66E-03,22.16265,-1.08E-06,8.60E-07,1.40E-05,101.2972,0.7651001,5.46E-02,1821.525,2.55E-02,2.27E-02,2.11E-02,0.0188609
6:16:05,8/24/20,6.983333,7.18E-03,2.40E-02,-2.99E-03,9.00E-03,22.33603,2.80E-06,-1.66E-06,5.58E-07,101.3043,0.7644855,0.0542938,1821.219,1.01E-03,3.12E-02,8.34E-04,2.59E-02
6:20:05,8/24/20,6.941667,1.22E-02,1.35E-02,9.85E-04,7.06E-03,22.67735,5.45E-06,5.41E-07,-1.19E-05,101.3012,0.7658585,5.45E-02,1822.582,-0.0217634,0.0277429,-1.81E-02,2.30E-02
6:24:05,8/24/20,6.958333,-2.29E-02,1.90E-02,-1.87E-03,0.0106878,23.02057,-1.02E-05,-1.03E-06,-2.10E-06,101.2992,0.7689474,5.43E-02,1824.01,-3.83E-03,2.10E-02,-3.18E-03,1.74E-02
6:28:05,8/24/20,6.991667,8.69E-03,1.60E-02,1.65E-03,9.32E-03,23.26317,3.99E-06,9.08E-07,2.06E-05,101.2967,0.7700799,5.42E-02,1825.113,3.75E-02,2.48E-02,0.0311233,2.06E-02
6:32:05,8/24/20,6.975,8.02E-03,1.67E-02,-3.62E-03,8.17E-03,23.38247,3.09E-06,-2.01E-06,-2.37E-06,101.2924,0.7650062,0.0544228,1819.901,-4.33E-03,2.87E-02,-3.60E-03,2.39E-02
6:36:05,8/24/20,6.95,-8.77E-03,1.43E-02,-3.71E-03,8.92E-03,23.5301,-4.26E-06,-2.05E-06,-8.72E-06,101.2936,0.7708309,5.41E-02,1823.14,-1.59E-02,7.27E-02,-0.0132091,6.03E-02
6:40:05,8/24/20,6.966667,7.11E-03,2.07E-02,-2.22E-03,9.08E-03,23.86582,2.86E-06,-1.23E-06,-6.20E-06,101.2927,0.7729993,0.0541464,1821.886,-1.13E-02,2.32E-02,-9.38E-03,1.92E-02
6:44:05,8/24/20,6.95,5.36E-03,1.26E-02,5.42E-04,9.00E-03,24.06334,2.40E-06,2.97E-07,-1.28E-06,101.3028,0.7694649,0.0539804,1822.095,-2.32E-03,2.21E-02,-1.93E-03,1.83E-02
6:48:05,8/24/20,6.975,-4.94E-03,1.72E-02,-6.70E-04,7.85E-03,24.30565,-2.24E-06,-3.72E-07,1.07E-05,101.3001,0.7754078,5.41E-02,1820.617,0.019532,2.93E-02,1.62E-02,2.43E-02
6:52:05,8/24/20,6.966667,8.64E-03,2.52E-02,-2.31E-03,1.11E-02,24.51467,3.51E-06,-1.28E-06,4.76E-07,101.2995,0.7761303,5.37E-02,1821.075,8.74E-04,2.04E-02,7.25E-04,1.69E-02
6:56:05,8/24/20,6.941667,-2.66E-04,1.51E-02,-3.66E-03,0.0102436,24.7854,-5.40E-07,-2.03E-06,2.31E-06,101.2985,0.7717513,5.36E-02,1821.076,4.21E-03,1.81E-02,3.49E-03,1.51E-02
7:00:05,8/24/20,6.991667,3.46E-03,1.73E-02,3.61E-03,8.09E-03,24.97507,1.93E-06,2.00E-06,2.66E-05,101.2903,0.7801493,5.35E-02,1822.4,4.84E-02,3.64E-02,4.02E-02,3.02E-02
7:04:05,8/24/20,6.983333,3.77E-03,1.22E-02,5.12E-03,1.13E-02,25.23817,2.25E-06,2.84E-06,-4.27E-06,101.2883,0.777541,5.36E-02,1821.822,-7.79E-03,3.09E-02,-6.47E-03,2.56E-02
7:08:05,8/24/20,6.958333,-9.13E-03,1.58E-02,-2.99E-03,8.25E-03,25.55099,-4.33E-06,-1.65E-06,-1.81E-05,101.2867,0.7778099,5.32E-02,1822.402,-0.0329184,2.91E-02,-2.73E-02,2.42E-02
7:12:05,8/24/20,6.941667,7.19E-03,0.0203004,6.25E-04,7.27E-03,25.68377,3.22E-06,3.42E-07,-3.92E-06,101.2822,0.7845264,5.32E-02,1818.966,-7.15E-03,2.52E-02,-5.93E-03,2.09E-02
7:16:05,8/24/20,6.966667,-2.83E-03,1.97E-02,-1.63E-03,8.20E-03,26.12502,-1.43E-06,-9.05E-07,5.43E-07,101.2795,0.7873825,0.0529503,1821.408,1.00E-03,2.89E-02,8.32E-04,2.40E-02
7:20:05,8/24/20,6.95,9.91E-03,2.26E-02,-5.57E-04,8.74E-03,26.3963,4.28E-06,-3.11E-07,3.23E-06,101.275,0.78055,5.28E-02,1819.178,5.91E-03,2.25E-02,4.90E-03,1.87E-02
7:24:05,8/24/20,6.983333,4.95E-03,0.0145532,-2.05E-03,1.06E-02,26.51803,1.93E-06,-1.14E-06,7.40E-06,101.2765,0.7871504,5.28E-02,1819.597,1.35E-02,3.61E-02,1.12E-02,3.00E-02
7:28:05,8/24/20,6.991667,-1.80E-03,2.20E-02,-1.57E-03,9.37E-03,26.71232,-9.74E-07,-8.73E-07,2.64E-07,101.2722,0.7873985,5.26E-02,1817.969,4.83E-04,2.02E-02,4.01E-04,1.68E-02
7:32:05,8/24/20,6.975,-1.08E-03,1.34E-02,-5.25E-05,8.37E-03,27.12895,-4.78E-07,-2.68E-08,-1.92E-05,101.2703,0.7823032,5.26E-02,1818.912,-0.0349321,2.70E-02,-2.90E-02,2.24E-02
7:36:05,8/24/20,6.958333,1.90E-03,1.49E-02,4.57E-03,9.02E-03,27.2555,1.36E-06,2.53E-06,2.40E-05,101.2702,0.788856,5.25E-02,1819.947,4.36E-02,0.0426387,3.62E-02,3.54E-02
7:40:05,8/24/20,6.966667,6.56E-03,1.58E-02,-6.51E-04,7.67E-03,27.68288,2.80E-06,-3.63E-07,1.26E-06,101.2738,0.78532,5.23E-02,1821.307,2.30E-03,3.26E-02,1.91E-03,2.70E-02
7:44:05,8/24/20,6.958333,-9.31E-03,1.54E-02,-1.26E-03,9.40E-03,27.84543,-4.23E-06,-6.94E-07,-5.16E-06,101.2785,0.7818194,5.22E-02,1816.539,-9.34E-03,8.67E-02,-7.75E-03,7.20E-02
7:48:05,8/24/20,6.983333,-5.24E-03,1.70E-02,-4.47E-03,0.0096465,28.13704,-2.82E-06,-2.48E-06,2.49E-05,101.2837,0.7866823,5.21E-02,1817.714,4.53E-02,5.94E-02,3.76E-02,4.93E-02
7:52:05,8/24/20,6.941667,4.53E-03,1.60E-02,-2.69E-03,1.02E-02,28.38452,1.68E-06,-1.49E-06,1.92E-05,101.2824,0.7870339,5.19E-02,1818.438,3.49E-02,7.41E-02,2.90E-02,6.15E-02
7:56:05,8/24/20,6.95,5.07E-03,1.35E-02,3.58E-04,8.69E-03,28.51854,2.25E-06,1.99E-07,8.25E-06,101.2795,0.7854288,5.18E-02,1820.105,1.50E-02,3.85E-02,1.24E-02,3.20E-02
8:00:05,8/24/20,6.991667,-3.66E-03,1.50E-02,-2.23E-03,7.77E-03,28.80452,-1.87E-06,-1.23E-06,6.53E-06,101.2756,0.7847396,5.17E-02,1817.469,1.19E-02,2.92E-02,9.84E-03,2.43E-02
8:04:05,8/24/20,6.975,-6.77E-03,9.46E-03,-2.83E-04,7.70E-03,29.08188,-3.01E-06,-1.58E-07,-2.62E-07,101.2804,0.7812942,5.15E-02,1813.994,-4.38E-04,2.56E-02,-3.64E-04,2.13E-02
8:08:05,8/24/20,6.991667,-3.71E-03,1.06E-02,1.75E-03,7.05E-03,29.38799,-1.42E-06,9.73E-07,-1.81E-06,101.2817,0.7804755,5.14E-02,1817.652,-3.27E-03,3.64E-02,-2.72E-03,3.02E-02
8:12:05,8/24/20,6.966667,-1.18E-02,1.73E-02,-1.84E-03,0.0106455,29.65455,-5.41E-06,-1.02E-06,1.24E-05,101.2791,0.7743498,5.13E-02,1818.292,2.26E-02,4.33E-02,1.87E-02,3.60E-02
8:16:05,8/24/20,6.941667,-7.82E-03,1.47E-02,3.91E-03,8.76E-03,30.03493,-2.97E-06,2.17E-06,3.42E-05,101.2801,0.772797,5.10E-02,1817.27,6.22E-02,0.04498,0.0516136,0.0373334
8:20:05,8/24/20,6.95,-7.81E-03,1.99E-02,-4.72E-03,1.07E-02,30.0816,-3.97E-06,-2.62E-06,3.94E-05,101.2757,0.7726923,5.07E-02,1818.419,7.17E-02,5.00E-02,5.95E-02,4.15E-02
8:24:05,8/24/20,6.958333,-8.24E-03,1.75E-02,8.82E-04,8.53E-03,30.28155,-3.50E-06,4.89E-07,-3.54E-06,101.2745,0.7730041,5.08E-02,1818.997,-6.36E-03,6.66E-02,-5.28E-03,5.53E-02
8:28:05,8/24/20,6.983333,1.38E-02,1.69E-02,-1.96E-03,8.78E-03,30.7059,5.82E-06,-1.09E-06,2.34E-05,101.2648,0.7696664,5.05E-02,1818.318,4.25E-02,0.0641818,3.53E-02,0.0532709
8:32:05,8/24/20,6.975,-9.56E-03,1.89E-02,-1.26E-03,7.51E-03,31.08592,-4.34E-06,-6.97E-07,1.17E-05,101.2606,0.7642899,5.06E-02,1815.018,2.12E-02,4.30E-02,1.76E-02,3.57E-02
8:36:05,8/24/20,6.991667,3.08E-03,1.19E-02,1.27E-03,8.66E-03,31.21577,1.50E-06,7.03E-07,3.46E-06,101.2618,0.7626258,5.07E-02,1817.197,6.24E-03,6.57E-02,5.18E-03,5.45E-02
8:40:05,8/24/20,6.941667,-1.86E-02,1.65E-02,1.98E-03,6.27E-03,31.30309,-7.91E-06,1.11E-06,-9.65E-06,101.2559,0.7580714,5.03E-02,1816.604,-1.75E-02,3.72E-02,-1.45E-02,3.09E-02
8:44:05,8/24/20,6.966667,4.94E-03,1.02E-02,-1.65E-03,1.12E-02,31.65705,1.97E-06,-9.18E-07,9.76E-08,101.2504,0.7592975,0.0502095,1815.816,1.71E-04,0.0316609,1.42E-04,2.63E-02
8:48:05,8/24/20,6.983333,-2.52E-03,1.78E-02,-2.17E-03,6.96E-03,31.88833,-1.35E-06,-1.20E-06,2.16E-05,101.2511,0.7532431,5.00E-02,1817.005,0.0392854,4.16E-02,3.26E-02,3.46E-02
8:52:05,8/24/20,6.95,8.81E-03,0.0161058,-3.88E-03,9.20E-03,32.28688,3.41E-06,-2.16E-06,9.99E-06,101.2482,0.7481948,4.96E-02,1815.001,1.81E-02,5.05E-02,0.0150547,4.20E-02
8:56:05,8/24/20,6.975,-1.00E-02,2.03E-02,-1.75E-05,7.71E-03,32.38582,-4.40E-06,-7.30E-09,2.04E-05,101.2469,0.7449579,4.96E-02,1814.464,3.70E-02,4.75E-02,3.07E-02,0.0393905
9:00:05,8/24/20,6.958333,5.01E-03,1.82E-02,-3.59E-03,8.99E-03,32.66639,1.78E-06,-1.99E-06,1.10E-05,101.2468,0.7391933,4.97E-02,1816.257,1.99E-02,5.40E-02,1.65E-02,4.48E-02
9:04:05,8/24/20,6.966667,1.34E-02,2.32E-02,2.22E-03,8.66E-03,33.14933,6.15E-06,1.23E-06,4.22E-05,101.2506,0.7370521,4.94E-02,1812.483,7.63E-02,0.312033,6.33E-02,0.2589874
9:08:05,8/24/20,6.983333,-1.29E-03,1.07E-02,5.82E-04,7.24E-03,33.16922,-4.96E-07,3.24E-07,2.60E-05,101.2557,0.7269433,4.95E-02,1816.569,4.73E-02,4.43E-02,3.93E-02,3.68E-02
9:12:05,8/24/20,6.941667,3.34E-03,1.78E-02,1.89E-04,8.15E-03,33.36889,1.49E-06,1.05E-07,1.48E-06,101.2582,0.721338,4.93E-02,1814.464,2.67E-03,0.0432129,2.22E-03,0.0358667
9:16:05,8/24/20,6.966667,9.26E-03,1.81E-02,-2.39E-03,8.98E-03,33.35475,3.79E-06,-1.33E-06,2.87E-05,101.255,0.7199911,4.93E-02,1814.31,5.21E-02,4.71E-02,4.33E-02,3.91E-02
9:18:06,8/24/20,6.983333,9.37E-03,2.12E-02,-1.46E-03,1.01E-02,33.2189,3.94E-06,-8.10E-07,-1.62E-06,101.2574,0.7060652,4.92E-02,1815.441,-2.95E-03,3.29E-02,-2.45E-03,2.73E-02
9:22:06,8/24/20,6.958333,-1.15E-02,2.45E-02,-1.04E-03,6.87E-03,33.12132,-5.17E-06,-5.78E-07,5.09E-05,101.2579,0.7088218,4.90E-02,1812.278,9.23E-02,0.0793353,7.66E-02,0.0658483
9:26:06,8/24/20,6.991667,3.65E-03,0.0133755,3.15E-04,7.64E-03,32.96914,1.64E-06,1.77E-07,7.84E-06,101.2528,0.7011798,4.91E-02,1813.634,1.42E-02,5.78E-02,1.18E-02,4.80E-02
9:30:06,8/24/20,6.966667,-2.42E-02,1.74E-02,-1.35E-03,7.68E-03,33.06395,-1.08E-05,-7.47E-07,3.93E-06,101.2471,0.6969475,4.91E-02,1813.333,7.12E-03,0.1229037,5.91E-03,0.10201
9:34:06,8/24/20,6.975,-1.40E-03,1.45E-02,1.85E-03,8.72E-03,33.12617,-3.98E-07,1.03E-06,-4.47E-06,101.2481,0.69515,4.91E-02,1812.479,-8.11E-03,2.77E-02,-6.73E-03,2.30E-02
9:38:06,8/24/20,6.95,1.14E-02,1.79E-02,1.90E-03,7.78E-03,33.05105,5.22E-06,1.05E-06,1.02E-05,101.2544,0.6993446,4.90E-02,1814.319,0.0184709,6.05E-02,1.53E-02,5.02E-02
9:42:06,8/24/20,6.941667,-2.65E-03,0.0191391,3.58E-03,8.59E-03,33.01767,-7.38E-07,1.99E-06,2.05E-07,101.2565,0.7021877,4.90E-02,1815.825,3.25E-04,4.80E-02,2.70E-04,3.99E-02
9:46:06,8/24/20,6.983333,-5.48E-03,1.56E-02,-2.90E-03,7.82E-03,33.06817,-2.75E-06,-1.61E-06,2.51E-06,101.2511,0.6977794,4.86E-02,1810.843,4.53E-03,0.0462721,3.76E-03,3.84E-02
9:50:06,8/24/20,6.941667,1.78E-03,1.50E-02,6.68E-04,7.66E-03,33.03637,8.57E-07,3.71E-07,1.87E-05,101.2429,0.6998839,4.85E-02,1811.185,3.39E-02,5.84E-02,2.81E-02,4.85E-02
9:54:06,8/24/20,6.958333,5.24E-03,0.0146101,-3.96E-04,7.49E-03,32.9952,2.26E-06,-2.20E-07,-5.20E-06,101.241,0.7042853,4.85E-02,1812.192,-9.42E-03,5.98E-02,-7.81E-03,4.96E-02
9:58:06,8/24/20,6.991667,7.37E-04,1.80E-02,2.40E-03,6.86E-03,33.00993,6.06E-07,1.34E-06,-1.83E-05,101.2442,0.7012863,4.84E-02,1810.902,-3.32E-02,5.25E-02,-2.75E-02,4.36E-02
10:02:06,8/24/20,6.975,4.72E-03,8.52E-03,-2.59E-03,8.84E-03,33.02977,1.78E-06,-1.44E-06,1.78E-05,101.2489,0.6994264,4.82E-02,1811.946,3.23E-02,3.27E-02,0.0267863,2.71E-02
10:06:06,8/24/20,6.95,4.47E-03,1.40E-02,-2.92E-03,8.06E-03,33.07057,1.63E-06,-1.62E-06,-3.12E-05,101.2472,0.7024059,0.0481668,1812.414,-5.65E-02,6.06E-02,-4.69E-02,5.03E-02
10:10:06,8/24/20,6.966667,-1.82E-02,2.33E-02,-2.75E-03,8.54E-03,32.96207,-8.32E-06,-1.52E-06,-2.64E-05,101.2439,0.6997356,4.82E-02,1810.911,-4.78E-02,0.123427,-3.97E-02,0.1024444
10:14:06,8/24/20,6.95,8.78E-03,1.53E-02,-4.20E-03,8.84E-03,32.89079,3.36E-06,-2.33E-06,-1.85E-06,101.2395,0.6999706,4.81E-02,1813.869,-3.32E-03,2.81E-02,-2.75E-03,2.34E-02
10:18:06,8/24/20,6.975,3.51E-03,1.60E-02,-3.76E-04,8.40E-03,32.91259,1.50E-06,-2.09E-07,7.81E-06,101.2353,0.6998343,4.82E-02,1812.052,1.41E-02,3.93E-02,0.0117339,3.26E-02
10:22:06,8/24/20,6.966667,-6.43E-03,1.88E-02,-4.63E-03,8.99E-03,33.05182,-3.37E-06,-2.57E-06,1.29E-07,101.2341,0.7024367,4.80E-02,1813.547,1.74E-04,5.10E-02,1.44E-04,4.23E-02
10:26:06,8/24/20,6.941667,-9.98E-03,1.54E-02,1.60E-03,7.76E-03,32.9447,-4.20E-06,8.95E-07,-1.41E-06,101.2276,0.7005281,4.80E-02,1812.012,-2.55E-03,0.0268155,-2.12E-03,2.23E-02
10:30:06,8/24/20,6.991667,1.31E-02,1.58E-02,-3.12E-03,8.15E-03,32.91587,5.36E-06,-1.74E-06,1.52E-06,101.2279,0.7072596,4.80E-02,1810.969,2.74E-03,0.0521069,2.27E-03,4.32E-02
10:34:06,8/24/20,6.983333,1.06E-02,0.0175186,-3.80E-03,7.44E-03,32.97242,4.20E-06,-2.12E-06,1.37E-05,101.2301,0.7063508,0.047875,1811.524,2.47E-02,4.40E-02,0.0204932,3.65E-02
10:38:06,8/24/20,6.958333,2.01E-02,2.63E-02,1.69E-03,7.88E-03,32.90158,9.02E-06,9.37E-07,-2.79E-07,101.2266,0.7131441,4.79E-02,1810.14,-5.34E-04,3.83E-02,-4.43E-04,3.18E-02
10:42:06,8/24/20,6.941667,4.59E-03,1.53E-02,1.84E-03,8.01E-03,32.95322,2.23E-06,1.02E-06,-5.72E-07,101.2216,0.7171351,4.80E-02,1812.454,-9.86E-04,5.09E-02,-8.18E-04,4.23E-02
10:46:06,8/24/20,6.966667,-1.24E-02,2.06E-02,1.70E-03,8.48E-03,32.96822,-5.24E-06,9.50E-07,-3.68E-05,101.2168,0.7151681,4.78E-02,1810.56,-6.67E-02,0.214443,-5.54E-02,0.1779877
10:50:06,8/24/20,6.95,2.97E-03,0.0162361,-1.27E-04,8.37E-03,32.99559,1.29E-06,-7.02E-08,-2.44E-05,101.2162,0.7132397,4.78E-02,1811.22,-4.42E-02,5.04E-02,-3.67E-02,4.18E-02
10:54:06,8/24/20,6.983333,1.27E-02,0.0199622,8.90E-04,7.74E-03,32.90892,5.71E-06,4.94E-07,-2.72E-05,101.2159,0.7165595,4.78E-02,1809.938,-4.93E-02,3.89E-02,-4.09E-02,3.22E-02
10:58:06,8/24/20,6.991667,5.36E-03,1.07E-02,2.01E-03,6.92E-03,32.84399,2.59E-06,1.12E-06,1.64E-05,101.2141,0.7200135,4.78E-02,1809.913,2.96E-02,0.1714529,2.46E-02,0.1423059
11:02:06,8/24/20,6.975,-1.06E-02,1.27E-02,2.11E-03,8.68E-03,32.90609,-4.43E-06,1.18E-06,-1.12E-06,101.2148,0.7165121,4.77E-02,1810.402,-2.00E-03,3.27E-02,-0.0016629,2.72E-02
11:06:06,8/24/20,6.958333,3.73E-03,0.0138664,-1.94E-03,8.07E-03,33.04198,1.41E-06,-1.08E-06,4.82E-05,101.2147,0.7254187,4.76E-02,1812.013,8.74E-02,5.13E-02,0.0725372,4.26E-02
11:10:06,8/24/20,6.966667,3.14E-04,1.87E-02,-2.06E-03,8.32E-03,32.95605,-1.01E-07,-1.14E-06,4.65E-05,101.2161,0.729053,4.77E-02,1809.963,0.0841442,6.16E-02,6.98E-02,5.11E-02
11:14:06,8/24/20,6.958333,-6.69E-03,1.83E-02,1.54E-04,7.79E-03,32.87995,-2.92E-06,8.85E-08,2.44E-05,101.2148,0.7240877,4.79E-02,1810.583,0.0442447,3.08E-02,0.0367231,0.0255756
11:18:06,8/24/20,6.983333,1.42E-03,1.13E-02,-2.12E-03,8.87E-03,32.93359,3.78E-07,-1.18E-06,-2.14E-05,101.2161,0.7310885,4.79E-02,1811.816,-3.88E-02,5.22E-02,-3.22E-02,4.33E-02
11:22:06,8/24/20,6.941667,7.28E-03,2.18E-02,-8.89E-04,7.99E-03,32.92303,3.09E-06,-4.96E-07,9.45E-05,101.2164,0.7449657,0.0477885,1810.075,0.1694638,0.8099344,0.1406549,0.6722456
11:26:06,8/24/20,6.95,-8.95E-03,2.00E-02,-9.26E-04,7.99E-03,32.94492,-4.06E-06,-5.12E-07,2.74E-05,101.2127,0.7395347,4.79E-02,1809.096,0.0496763,4.91E-02,4.12E-02,4.08E-02
11:30:06,8/24/20,6.991667,1.55E-03,0.0199285,2.53E-03,6.59E-03,32.82787,9.76E-07,1.41E-06,5.72E-06,101.2113,0.7357093,4.80E-02,1810.281,1.03E-02,4.03E-02,8.56E-03,3.35E-02
11:34:06,8/24/20,6.975,-2.52E-02,1.86E-02,2.24E-03,9.78E-03,32.95369,-1.08E-05,1.25E-06,-2.83E-05,101.2047,0.7334248,4.77E-02,1808.86,-0.0512885,5.46E-02,-4.26E-02,4.53E-02
11:38:06,8/24/20,6.991667,-1.42E-02,1.52E-02,1.31E-03,6.57E-03,32.93417,-6.09E-06,7.33E-07,-7.58E-06,101.2007,0.7437357,4.78E-02,1809.075,-1.37E-02,5.48E-02,-1.14E-02,4.55E-02
11:42:06,8/24/20,6.966667,-5.42E-03,1.73E-02,1.19E-03,6.75E-03,32.88799,-2.25E-06,6.62E-07,-1.16E-05,101.1969,0.7363926,4.75E-02,1810.011,-2.10E-02,5.39E-02,-1.74E-02,4.47E-02
11:46:06,8/24/20,6.941667,8.08E-03,2.14E-02,-0.0043541,8.74E-03,32.84729,3.05E-06,-2.43E-06,3.20E-06,101.1893,0.7327535,4.74E-02,1808.419,5.79E-03,4.03E-02,4.81E-03,3.34E-02
11:50:06,8/24/20,6.95,-1.88E-02,2.32E-02,-1.38E-03,7.84E-03,33.01894,-8.42E-06,-7.67E-07,6.32E-05,101.1832,0.7386429,4.76E-02,1807.573,0.114173,6.34E-02,9.48E-02,5.26E-02
11:54:06,8/24/20,6.958333,-2.96E-03,9.94E-03,7.66E-04,9.29E-03,32.88262,-1.21E-06,4.27E-07,8.73E-06,101.1758,0.7312201,4.78E-02,1809.421,1.58E-02,4.74E-02,1.31E-02,0.0393238
11:58:06,8/24/20,6.983333,6.95E-03,1.23E-02,3.07E-04,8.07E-03,32.97492,3.10E-06,1.70E-07,-2.38E-05,101.1702,0.7321938,4.73E-02,1808.037,-4.30E-02,5.51E-02,-3.57E-02,4.57E-02
12:02:06,8/24/20,6.975,1.99E-03,1.64E-02,-7.89E-03,1.01E-02,32.88103,-4.87E-08,-4.40E-06,-2.13E-05,101.1646,0.7346602,4.75E-02,1808.527,-3.87E-02,0.133374,-3.21E-02,0.1107004
12:06:06,8/24/20,6.991667,-3.77E-03,1.67E-02,-4.13E-04,6.40E-03,32.78617,-1.71E-06,-2.29E-07,-9.92E-06,101.1635,0.7491907,4.99E-02,1808.473,-1.80E-02,4.73E-02,-1.49E-02,0.039233
12:10:06,8/24/20,6.941667,3.90E-03,1.10E-02,-6.50E-03,1.08E-02,32.868,9.60E-07,-3.62E-06,-2.32E-05,101.1689,0.761503,5.20E-02,1806.951,-4.19E-02,4.64E-02,-3.48E-02,3.85E-02
12:14:06,8/24/20,6.966667,4.77E-03,1.43E-02,-3.39E-03,9.41E-03,32.83492,1.71E-06,-1.89E-06,2.28E-05,101.1666,0.7637326,5.10E-02,1808.257,4.12E-02,5.06E-02,0.0341977,4.20E-02
12:18:06,8/24/20,6.983333,-6.39E-04,1.41E-02,-1.66E-03,8.53E-03,32.85648,-4.80E-07,-9.26E-07,1.61E-05,101.167,0.7501963,4.98E-02,1809.119,2.92E-02,0.139079,2.43E-02,0.1154356
12:22:06,8/24/20,6.95,-9.45E-04,0.0190134,1.35E-03,7.26E-03,32.81158,-2.58E-07,7.57E-07,4.32E-05,101.1691,0.7522615,4.91E-02,1808.227,0.0780528,7.05E-02,6.48E-02,0.0585115
12:26:06,8/24/20,6.975,-4.11E-03,2.25E-02,1.43E-03,9.25E-03,32.74217,-1.65E-06,7.96E-07,-1.84E-06,101.1618,0.7485919,4.82E-02,1808.182,-3.31E-03,3.78E-02,-2.75E-03,3.14E-02
12:30:06,8/24/20,6.958333,2.85E-03,0.0113212,3.46E-04,9.51E-03,32.84152,1.29E-06,1.92E-07,4.36E-05,101.1593,0.7506552,4.76E-02,1806.123,7.87E-02,6.32E-02,6.53E-02,5.25E-02
12:34:06,8/24/20,6.966667,-5.87E-03,2.09E-02,-3.35E-03,9.93E-03,32.83602,-2.98E-06,-1.86E-06,1.15E-05,101.1573,0.7444167,4.73E-02,1808.744,2.07E-02,9.39E-02,1.72E-02,7.80E-02
12:38:06,8/24/20,6.983333,-6.23E-03,1.47E-02,1.82E-03,7.15E-03,32.80148,-2.54E-06,1.02E-06,1.66E-05,101.1497,0.7390401,4.72E-02,1805.87,2.99E-02,0.1396911,2.48E-02,0.1159436
12:42:06,8/24/20,6.941667,-3.67E-03,1.34E-02,-8.14E-04,9.60E-03,32.86207,-1.71E-06,-4.54E-07,-9.55E-06,101.1468,0.7408107,4.70E-02,1806.766,-1.73E-02,8.37E-02,-1.44E-02,6.95E-02
12:46:06,8/24/20,6.966667,-7.54E-03,1.34E-02,-4.75E-04,0.0080966,32.7091,-3.38E-06,-2.61E-07,3.92E-05,101.1344,0.7444164,4.71E-02,1807.118,7.07E-02,0.2058872,5.87E-02,0.1708864
12:48:07,8/24/20,6.983333,5.38E-03,1.14E-02,-3.94E-04,6.63E-03,32.76285,2.33E-06,-2.20E-07,-1.74E-06,101.131,0.7340576,4.70E-02,1806.304,-3.16E-03,3.40E-02,-2.62E-03,2.82E-02
12:52:07,8/24/20,6.958333,1.26E-02,2.04E-02,2.60E-03,8.50E-03,32.77393,5.83E-06,1.45E-06,2.82E-05,101.1255,0.7386068,4.69E-02,1808.459,5.10E-02,5.55E-02,4.23E-02,4.60E-02
12:56:07,8/24/20,6.991667,3.65E-04,1.14E-02,-3.48E-03,8.69E-03,32.85532,-2.44E-07,-1.94E-06,-3.22E-05,101.1253,0.7325599,4.68E-02,1808.065,-5.81E-02,0.1982611,-4.82E-02,0.1645567
13:00:07,8/24/20,6.966667,1.05E-03,1.11E-02,-6.14E-04,7.54E-03,32.78452,3.88E-07,-3.43E-07,-1.58E-05,101.1107,0.711357,4.69E-02,1806.272,-2.85E-02,3.97E-02,-2.37E-02,3.30E-02
13:04:07,8/24/20,6.975,9.23E-03,2.38E-02,-1.08E-03,9.04E-03,32.75237,3.94E-06,-6.03E-07,-6.05E-06,101.1072,0.7012398,4.69E-02,1804.771,-0.0109422,0.0870114,-9.08E-03,7.22E-02
13:08:07,8/24/20,6.95,-8.75E-03,1.89E-02,-8.31E-04,6.01E-03,32.76547,-3.95E-06,-4.60E-07,-1.92E-05,101.099,0.6972098,4.69E-02,1806.168,-3.46E-02,4.74E-02,-2.87E-02,3.93E-02
13:12:07,8/24/20,6.941667,4.41E-03,1.51E-02,3.28E-03,7.62E-03,32.79519,2.33E-06,1.83E-06,2.02E-05,101.0967,0.6895528,4.70E-02,1804.773,3.64E-02,3.19E-02,3.02E-02,2.65E-02
13:16:07,8/24/20,6.983333,-1.53E-03,1.25E-02,2.19E-04,8.44E-03,32.8988,-6.53E-07,1.22E-07,3.62E-05,101.0933,0.6859334,4.67E-02,1806.802,6.53E-02,5.02E-02,5.42E-02,4.16E-02
13:20:07,8/24/20,6.941667,-2.00E-02,2.55E-02,-4.13E-04,8.53E-03,32.83014,-8.84E-06,-2.30E-07,-1.65E-05,101.0903,0.673606,4.67E-02,1807.206,-0.0299046,0.1132389,-2.48E-02,9.40E-02
13:24:07,8/24/20,6.958333,7.55E-03,2.11E-02,3.52E-03,8.56E-03,32.72697,3.73E-06,1.96E-06,3.00E-05,101.0811,0.6656575,4.68E-02,1807.223,5.42E-02,4.89E-02,4.50E-02,4.06E-02
13:28:07,8/24/20,6.991667,2.52E-03,1.09E-02,-1.26E-03,9.26E-03,32.76727,9.59E-07,-7.01E-07,-9.99E-06,101.0799,0.6587371,4.67E-02,1807.977,-1.81E-02,3.97E-02,-1.50E-02,3.30E-02
13:32:07,8/24/20,6.975,8.62E-03,1.27E-02,-3.79E-04,6.08E-03,32.75212,3.75E-06,-2.14E-07,-2.50E-06,101.0737,0.6492523,4.66E-02,1807.662,-4.52E-03,0.0448741,-3.75E-03,0.0372455
13:36:07,8/24/20,6.95,6.05E-03,0.0154789,-3.10E-03,9.73E-03,32.90697,2.30E-06,-1.73E-06,-2.80E-05,101.0643,0.6488224,4.67E-02,1806.758,-5.05E-02,0.1154659,-4.19E-02,9.58E-02
13:40:07,8/24/20,6.966667,3.55E-03,2.75E-02,-1.79E-03,7.71E-03,32.84069,1.36E-06,-9.97E-07,-8.14E-07,101.0527,0.6481258,0.0467025,1807.415,-1.54E-03,7.67E-02,-1.28E-03,6.37E-02
13:44:07,8/24/20,6.95,2.82E-02,2.39E-02,-8.32E-04,9.63E-03,32.75117,1.23E-05,-4.72E-07,1.76E-06,101.0371,0.6466991,4.69E-02,1806.374,3.15E-03,3.57E-02,2.61E-03,2.97E-02
13:48:07,8/24/20,6.975,-8.75E-04,1.61E-02,2.54E-03,6.41E-03,32.82573,-8.69E-08,1.41E-06,2.61E-05,101.0286,0.6493834,4.68E-02,1807.531,4.71E-02,3.82E-02,3.91E-02,3.17E-02
13:52:07,8/24/20,6.966667,7.02E-03,1.22E-02,2.50E-03,8.76E-03,32.73394,3.38E-06,1.39E-06,1.39E-06,101.0243,0.6500903,4.68E-02,1806.374,2.52E-03,3.82E-02,2.10E-03,3.17E-02
13:56:07,8/24/20,6.941667,-1.35E-02,2.44E-02,-2.44E-03,1.21E-02,32.89647,-6.23E-06,-1.36E-06,-1.76E-05,101.0221,0.6455483,0.0464822,1805.459,-3.18E-02,0.1247976,-2.64E-02,0.103582
14:00:07,8/24/20,6.991667,3.02E-03,9.66E-03,1.44E-03,6.58E-03,32.82774,1.50E-06,8.00E-07,1.70E-05,101.0146,0.652706,4.67E-02,1805.92,3.07E-02,0.0468311,0.0255033,3.89E-02
14:04:07,8/24/20,6.983333,-2.04E-03,0.0109188,-1.46E-03,6.84E-03,32.79819,-1.07E-06,-8.14E-07,-2.74E-07,101.0051,0.6518419,4.66E-02,1806.29,-4.97E-04,2.02E-02,-4.12E-04,0.0167329
14:08:07,8/24/20,6.958333,3.15E-04,1.41E-02,-3.22E-05,8.42E-03,32.78882,1.33E-07,-1.67E-08,3.29E-06,101.0031,0.6555189,4.66E-02,1806.04,5.93E-03,0.144646,4.92E-03,0.1200562
14:12:07,8/24/20,6.941667,0.0129583,1.72E-02,-8.00E-04,1.08E-02,32.94313,5.62E-06,-4.46E-07,7.32E-06,100.9991,0.6583508,4.66E-02,1803.496,1.31E-02,0.1694187,0.0108701,0.1406175
14:16:07,8/24/20,6.966667,5.88E-03,1.71E-02,-4.29E-03,7.26E-03,32.83507,2.09E-06,-2.39E-06,-4.23E-06,100.9976,0.6584747,4.67E-02,1806.405,-7.62E-03,0.1840664,-6.32E-03,0.1527751
14:20:07,8/24/20,6.95,-5.51E-03,1.39E-02,4.80E-04,0.0078099,32.81872,-2.38E-06,2.69E-07,-1.42E-05,100.9863,0.653864,4.66E-02,1804.799,-2.57E-02,2.82E-02,-2.13E-02,2.34E-02
14:24:07,8/24/20,6.983333,1.11E-03,1.37E-02,2.21E-03,9.83E-03,32.82722,7.53E-07,1.23E-06,1.15E-05,100.985,0.6562362,4.66E-02,1806.17,0.0208429,4.11E-02,1.73E-02,3.41E-02
14:28:07,8/24/20,6.991667,-8.88E-03,2.14E-02,2.27E-03,1.12E-02,32.85167,-3.64E-06,1.27E-06,4.46E-07,100.9791,0.6542799,4.66E-02,1807.739,7.95E-04,2.75E-02,6.60E-04,0.0228033
14:32:07,8/24/20,6.975,5.15E-03,2.93E-02,3.17E-03,9.13E-03,32.83335,2.65E-06,1.77E-06,3.75E-05,100.9653,0.6535497,4.67E-02,1805.626,6.73E-02,0.2932787,5.58E-02,0.2434213
14:36:07,8/24/20,6.958333,-1.89E-03,1.26E-02,7.98E-04,8.15E-03,32.88208,-7.41E-07,4.45E-07,1.04E-05,100.9616,0.6524886,4.66E-02,1804.361,1.88E-02,0.173691,1.56E-02,0.1441635
14:40:07,8/24/20,6.966667,3.22E-03,1.47E-02,8.58E-04,1.08E-02,32.80875,1.52E-06,4.79E-07,2.33E-05,100.9586,0.6534369,4.67E-02,1803.491,4.20E-02,5.05E-02,3.48E-02,4.19E-02
14:44:07,8/24/20,6.958333,5.39E-03,2.10E-02,1.18E-03,8.18E-03,32.87915,2.52E-06,6.59E-07,1.33E-06,100.953,0.6454213,4.67E-02,1802.004,2.38E-03,9.45E-02,1.97E-03,7.84E-02
14:48:07,8/24/20,6.983333,-3.20E-03,1.32E-02,-3.26E-03,9.72E-03,32.79953,-1.79E-06,-1.82E-06,-9.81E-06,100.9444,0.6496298,4.66E-02,1803.88,-1.77E-02,3.92E-02,-1.47E-02,3.25E-02
14:52:07,8/24/20,6.941667,-5.88E-03,1.94E-02,-1.65E-03,8.94E-03,32.86034,-2.79E-06,-9.22E-07,1.51E-05,100.9437,0.6470335,4.65E-02,1802.331,0.0272354,6.92E-02,2.26E-02,5.74E-02
14:56:07,8/24/20,6.95,-3.24E-04,1.80E-02,-1.65E-03,9.29E-03,32.81009,-3.34E-07,-9.21E-07,2.70E-06,100.9361,0.6460664,4.65E-02,1803.721,4.89E-03,3.12E-02,4.06E-03,2.59E-02
15:00:07,8/24/20,6.991667,6.63E-03,2.00E-02,-3.77E-05,8.02E-03,32.79633,2.92E-06,-2.22E-08,2.06E-05,100.9246,0.6452994,4.67E-02,1805.864,3.73E-02,3.60E-02,3.09E-02,2.99E-02
15:04:07,8/24/20,6.975,1.71E-02,2.56E-02,-3.27E-04,8.02E-03,32.93707,7.52E-06,-1.85E-07,9.78E-06,100.9201,0.6407706,4.65E-02,1803.836,1.77E-02,2.29E-02,1.47E-02,1.90E-02
15:08:07,8/24/20,6.991667,-2.40E-03,1.45E-02,-4.18E-03,8.61E-03,32.83994,-1.55E-06,-2.33E-06,1.26E-06,100.9152,0.6425205,4.63E-02,1800.011,2.30E-03,3.76E-02,1.91E-03,3.12E-02
15:12:07,8/24/20,6.966667,-1.17E-02,2.11E-02,5.58E-04,8.49E-03,32.85878,-5.09E-06,3.12E-07,1.91E-06,100.9141,0.6394138,4.64E-02,1804.333,3.45E-03,1.64E-02,2.86E-03,0.0136352
15:16:07,8/24/20,6.941667,-1.91E-03,1.33E-02,-3.18E-04,8.16E-03,32.8331,-8.78E-07,-1.77E-07,1.44E-05,100.9078,0.6376668,0.0465708,1804.457,2.61E-02,2.92E-02,0.0216424,2.43E-02
15:20:07,8/24/20,6.95,-8.07E-03,1.29E-02,2.21E-03,6.85E-03,32.85472,-3.30E-06,1.24E-06,-1.65E-05,100.897,0.6415411,4.65E-02,1802.387,-2.97E-02,3.29E-02,-2.46E-02,2.73E-02
15:24:07,8/24/20,6.958333,-6.09E-03,1.70E-02,4.16E-03,7.58E-03,32.8746,-2.20E-06,2.33E-06,-8.01E-07,100.9031,0.6385565,4.66E-02,1800.626,-1.45E-03,2.55E-02,-1.20E-03,2.11E-02
15:28:07,8/24/20,6.983333,-8.95E-03,2.60E-02,5.06E-04,8.84E-03,32.92812,-3.88E-06,2.85E-07,2.29E-06,100.9004,0.6457938,4.65E-02,1802.905,4.15E-03,0.1505859,3.44E-03,0.1249863
15:32:07,8/24/20,6.975,-4.00E-04,1.98E-02,-6.53E-04,6.99E-03,32.91025,-2.46E-07,-3.65E-07,-7.14E-06,100.8929,0.6608493,4.67E-02,1803.437,-1.29E-02,3.43E-02,-1.07E-02,2.84E-02
15:36:07,8/24/20,6.991667,4.10E-03,2.34E-02,-1.99E-03,7.94E-03,32.81352,1.58E-06,-1.11E-06,1.53E-06,100.8884,0.6751965,4.71E-02,1801.727,2.74E-03,2.98E-02,2.27E-03,2.48E-02
15:40:07,8/24/20,6.941667,3.32E-03,0.0194234,6.49E-04,9.52E-03,32.8283,1.54E-06,3.65E-07,1.06E-05,100.8862,0.676045,4.72E-02,1802.147,1.90E-02,3.04E-02,1.58E-02,2.52E-02
15:44:07,8/24/20,6.966667,4.09E-03,1.21E-02,1.91E-03,9.51E-03,32.92772,2.03E-06,1.07E-06,-1.76E-05,100.8882,0.6837742,4.73E-02,1803.243,-3.18E-02,4.03E-02,-2.64E-02,3.35E-02
15:48:07,8/24/20,6.983333,3.57E-03,9.98E-03,-2.89E-03,7.88E-03,32.82978,1.24E-06,-1.62E-06,-9.43E-06,100.8812,0.6783514,4.74E-02,1801.715,-1.70E-02,1.61E-02,-1.41E-02,1.34E-02
15:52:07,8/24/20,6.95,-1.43E-03,0.0185971,-1.93E-03,8.25E-03,32.84185,-8.59E-07,-1.08E-06,1.93E-05,100.8743,0.6848094,4.75E-02,1802.599,3.47E-02,4.77E-02,2.88E-02,0.0396038
15:56:07,8/24/20,6.975,-1.48E-03,9.95E-03,2.95E-04,7.78E-03,32.92357,-6.22E-07,1.65E-07,1.42E-05,100.8709,0.6841851,4.75E-02,1801.557,0.0255117,2.76E-02,2.12E-02,2.29E-02
16:00:07,8/24/20,6.958333,3.97E-03,1.04E-02,1.90E-03,8.72E-03,32.80138,1.98E-06,1.06E-06,2.46E-05,100.8714,0.6879829,0.0474381,1802.098,4.44E-02,4.49E-02,3.69E-02,3.73E-02
16:04:07,8/24/20,6.966667,2.62E-02,1.74E-02,1.11E-03,9.78E-03,32.77987,1.17E-05,6.14E-07,6.56E-06,100.8801,0.6860039,4.76E-02,1802.94,1.19E-02,0.1463793,9.85E-03,0.1214948
16:08:07,8/24/20,6.983333,-9.13E-03,1.53E-02,6.16E-04,7.40E-03,32.8601,-3.95E-06,3.45E-07,-1.77E-05,100.8816,0.6773101,4.75E-02,1803.082,-3.18E-02,4.78E-02,-2.64E-02,3.97E-02
16:12:07,8/24/20,6.941667,-1.32E-03,1.53E-02,1.12E-03,1.01E-02,32.832,-4.49E-07,6.27E-07,3.39E-05,100.8812,0.6827353,4.76E-02,1801.042,6.10E-02,0.2722227,0.0506244,0.2259448
16:16:07,8/24/20,6.966667,3.05E-03,2.21E-02,4.54E-04,7.24E-03,32.8286,1.40E-06,2.53E-07,1.07E-05,100.8759,0.6823509,4.75E-02,1800.439,1.93E-02,0.175364,1.60E-02,0.1455521
16:18:08,8/24/20,6.983333,-2.55E-02,2.32E-02,-3.21E-03,9.95E-03,32.88232,-1.16E-05,-1.79E-06,5.76E-05,100.8769,0.6806187,4.75E-02,1801.923,0.1034806,0.3542805,8.59E-02,0.2940528
16:22:08,8/24/20,6.958333,-9.77E-03,2.36E-02,1.19E-03,8.22E-03,32.74104,-4.18E-06,6.64E-07,9.54E-06,100.8888,0.6799129,4.76E-02,1803.477,1.73E-02,0.1442325,1.44E-02,0.119713
16:26:08,8/24/20,6.991667,-8.32E-03,2.28E-02,-5.04E-04,6.65E-03,32.9041,-3.73E-06,-2.80E-07,-2.22E-06,100.8936,0.6814923,4.77E-02,1803.861,-4.04E-03,0.1692755,-3.36E-03,0.1404987
16:30:08,8/24/20,6.966667,2.02E-05,1.34E-02,-8.87E-04,7.53E-03,32.72617,-9.56E-08,-4.96E-07,1.57E-08,100.8965,0.6778986,0.0476983,1803.298,2.47E-05,1.64E-02,2.05E-05,1.36E-02
16:34:08,8/24/20,6.975,2.98E-03,0.020617,-1.47E-03,7.86E-03,32.7978,1.14E-06,-8.24E-07,8.96E-07,100.9022,0.6767305,4.77E-02,1805.626,1.63E-03,1.36E-02,1.35E-03,0.0112812
16:38:08,8/24/20,6.95,9.58E-03,2.15E-02,-9.35E-04,8.96E-03,32.86684,4.12E-06,-5.24E-07,2.35E-05,100.9146,0.6832507,4.77E-02,1803.957,4.25E-02,4.21E-02,3.52E-02,3.50E-02
16:42:08,8/24/20,6.941667,-7.65E-03,1.30E-02,4.31E-03,8.06E-03,32.8169,-2.87E-06,2.41E-06,1.19E-06,100.9183,0.6806865,4.79E-02,1803.22,2.17E-03,3.87E-02,1.80E-03,3.21E-02
16:46:08,8/24/20,6.983333,-4.03E-03,0.0110734,-1.82E-03,8.49E-03,32.7732,-1.99E-06,-1.01E-06,1.39E-05,100.9217,0.6862761,4.78E-02,1802.915,2.46E-02,0.3434603,2.04E-02,0.2850721
16:50:08,8/24/20,6.941667,-3.49E-03,1.77E-02,-3.85E-03,9.41E-03,32.7173,-1.99E-06,-2.15E-06,-2.65E-05,100.9289,0.6807382,4.78E-02,1801.705,-4.77E-02,7.13E-02,-3.96E-02,0.059211
16:54:08,8/24/20,6.958333,-1.26E-02,1.57E-02,-3.11E-03,0.010193,32.8229,-5.91E-06,-1.73E-06,1.99E-05,100.9279,0.6848153,4.79E-02,1802.438,3.59E-02,4.45E-02,2.98E-02,3.69E-02
16:58:08,8/24/20,6.991667,-0.0104343,2.04E-02,-2.55E-03,7.86E-03,32.83317,-4.90E-06,-1.42E-06,4.55E-06,100.9283,0.6849793,4.79E-02,1805.238,8.16E-03,0.1580804,6.77E-03,0.1312067
17:02:08,8/24/20,6.975,-7.74E-03,1.94E-02,3.19E-04,9.29E-03,32.76493,-3.38E-06,1.79E-07,-7.57E-07,100.9135,0.6799491,4.79E-02,1803.829,-1.36E-03,2.08E-02,-1.13E-03,1.73E-02
17:06:08,8/24/20,6.95,8.03E-03,1.53E-02,-2.36E-03,8.25E-03,32.83315,3.27E-06,-1.32E-06,5.18E-07,100.9044,0.6900116,4.79E-02,1803.776,9.56E-04,4.22E-02,7.94E-04,3.50E-02
17:10:08,8/24/20,6.966667,-1.44E-02,1.85E-02,-1.77E-03,9.49E-03,32.83849,-6.55E-06,-9.87E-07,-5.97E-06,100.9026,0.6855829,4.80E-02,1803.266,-1.08E-02,2.63E-02,-8.94E-03,2.18E-02
17:14:08,8/24/20,6.95,1.04E-02,1.71E-02,-1.96E-03,8.84E-03,32.77354,4.36E-06,-1.10E-06,3.92E-06,100.8972,0.6803839,4.80E-02,1803.555,7.07E-03,0.0293197,5.87E-03,2.43E-02
17:18:08,8/24/20,6.975,3.06E-03,1.40E-02,-7.45E-04,6.65E-03,32.84808,1.27E-06,-4.17E-07,-3.07E-05,100.895,0.6834723,4.80E-02,1802.605,-5.54E-02,3.86E-02,-4.60E-02,3.20E-02
17:22:08,8/24/20,6.966667,-5.80E-03,1.30E-02,2.37E-03,6.60E-03,32.79405,-2.29E-06,1.33E-06,-3.16E-05,100.8985,0.6873299,4.80E-02,1802.592,-5.69E-02,3.72E-02,-4.72E-02,3.08E-02
17:26:08,8/24/20,6.941667,-8.73E-03,2.31E-02,-2.99E-03,8.46E-03,32.85104,-4.20E-06,-1.67E-06,5.43E-05,100.9043,0.6852041,4.79E-02,1801.538,9.74E-02,0.3671465,8.08E-02,0.3047316
17:30:08,8/24/20,6.991667,-1.02E-02,1.53E-02,-2.20E-03,7.75E-03,32.74945,-4.77E-06,-1.23E-06,-2.51E-05,100.9047,0.6787472,4.77E-02,1802.261,-4.53E-02,2.98E-02,-3.76E-02,2.47E-02
17:34:08,8/24/20,6.983333,8.09E-03,1.54E-02,1.45E-03,8.18E-03,32.79739,3.74E-06,8.09E-07,2.42E-07,100.9076,0.6671424,4.76E-02,1803.945,4.36E-04,1.40E-02,3.62E-04,1.16E-02
17:38:08,8/24/20,6.958333,2.31E-02,1.71E-02,-2.10E-03,6.81E-03,32.82074,9.94E-06,-1.18E-06,3.04E-05,100.9049,0.6678792,4.73E-02,1801.9,5.48E-02,4.70E-02,4.55E-02,3.90E-02
17:42:08,8/24/20,6.941667,2.90E-02,1.76E-02,1.49E-03,8.09E-03,32.8418,1.30E-05,8.24E-07,2.90E-07,100.9071,0.6650794,4.72E-02,1804.438,5.24E-04,3.64E-02,4.35E-04,0.0302176
17:46:08,8/24/20,6.966667,7.19E-04,1.49E-02,-4.14E-03,7.67E-03,32.78957,-1.66E-07,-2.31E-06,5.52E-06,100.9132,0.6589677,4.70E-02,1802.459,9.96E-03,3.43E-02,8.26E-03,2.84E-02
17:50:08,8/24/20,6.95,-7.48E-03,1.69E-02,3.59E-04,9.50E-03,32.77298,-3.25E-06,2.04E-07,6.42E-06,100.9135,0.6538275,0.0470515,1803.398,1.15E-02,9.24E-02,9.55E-03,7.67E-02
17:54:08,8/24/20,6.983333,1.00E-03,1.15E-02,-1.75E-03,6.85E-03,32.76527,2.37E-07,-9.78E-07,9.45E-06,100.907,0.655027,4.70E-02,1802.307,1.70E-02,2.94E-02,1.41E-02,2.44E-02
17:58:08,8/24/20,6.991667,-9.20E-03,1.50E-02,-4.58E-03,8.26E-03,32.84002,-4.59E-06,-2.56E-06,1.31E-05,100.8955,0.6563266,4.69E-02,1801.871,2.37E-02,4.22E-02,1.96E-02,3.51E-02
18:02:08,8/24/20,6.975,-2.50E-02,1.99E-02,-5.39E-04,1.21E-02,32.82422,-1.11E-05,-2.96E-07,1.24E-05,100.8951,0.6519461,0.0467961,1800.223,2.23E-02,2.73E-02,0.0185279,2.27E-02
18:06:08,8/24/20,6.958333,1.89E-02,2.00E-02,9.09E-04,8.49E-03,32.84798,8.46E-06,5.03E-07,-3.11E-05,100.9008,0.6543124,4.68E-02,1803.322,-5.62E-02,0.2226899,-4.67E-02,0.1848326
18:10:08,8/24/20,6.966667,1.12E-03,1.26E-02,1.73E-04,9.58E-03,32.79248,5.15E-07,9.49E-08,-2.07E-05,100.8949,0.6566007,4.68E-02,1801.093,-3.74E-02,3.09E-02,-3.10E-02,2.57E-02
18:14:08,8/24/20,6.958333,-1.49E-02,0.0180803,-8.89E-04,7.47E-03,32.77545,-6.69E-06,-4.94E-07,-1.24E-05,100.8939,0.6517509,4.69E-02,1800.975,-2.23E-02,2.98E-02,-1.85E-02,2.47E-02
18:18:08,8/24/20,6.983333,-4.41E-03,1.64E-02,2.64E-03,7.47E-03,32.929,-1.64E-06,1.47E-06,-6.33E-06,100.8857,0.6540754,4.69E-02,1802.494,-1.14E-02,0.1678369,-9.47E-03,0.1393046
18:22:08,8/24/20,6.941667,1.55E-02,0.0263356,8.94E-04,8.83E-03,32.72319,6.97E-06,4.96E-07,-7.07E-07,100.8769,0.6525211,4.68E-02,1803.037,-1.28E-03,3.33E-02,-1.06E-03,2.77E-02
18:26:08,8/24/20,6.95,7.16E-03,2.08E-02,-1.40E-03,8.61E-03,32.78087,2.99E-06,-7.81E-07,-2.44E-07,100.8726,0.6524647,4.68E-02,1801.797,-4.36E-04,3.65E-02,-3.62E-04,3.03E-02
18:30:08,8/24/20,6.991667,-0.0107382,1.49E-02,-1.75E-03,9.26E-03,32.84769,-4.95E-06,-9.80E-07,-1.92E-06,100.8715,0.6504769,4.69E-02,1800.579,-3.46E-03,3.02E-02,-2.87E-03,2.51E-02
18:34:08,8/24/20,6.975,-5.26E-03,0.0226886,1.40E-04,8.12E-03,32.73922,-2.31E-06,7.66E-08,1.23E-05,100.8766,0.6457575,4.68E-02,1801.963,2.21E-02,2.47E-02,1.84E-02,2.05E-02
18:38:08,8/24/20,6.991667,-2.10E-03,1.75E-02,4.60E-04,8.02E-03,32.78935,-8.70E-07,2.56E-07,1.96E-05,100.884,0.6484497,4.69E-02,1803.328,3.54E-02,5.36E-02,2.94E-02,4.45E-02
18:42:08,8/24/20,6.966667,-1.76E-02,1.02E-02,7.47E-04,1.01E-02,32.83872,-7.67E-06,4.22E-07,1.27E-05,100.8943,0.6427121,4.68E-02,1801.314,2.28E-02,4.27E-02,1.89E-02,3.54E-02
18:46:08,8/24/20,6.941667,-1.90E-03,0.0134527,-3.36E-03,9.14E-03,32.79929,-1.23E-06,-1.87E-06,4.28E-07,100.8946,0.6384234,4.70E-02,1803.985,7.71E-04,0.0334,6.40E-04,0.027722
18:50:08,8/24/20,6.95,7.31E-04,1.00E-02,1.55E-03,9.13E-03,32.80647,5.03E-07,8.63E-07,3.63E-05,100.8988,0.6459546,4.69E-02,1801.504,6.54E-02,0.0587154,5.43E-02,4.87E-02
18:54:08,8/24/20,6.958333,1.29E-02,1.70E-02,3.03E-03,8.33E-03,32.793,6.05E-06,1.69E-06,-8.42E-06,100.9002,0.640911,4.70E-02,1800.905,-1.52E-02,3.75E-02,-0.0125946,3.12E-02
18:58:08,8/24/20,6.983333,5.67E-03,1.80E-02,4.13E-04,9.45E-03,32.72597,2.55E-06,2.27E-07,1.87E-05,100.9035,0.6440602,4.73E-02,1802.449,0.0336424,0.1631763,2.79E-02,0.1354363
19:02:08,8/24/20,6.975,-3.71E-03,0.0122679,-8.89E-04,8.76E-03,32.85355,-1.74E-06,-4.96E-07,-1.46E-06,100.8947,0.6446456,4.72E-02,1802.876,-2.64E-03,2.91E-02,-2.19E-03,2.42E-02
19:06:08,8/24/20,6.991667,-5.81E-03,1.50E-02,3.62E-03,7.19E-03,32.78484,-2.14E-06,2.02E-06,-8.60E-06,100.8887,0.6435217,4.75E-02,1803.596,-1.55E-02,4.63E-02,-0.0128756,3.84E-02
19:10:08,8/24/20,6.941667,-1.31E-02,1.82E-02,1.67E-04,8.60E-03,32.81082,-5.76E-06,9.52E-08,-6.10E-06,100.8851,0.6354748,4.74E-02,1802.141,-1.10E-02,2.20E-02,-9.13E-03,1.82E-02
19:14:08,8/24/20,6.966667,-1.15E-03,1.56E-02,-3.78E-04,6.91E-03,32.776,-5.56E-07,-2.10E-07,5.87E-07,100.8739,0.6370684,4.74E-02,1801.234,1.10E-03,3.23E-02,9.11E-04,2.68E-02
19:18:08,8/24/20,6.983333,-7.00E-03,1.40E-02,5.43E-04,8.68E-03,32.73904,-3.03E-06,3.05E-07,-2.67E-06,100.8641,0.6314647,4.74E-02,1798.757,-4.79E-03,1.66E-02,-3.98E-03,1.38E-02
19:22:08,8/24/20,6.95,-4.32E-04,1.57E-02,9.42E-04,7.97E-03,32.77165,-8.44E-08,5.26E-07,9.77E-07,100.8508,0.6332473,4.76E-02,1800.999,1.78E-03,3.49E-02,1.48E-03,2.90E-02
19:26:08,8/24/20,6.975,-3.60E-03,1.60E-02,-6.06E-04,8.90E-03,32.8797,-1.66E-06,-3.37E-07,-1.81E-08,100.8349,0.63471,0.0476819,1801.972,-3.79E-05,2.25E-02,-3.14E-05,1.87E-02
19:30:08,8/24/20,6.958333,3.44E-03,1.49E-02,-1.53E-04,0.0084187,32.84093,1.50E-06,-8.36E-08,3.53E-06,100.8353,0.6370581,4.76E-02,1801.542,6.33E-03,3.86E-02,5.25E-03,3.21E-02
19:34:08,8/24/20,6.966667,-4.78E-03,1.69E-02,-3.49E-03,7.52E-03,32.73937,-2.52E-06,-1.95E-06,2.28E-05,100.8334,0.6397386,4.76E-02,1803.094,4.11E-02,0.0431014,3.41E-02,3.58E-02
19:38:08,8/24/20,6.983333,1.07E-02,1.66E-02,1.44E-03,9.14E-03,32.83217,4.90E-06,8.05E-07,7.11E-06,100.8359,0.6341696,4.77E-02,1801.994,1.28E-02,1.79E-02,1.06E-02,1.48E-02
19:42:08,8/24/20,6.941667,3.15E-03,1.47E-02,-4.58E-03,1.01E-02,32.74362,8.60E-07,-2.56E-06,8.39E-06,100.8396,0.6375051,4.78E-02,1801.7,1.51E-02,3.31E-02,1.26E-02,2.75E-02
19:46:08,8/24/20,6.966667,-6.25E-03,2.04E-02,-1.14E-03,8.18E-03,32.85727,-2.90E-06,-6.38E-07,2.56E-05,100.8445,0.6391328,4.79E-02,1801.144,4.62E-02,6.34E-02,3.83E-02,0.0526204